student_id,dob,gender,nationality
STU4ECE9D,2002-09-13,M,USA
STU0BD148,1997-01-08,Other,Estonia
STU34DF5B,1997-03-04,M,Poland
STU8FD558,2002-01-03,Other,India
STU3E7B3E,2000-09-13,F,Spain
STU2DBAB1,2004-10-22,M,Latvia
STU330376,2002-10-17,F,Germany
STU6EF972,2003-08-07,Other,Poland
STU14891B,1999-03-26,F,Estonia
STU4CD07E,2000-07-06,Other,Poland
STU718B63,2002-11-19,F,France
STU3A44E7,1999-02-14,M,Spain
STU4A56C2,1998-03-18,Other,Latvia
STU8C6EEC,1995-08-01,M,Italy
STU9FC557,1996-12-02,M,Latvia
STU845FFA,2002-05-11,Other,Poland
STU912493,1997-01-05,Other,Germany
STUBD1DA0,2005-01-03,Other,Norway
STUB337CB,2000-05-12,F,Poland
STU56B048,2001-05-17,F,Estonia
STU3396E3,1997-11-28,Other,Poland
STU9A32E4,1995-05-13,F,Germany
STU9E37C1,2002-06-21,Other,Lithuania
STU00C8F8,1996-06-06,F,USA
STU72B1ED,2005-10-15,F,France
STU861CD7,1997-01-08,Other,Sweden
STUE5D4C3,1995-08-18,F,France
STU5A9786,2003-04-07,M,Estonia
STU902D6E,2000-09-16,M,Spain
STUA43BCA,2003-04-13,Other,India
STU5CC47E,2005-01-14,M,China
STU51A1D4,1996-05-11,F,Estonia
STU8C6E60,1997-04-05,F,Norway
STU9A92AB,1996-05-24,Other,Latvia
STUB8427B,2000-09-23,M,Estonia
STU64B05B,2005-08-01,M,Italy
STUF3D21C,1995-12-04,Other,Sweden
STU583576,2002-10-28,F,USA
STUE277B6,1997-01-20,M,Italy
STU90C473,1996-10-05,M,Poland
STU386E7A,2003-03-18,Other,India
STU112BAE,2000-03-08,M,India
STU08CC48,1997-10-15,M,France
STUC00C7D,2004-11-28,M,China
STU36D798,2002-10-11,Other,Germany
STU0C06B8,2004-02-11,Other,USA
STU60D2F5,2000-06-26,M,Poland
STUF0407E,2001-04-26,Other,USA
STUD41BC3,2002-02-10,Other,Germany
STU49032F,1995-08-11,F,France
STU3BB130,1996-05-06,F,Latvia
STUD5DEF5,2002-04-19,F,Germany
STUF485BF,2001-03-12,Other,Poland
STUDDF5BB,2003-09-08,Other,Poland
STU4A2D8A,1997-05-21,Other,China
STUA7E972,2002-12-15,M,China
STUDF36C1,2005-07-23,F,Norway
STUC292CF,1997-05-10,M,USA
STU2F6705,1999-04-21,F,France
STU7AEE5E,2004-08-17,F,Germany
STU40C4CE,2004-07-12,F,Poland
STU670A18,2000-07-25,Other,France
STU25F93F,1998-09-28,Other,USA
STUAA1958,1995-03-20,Other,Lithuania
STU8C9C74,1998-05-18,Other,Lithuania
STUD9420D,2005-05-05,F,Norway
STUBE62A3,2004-07-02,Other,Lithuania
STUC5CA4A,1995-10-10,M,Estonia
STU9E9E16,1996-07-23,F,Norway
STUD66707,1998-08-14,M,France
STU850F11,1997-07-13,Other,China
STUE1C5DE,1997-03-12,F,Estonia
STU56B7F9,1997-01-08,F,China
STU67D958,2004-04-02,Other,China
STUF7EFAA,1996-12-09,Other,Lithuania
STU7AD6A0,1996-11-11,M,Norway
STU8F1B3D,1998-02-23,M,China
STUD22F21,2002-03-27,M,Sweden
STUEB609A,1999-02-09,F,Italy
STU85F732,2001-10-26,M,Lithuania
STU2BA10F,2005-02-17,F,Germany
STUD42DFA,2004-04-07,F,Estonia
STUBEC6CD,2003-12-09,F,China
STU6F5CD8,1999-03-06,Other,Latvia
STU15BF0B,2005-04-27,Other,China
STUFDF37B,2000-10-14,Other,Sweden
STUE90F18,2002-08-26,M,Italy
STU79D31C,1998-10-01,M,Germany
STU0976A1,2001-03-24,F,Norway
STUBB683E,1998-07-11,M,Lithuania
STUC65DF6,1998-03-20,Other,Lithuania
STU9E8B58,2004-01-23,Other,Lithuania
STU708420,2001-05-27,F,Sweden
STU57A3AB,1996-11-10,F,Germany
STU623A5B,2002-09-16,M,India
STU2A62DD,2000-06-09,Other,Lithuania
STU980963,1999-03-21,M,Poland
STU82E367,2001-10-16,Other,Germany
STUF5273A,1995-12-14,F,Italy
STU155459,1999-10-08,Other,Spain
STUFDC354,1999-04-22,Other,Sweden
STU4ED29D,2004-01-09,F,Spain
STU938997,2005-10-28,M,China
STUDE502B,2000-03-17,F,Latvia
STU5AC5A3,1998-06-15,M,Spain
STU08870A,2003-02-08,M,Lithuania
STU1E2433,2002-04-09,F,Spain
STUC544EE,2005-11-07,M,Germany
STU131189,1998-07-10,M,Germany
STUE10278,1997-05-25,F,France
STU33ED51,1995-11-19,Other,Italy
STUED9596,1998-12-27,F,Germany
STUBE9C3F,1995-04-08,F,Lithuania
STU23B251,2000-02-13,M,Germany
STU54AC0B,1998-03-11,M,Lithuania
STUA6FC07,2002-12-03,F,Italy
STU450F92,2000-09-28,F,Lithuania
STU7C1404,2004-05-21,Other,Lithuania
STUCC66F6,1999-03-05,Other,USA
STU32282C,2005-05-11,F,France
STU0F2C98,1996-02-19,Other,Germany
STU025B28,2000-06-28,M,Germany
STU9B94B8,2000-04-17,M,Norway
STUD7D5A7,2003-02-19,M,Spain
STUBB25B6,2000-01-12,Other,India
STUCDDCBF,1998-12-23,F,Estonia
STUF23FC6,1999-02-20,Other,Norway
STU3EFB87,1996-06-23,F,China
STUBB17C8,2000-06-16,M,Sweden
STU67C61E,2001-04-06,Other,USA
STUA0064F,2005-03-09,F,Spain
STU70F86B,1995-07-04,Other,Sweden
STU82BA11,1997-02-22,Other,Latvia
STU6E2C40,2005-06-23,F,Spain
STUE44EB9,2000-03-01,M,Norway
STU1441E9,2001-02-11,M,France
STU9D4618,1997-01-11,Other,Latvia
STU46CE41,2005-07-17,F,USA
STU9CC57B,2005-07-20,F,Norway
STUB33E84,1996-05-07,Other,Spain
STU4FB77E,2001-01-17,M,India
STUE27E4F,2004-01-04,M,Poland
STU05AC1E,1999-07-24,M,Lithuania
STUBF2271,1998-10-05,F,Latvia
STU7AC435,2003-09-18,M,Latvia
STUD45958,2004-04-02,F,China
STUA1ACF9,2001-11-04,F,Spain
STU627303,2003-09-04,F,Latvia
STUDAFAE2,2002-12-18,Other,Italy
STU8F2C13,1996-09-27,Other,Italy
STU2BD067,2001-10-02,F,USA
STU8DE508,1995-11-19,F,Italy
STU9FE7BD,2001-09-18,M,Sweden
STU549DD0,2002-03-17,M,Lithuania
STUB2E3BD,2002-03-23,F,Germany
STUC3B49A,1995-12-21,Other,Poland
STU0D6EFD,2005-11-28,F,Norway
STUC02A17,1997-11-07,F,Spain
STUBC55D1,2000-07-10,M,Norway
STU290710,2003-04-24,Other,India
STU0A630F,1995-09-08,M,China
STU212847,2001-10-15,Other,China
STU37B48A,2004-10-21,Other,Italy
STUDC99AA,1996-11-09,F,France
STU94819C,2004-09-07,F,Norway
STU73C8EF,1996-05-13,F,France
STU020C2A,2004-01-14,F,Latvia
STUCBF539,2003-12-14,F,Italy
STU1A18FF,1996-09-11,F,Poland
STU9FBF92,1996-07-10,F,Sweden
STU1916E9,1995-06-22,Other,China
STU1192BE,2000-07-07,F,Spain
STU25417A,1996-09-02,Other,USA
STUD65275,2002-04-19,M,Lithuania
STU728E91,1995-03-12,Other,Italy
STU9323C4,2001-06-25,M,Spain
STUDFE3D5,2002-12-16,F,China
STU0E1E1D,1998-01-22,M,Poland
STUD92071,2001-08-23,Other,Norway
STU5B56BB,1996-10-26,M,Sweden
STUF404B5,1996-06-10,Other,Norway
STUBF6381,2005-03-01,M,Germany
STU19D792,1999-11-02,M,Italy
STUF2152A,1999-06-11,M,USA
STU004F52,1995-06-10,Other,Lithuania
STUC8973D,2003-12-24,M,USA
STUFD64C2,2004-10-18,M,Estonia
STUFF0ECD,2002-07-21,F,Spain
STU77D344,2003-09-16,M,France
STU5E0327,2001-02-13,M,Lithuania
STU25F0BF,1998-05-08,Other,Spain
STU74FDD5,2005-01-01,M,Estonia
STU4AC7C8,1996-05-08,F,Germany
STUBA1D92,2004-05-20,M,Lithuania
STU80CB1A,2002-12-23,F,Poland
STU31C03D,2002-10-19,Other,Sweden
STUB9E291,2000-05-14,F,Germany
STU24DBC9,2003-10-16,Other,Spain
STU75B849,2000-02-17,Other,China
STU297395,2001-03-05,F,Germany
STU230900,2002-06-21,F,Lithuania
STUB2B984,1995-03-05,M,Lithuania
STU6512CA,1997-04-10,M,Italy
STUB1DDEB,2001-12-15,F,Poland
STUFF9F95,1997-06-03,Other,Italy
STU2B9842,2003-10-24,M,France
STUCBC31F,1996-09-28,Other,Germany
STUEF1BFB,2003-01-11,M,Sweden
STU0BA4A2,2001-07-02,Other,Latvia
STU3BB310,1996-03-07,Other,Germany
STU33A44D,2002-09-18,F,China
STU1E0D6A,1999-08-21,Other,Lithuania
STUDC00E9,2004-09-13,M,Sweden
STU8603B3,1996-06-05,F,Sweden
STU8D22C1,2004-06-27,Other,China
STU16B0CB,1999-05-10,M,Lithuania
STU45D3DC,1997-03-26,F,India
STUD59611,2003-03-09,Other,Latvia
STUA1AB03,2001-04-24,M,Spain
STU99ED9A,2002-04-15,M,France
STU19EF98,2000-01-08,M,Poland
STUF94340,2003-01-23,M,Sweden
STU122F31,2005-07-21,Other,China
STU77BBA3,1996-05-26,M,Estonia
STUF98AE0,1998-11-19,F,Lithuania
STU0F8AAB,2001-02-01,F,Norway
STUEADF24,1996-09-19,Other,Poland
STUB553F1,1996-10-26,Other,Germany
STUE6238D,2000-07-22,Other,Estonia
STU8F977B,1997-05-24,F,Sweden
STUC507CA,2003-09-22,M,France
STUCF34A2,1996-01-08,F,Poland
STU56A221,1999-02-07,M,Latvia
STU507DDA,1996-02-28,Other,USA
STU96DD90,1996-05-01,F,Poland
STU2853BA,1998-03-11,Other,Poland
STU637578,2002-10-22,M,France
STU92F311,1999-08-02,Other,Italy
STU6E14B0,2001-01-19,Other,France
STU68DEB7,1995-07-15,M,France
STU5FEB0B,2005-09-15,Other,Spain
STU734E55,1996-01-07,M,France
STUED5445,2000-07-09,F,Norway
STUE148FD,1997-03-15,F,USA
STU9C0FA2,2002-10-09,M,Norway
STU99C0ED,1999-01-08,M,Norway
STUD6D11B,1999-05-20,Other,Estonia
STUD58E4F,2004-09-15,M,Estonia
STU14770C,1998-04-20,M,India
STUBFBBE2,1998-07-24,Other,France
STU54BF4A,1996-03-27,Other,Sweden
STUB7A7A9,1999-02-01,F,Lithuania
STUBC9212,1998-03-14,F,Italy
STUC0F632,1998-02-23,Other,Latvia
STU865CAD,1995-06-16,F,Spain
STU753F8C,1996-11-27,M,Poland
STUFDC233,1995-09-20,F,USA
STU5ACCCA,2000-05-14,M,Germany
STU07F23D,2000-04-13,M,Sweden
STU8006FD,1999-01-02,F,Norway
STU07D123,1999-09-13,F,Estonia
STU6B51EA,1999-09-13,Other,USA
STU4BBA77,2004-09-19,F,Latvia
STU88DBED,1999-09-03,F,Lithuania
STU2FCF9E,2005-04-13,M,Lithuania
STU7CAB98,1995-08-26,F,Lithuania
STUF89C6E,1996-08-16,M,USA
STU38C1EC,2002-06-19,F,Estonia
STU0A9438,1998-04-27,M,Norway
STU38D17E,2003-02-04,M,Norway
STU28F30E,1996-10-23,F,Lithuania
STU26FD30,1995-05-20,M,Germany
STU11EEA2,1996-05-10,F,Poland
STUBE037A,2000-06-28,Other,Sweden
STU65C724,2002-05-08,M,Spain
STU66523E,2005-11-17,F,USA
STU454B8D,2004-12-14,Other,Italy
STU13F75A,2000-03-08,Other,Poland
STUCC0E1D,2002-11-01,M,India
STU715337,1998-06-08,M,China
STU3A8F47,1995-05-20,Other,China
STUD713AB,2004-10-06,F,USA
STUBD3956,2001-06-07,Other,Sweden
STU362CBA,1996-12-20,F,USA
STU49983C,2002-04-04,F,Spain
STUF6D448,2004-05-25,F,India
STUD4FF52,1997-05-17,F,India
STU70FCCE,1997-04-26,Other,China
STU6EC727,2003-06-28,Other,Sweden
STUAC8D03,2000-11-08,Other,Germany
STU335350,2002-11-26,F,Latvia
STU03FA2C,2002-11-03,F,India
STU1A655A,1996-04-09,Other,Spain
STU6FF122,1996-08-20,F,Norway
STU26A869,1995-07-01,F,Italy
STUE145D6,2003-11-04,F,Spain
STUD8C046,2000-08-20,M,Poland
STUD5A91A,1996-07-05,F,Lithuania
STU21E70E,2001-12-26,Other,Latvia
STU3BC5A3,2004-04-12,F,Sweden
STUD6CD73,1999-07-07,Other,Latvia
STU02B0C0,2004-08-01,M,France
STU643DBF,2005-11-21,F,Italy
STUA1F65E,2002-01-28,M,Estonia
STU8CBA1F,1998-05-22,M,Norway
STU493A06,1996-12-18,F,Sweden
STU53CFFC,2004-03-12,F,Germany
STUE8FA28,2004-11-02,F,Lithuania
STU748FC0,2004-03-13,M,Lithuania
STU7D4BEB,1995-11-03,M,USA
STUC4216C,1995-02-27,F,Sweden
STUB34D02,1996-07-03,Other,Norway
STUAB6C14,1998-09-09,F,China
STU32C139,2004-11-17,M,Germany
STUAA06C8,1996-04-01,M,USA
STUCEB8CC,2003-09-05,Other,China
STU72712F,1998-09-28,F,USA
STU09098C,2001-10-20,M,China
STUB31D58,2005-11-23,Other,Sweden
STU745179,2002-03-07,Other,Spain
STUA766C6,1996-01-09,Other,France
STU202E90,2003-02-16,Other,Norway
STU162DED,2005-04-21,F,Italy
STUE50EC8,2000-12-14,M,Estonia
STU993D20,1997-03-03,Other,Latvia
STU038699,1997-03-01,F,Spain
STUB151E0,1996-09-24,F,France
STUA601C2,1996-08-13,M,USA
STUF581F4,2005-11-23,M,Lithuania
STU9AF16B,1997-04-14,F,China
STUCD6FA6,1996-12-21,F,Estonia
STU1C564E,1998-07-17,M,Italy
STUB1A2E7,2005-10-19,M,Sweden
STU4B30BF,2002-07-09,M,Spain
STU78818E,1997-04-26,Other,USA
STU671283,1996-12-19,Other,Spain
STU6D81A5,2005-03-11,M,China
STUF11959,2003-03-21,F,China
STU1DCBAB,2002-02-06,F,Estonia
STU81A9C0,1998-08-19,F,Estonia
STU583BB5,2004-10-11,M,Germany
STU76FB66,2000-03-20,F,China
STUBAFB85,1999-05-10,Other,Latvia
STU506A88,1999-04-26,Other,USA
STU790DA8,2001-12-24,Other,Sweden
STU9F69AD,2003-02-28,M,Poland
STU0CEF6C,1999-04-08,M,Sweden
STUA1C406,1999-01-20,Other,Latvia
STU6EF3A8,1995-06-18,F,Norway
STUEB663A,1996-06-11,Other,Italy
STU477ADC,2004-11-22,Other,Lithuania
STU980E25,2005-07-23,M,China
STU35F344,2002-09-16,Other,Lithuania
STU49AFC1,1997-06-19,M,India
STUFEC5D3,1997-01-23,Other,France
STU8AEFDC,2001-04-15,M,Poland
STU1C36D5,2001-03-24,F,Sweden
STU903039,1995-04-05,M,Italy
STUFFAAB5,2003-05-03,Other,China
STU04B87D,1995-03-20,F,Italy
STU94C476,2005-10-19,Other,Norway
STU434A13,2002-04-24,F,China
STUE77CE2,2004-04-20,F,Norway
STU3DC8AC,2004-06-25,F,Poland
STUA1B1AD,2004-11-27,M,France
STU85C6AC,2002-05-22,M,Poland
STU33547B,1996-08-22,M,Sweden
STUFFF768,2002-01-07,Other,Latvia
STU39082D,2001-03-12,F,USA
STUACD8AE,2002-07-04,M,Germany
STU54F194,2000-09-10,Other,Germany
STU27B028,1998-04-01,M,Latvia
STU1F1720,1995-06-13,M,Lithuania
STUFD394C,2003-12-05,Other,Germany
STUFE02BC,2005-05-21,Other,Germany
STU54CC23,2003-08-08,M,China
STU36F806,1996-01-16,Other,India
STU2BB495,2003-09-07,M,Germany
STUBA40DA,2005-08-08,Other,Sweden
STU83FAF3,2000-05-18,F,Germany
STU521FDE,1997-01-16,M,Lithuania
STU7225FA,1996-10-15,M,Latvia
STUEFA4BE,1999-03-18,F,France
STU854BB7,2005-02-14,Other,India
STU667E58,1997-08-20,Other,Sweden
STU5C983D,1998-11-13,F,Poland
STUEEB7D8,1997-10-24,Other,Italy
STU747DB2,2000-06-03,Other,India
STUA033A0,1995-01-12,M,Lithuania
STU99A81D,2003-02-20,F,India
STU08ACEF,2003-05-23,M,Germany
STU287D1C,2001-03-07,Other,Lithuania
STU82C3F7,1995-04-14,M,Norway
STU141F41,1997-03-08,F,Lithuania
STU0CCB26,1997-12-21,Other,Spain
STUE87328,1995-12-07,Other,France
STU397D42,2005-03-27,Other,France
STU7ED511,1998-08-11,M,Estonia
STUC94EB6,1996-07-25,Other,Germany
STU8627E4,2003-01-28,Other,Poland
STUD88DB5,2001-12-13,M,Poland
STU28D882,2001-07-20,F,Latvia
STUE81B93,2002-12-22,F,Lithuania
STU87415B,1998-04-28,M,France
STUB278A7,2000-05-09,M,Lithuania
STU609018,2001-02-14,F,France
STUB16A78,2004-08-01,M,USA
STU4FC070,2003-05-10,Other,Italy
STU915007,2003-01-04,F,India
STU52A89D,2005-02-16,F,France
STUA41DBC,1997-10-14,Other,Germany
STU4D3D1B,2003-01-19,M,France
STUB61B2A,1996-02-12,M,Italy
STU0319F3,1995-11-20,F,Estonia
STU6EF9A6,2004-12-14,M,India
STUE4D8A9,1998-02-11,M,India
STU6F0143,2000-06-06,Other,Spain
STU49221B,1997-03-22,Other,Lithuania
STU44985B,2000-09-27,Other,Spain
STU2CFD10,2002-11-15,Other,France
STUBDAB75,1998-06-09,Other,Lithuania
STUEE6385,1999-08-13,M,Italy
STU01F235,2005-04-20,F,Lithuania
STU78CC74,1996-02-04,F,China
STU622773,1997-06-11,Other,USA
STUA3DB8B,2001-03-15,F,India
STUEBBF15,2003-09-18,M,Sweden
STU9AE66D,1995-04-03,F,France
STUE53488,2003-10-01,M,Lithuania
STU3BAB6E,1999-06-26,Other,China
STU0CB45A,2003-01-23,Other,Norway
STU86CF03,1996-09-14,M,China
STU1DD197,1999-03-06,Other,Spain
STU997B8A,2000-12-11,Other,China
STU115C72,1999-11-24,F,Estonia
STU51C69F,1997-01-11,Other,China
STUCC9E5D,2000-10-14,F,Italy
STUB54BF6,2002-08-20,Other,Poland
STU827379,1996-11-07,F,Estonia
STU2F91F3,2003-04-01,Other,France
STUFFF26A,2000-08-14,M,Norway
STU86ECBA,1999-06-25,Other,Poland
STU4985EF,1996-07-01,Other,Estonia
STU2C67B8,2000-09-19,F,Lithuania
STUA8A9EF,1996-06-22,M,Germany
STU0392C9,1996-04-07,F,India
STU8D9167,2003-10-25,F,Lithuania
STU217963,1995-09-07,F,Norway
STU8A9EA3,2001-11-24,M,Germany
STUD5B928,2005-09-21,Other,Latvia
STU54DFE7,2004-10-24,M,Lithuania
STU7261AD,2005-08-09,F,Poland
STU720789,1996-12-08,Other,Estonia
STUFC5681,2004-11-16,Other,Estonia
STU60DDBE,1997-08-04,Other,Italy
STUBD9573,2001-01-26,M,Spain
STU2DCAEF,2003-11-16,Other,Latvia
STUC32905,2003-11-12,M,Latvia
STU1B7B15,2000-12-21,Other,Estonia
STU3332FD,2003-07-17,Other,Poland
STU53A384,2003-05-25,M,Estonia
STU72DACB,2002-07-23,M,Lithuania
STU3E3C78,2004-01-21,M,Norway
STUBF4B1B,1998-08-19,F,Estonia
STU01FB87,2004-10-28,Other,USA
STU814AFD,1999-05-11,F,USA
STU911A2B,2005-11-09,F,France
STUD63412,1996-01-15,F,Estonia
STUD732FE,1997-12-14,M,Sweden
STU4657D6,2005-06-10,Other,Spain
STU7E76EE,1999-08-27,F,Estonia
STUD2503E,1996-12-13,M,China
STUB83496,1999-04-11,Other,USA
STU43ECAA,2003-04-20,Other,Italy
STU758B0E,2005-11-23,Other,India
STU0A7B47,1995-08-26,Other,India
STU1DC1E0,2004-07-12,Other,Italy
STU6D9FB6,2002-09-25,M,USA
STU6364D0,2002-06-14,Other,China
STUB03C15,2003-02-13,F,Latvia
STU6D1F3F,1999-04-10,Other,Lithuania
STU763214,2002-12-07,M,Norway
STUCFC06E,2005-11-04,Other,Norway
STU1A3851,2002-07-04,Other,USA
STU101674,1998-06-22,M,USA
STU171FD3,2005-01-16,Other,Latvia
STU6A7345,1998-07-19,M,Germany
STU24AC4E,1998-04-23,Other,Latvia
STU8D0A4C,2000-05-01,M,Spain
STUF6224C,2001-10-19,Other,Italy
STU9C4C83,1997-09-11,Other,China
STU104FB1,1995-12-06,M,Poland
STU7A836A,1997-11-26,F,Italy
STUD87F79,1998-03-15,M,Italy
STUE6A622,2005-12-11,M,France
STU9A568F,2004-08-05,F,Estonia
STU7C6331,1995-04-05,M,Spain
STU9593A4,1999-08-16,M,France
STU18F74D,2001-10-11,M,Estonia
STU947AF9,1998-12-12,F,Italy
STU3BFD28,2000-12-15,M,Germany
STUE4E393,1995-01-14,M,Norway
STUEC4145,1999-02-07,F,France
STU8405DC,1999-06-19,F,China
STU3BD478,2002-07-04,M,Poland
STU3104FD,2003-10-08,Other,Estonia
STUC37D9E,1996-11-05,F,USA
STU1AB032,1995-07-11,M,Norway
STUE21500,2001-02-05,M,Germany
STU6466A9,2003-11-08,Other,India
STU965F65,2005-01-12,F,France
STU5F7FC6,1999-07-18,Other,Italy
STUC1B22D,1998-11-01,F,Italy
STU9CF3C6,2000-06-26,F,Estonia
STUFF5DA6,2000-01-05,F,Spain
STU5313DE,2000-07-01,F,Norway
STUCF1B54,2002-09-20,Other,France
STU191E20,1998-04-21,M,Norway
STU797D2D,2001-04-19,Other,Estonia
STUC4737F,1995-05-22,F,Lithuania
STUFF48F4,1995-09-06,Other,India
STUD1EE5C,1998-07-19,F,India
STUFE25D7,2005-03-14,Other,Lithuania
STU855DDB,1997-11-06,M,Lithuania
STU17B710,2004-08-12,F,USA
STUB94316,1995-07-04,F,China
STU832640,2004-01-14,Other,Norway
STU376435,1995-12-03,F,USA
STU0FDE70,1996-03-02,M,Spain
STU9EEF3B,2004-04-09,F,Estonia
STU0CB3C2,1995-08-14,Other,Norway
STUF0CF25,1997-02-13,M,India
STUB9C86A,1996-09-21,M,USA
STUF124A1,1998-11-27,M,Estonia
STU7ADFBD,2005-02-24,Other,Germany
STU60AEE6,2004-07-26,Other,Estonia
STU30B27E,1997-02-01,F,Spain
STUADC104,1995-08-03,M,Germany
STU625996,2001-01-28,M,Latvia
STU88E207,1997-03-17,M,USA
STU17BDD3,2002-08-24,F,Germany
STU90D889,2002-01-11,F,Estonia
STU64E025,2003-06-16,Other,Latvia
STU860AF3,2003-08-26,M,Latvia
STU0AA214,1997-01-13,M,Germany
STUF71449,1997-12-22,Other,India
STU449953,1995-02-06,F,Estonia
STU903786,2003-01-10,F,Sweden
STU8E8454,2001-06-17,Other,Italy
STU8934A9,1997-12-09,F,Sweden
STU518426,1995-10-14,Other,Lithuania
STU17C69D,2005-07-27,F,Norway
STUAE77F3,1997-12-21,F,Italy
STUE94118,1997-06-15,M,Norway
STU5BB000,2003-08-23,F,Norway
STU8D0A94,2002-09-18,F,Lithuania
STU6A308F,2002-01-26,Other,India
STUB61818,2004-05-14,F,Norway
STU89A17A,2002-08-25,M,Sweden
STUF0C425,1996-03-20,Other,Latvia
STUECB6DF,2004-08-05,Other,France
STU5AAF41,1997-07-17,M,China
STU94F343,2004-03-17,M,Sweden
STU082F21,2005-12-03,Other,USA
STUB9D2D1,2001-05-04,F,Lithuania
STU9132FC,1995-06-07,F,Poland
STUE3EFB8,2005-09-14,M,Italy
STUD9BA42,2001-12-23,F,Latvia
STU6D04F8,2003-01-26,M,Poland
STU334D6B,2005-07-13,F,Norway
STU4D2980,2004-06-21,M,Germany
STU9BDC1E,2002-10-17,M,Poland
STU64EDB0,1997-05-05,Other,USA
STU432C0E,2000-04-12,Other,USA
STU9F3140,1999-02-27,F,China
STU173130,1995-02-19,Other,Poland
STU2CB06F,2004-09-22,F,Latvia
STUB08E49,1995-09-15,M,India
STU325F12,1996-08-01,Other,Latvia
STU36616F,2005-07-16,M,Italy
STU4AA39D,1997-01-16,F,USA
STU761169,1996-12-02,F,France
STU4D020F,1995-05-08,M,Sweden
STUA0C4D5,2003-10-12,Other,Norway
STUD40D37,2004-07-15,Other,Germany
STUCEB1D4,2005-05-14,M,USA
STU3273CB,1995-06-03,M,Lithuania
STU957C90,2004-01-02,Other,Norway
STUC59B7A,1995-02-16,Other,India
STU232DFF,2000-01-24,M,Lithuania
STUE4DCF3,2000-01-05,F,USA
STU302B9B,1999-10-16,M,USA
STU5E1080,2005-04-23,Other,Estonia
STU7B520F,1997-01-03,M,USA
STU9A2703,1997-10-16,F,Estonia
STUE2FD1B,2004-08-09,Other,Norway
STU5B4578,2005-12-21,Other,Italy
STU905833,2005-04-28,Other,Sweden
STUED35D0,2000-10-28,Other,Norway
STUFCC339,1999-05-27,M,Italy
STUF8A6F0,1997-07-22,Other,USA
STU3987AF,2004-12-09,Other,USA
STU398699,1997-01-10,M,Sweden
STU107A0A,1999-02-12,Other,Spain
STU666706,2002-05-02,Other,Italy
STU7AC7A7,1996-04-08,F,China
STU15E226,2004-04-28,F,China
STUECD390,2001-07-24,Other,China
STU231C38,2005-10-15,F,Latvia
STU780A47,1996-12-22,F,China
STUCD8025,1995-09-11,F,Norway
STUECA968,1996-08-10,Other,USA
STUA9BA56,1995-06-17,F,Estonia
STU2C502B,2001-09-17,M,France
STU63413A,1999-10-20,M,Latvia
STU7156EF,1995-04-27,F,Latvia
STU2F25A3,2001-03-10,Other,Lithuania
STU3BF40C,2005-06-15,F,France
STUBB86E6,2000-01-19,Other,Estonia
STUF6A5EF,2003-07-07,M,France
STU643943,2000-04-11,M,Norway
STUC7747F,2004-02-04,M,Poland
STU58D25D,1995-12-17,F,China
STUF5872F,1996-09-09,F,USA
STU03CFD1,2001-09-20,Other,USA
STUAB6844,2000-10-08,M,Poland
STU025512,1998-06-27,Other,Sweden
STU79E619,1996-09-22,M,Lithuania
STU68A04E,2005-08-24,Other,Spain
STU7215DD,2005-05-23,Other,Lithuania
STU75CD12,1995-03-05,Other,Sweden
STUDE87E9,1999-03-12,Other,Norway
STUD58106,2005-03-01,F,Italy
STUBC716D,1999-09-27,M,Estonia
STU6CED53,2003-08-26,Other,Poland
STUDA2A98,2004-03-03,F,Norway
STUFEB304,2005-05-20,Other,Latvia
STUE42F50,1999-08-10,F,Lithuania
STU8D6376,1999-03-19,M,Norway
STUD9C7A6,1996-08-24,Other,France
STUD0BC8F,2005-08-26,M,Poland
STU0312B0,1999-07-03,F,Germany
STU935CF8,2002-06-18,M,China
STU15CE08,1999-06-26,M,Estonia
STU344A10,1997-07-15,F,Estonia
STU6D35AB,2003-09-21,Other,Norway
STU18DEB5,2004-09-17,F,Norway
STUA703DA,2000-05-09,F,Latvia
STU686365,1999-08-25,F,Poland
STU955380,1998-05-01,M,Estonia
STU7D4E7E,1997-12-19,Other,Spain
STUCCAB6B,2001-01-23,F,Estonia
STUD76E68,2001-03-23,F,Italy
STUFE5DB7,2005-02-23,Other,Spain
STUA54C63,1999-07-08,Other,Estonia
STU535103,1995-02-05,F,Latvia
STUBF82D3,1999-05-16,Other,Spain
STU9D93F7,2001-12-26,Other,Italy
STU262D24,2001-02-03,F,Sweden
STU5F391F,2003-07-05,Other,Germany
STU8BBDEB,1998-01-26,F,Lithuania
STU130DF5,2005-07-11,Other,France
STU395F66,2003-01-28,F,Spain
STU4BDC97,1996-07-02,M,India
STU32A96A,1997-08-21,F,Spain
STU2D418D,1998-01-07,F,USA
STU6A7867,1997-11-23,F,Poland
STU6BE537,2003-07-21,Other,Germany
STU1A16F2,1999-05-15,F,Sweden
STU553706,1998-02-26,M,Germany
STU894806,2005-02-07,Other,India
STU4A4C75,1995-08-18,M,Latvia
STU0C616E,2002-09-25,M,Sweden
STU6B55A7,2001-02-11,Other,France
STUF3419C,2000-10-28,Other,Italy
STU203224,2003-07-13,M,Italy
STU1A488F,2001-06-23,F,Poland
STUB3A100,2003-01-06,Other,Latvia
STU6360BC,2005-09-06,F,Germany
STU8061B3,1996-03-22,Other,India
STUADFF59,2003-07-14,Other,Lithuania
STUBCD765,2000-10-09,F,Estonia
STU949DD7,2004-09-25,F,Germany
STU3AACCE,2003-09-06,Other,Latvia
STUED3143,1999-08-02,F,Germany
STU2A381F,1995-04-03,Other,Spain
STUB9CD76,2005-03-27,Other,Latvia
STU17AEB5,2003-08-03,Other,China
STU19091E,1997-04-24,M,Lithuania
STU425D2F,1998-07-13,Other,Sweden
STU312217,1999-03-26,F,India
STU8D4A16,2002-09-13,M,Sweden
STUD48992,2003-12-22,F,Germany
STUAC70D0,2002-03-17,F,India
STUEAF422,2001-01-24,M,Germany
STUBB1A38,1995-09-16,F,Latvia
STUB1728E,1998-05-15,M,India
STU412050,1995-07-06,Other,Latvia
STU0B8EDF,1998-04-09,Other,USA
STUEE9DB9,2000-11-23,F,Norway
STUF8D2F4,1998-06-14,M,Spain
STUFC5641,2005-03-28,F,Norway
STUAB3623,2005-12-25,M,Lithuania
STU28A96F,1999-06-07,F,Latvia
STU29BC87,2000-12-19,F,Spain
STUEFEA4E,1995-03-25,F,Spain
STU2D2964,2005-11-27,M,Germany
STU6013EE,2003-06-27,F,Lithuania
STU370E42,1999-12-06,F,Lithuania
STU3AAEC8,1997-06-11,F,France
STU1CC909,2001-09-20,Other,China
STU3C07AB,2005-04-19,F,Norway
STUE5A8C5,2005-01-10,M,Poland
STU43F122,2001-08-18,Other,Poland
STU4C9CA5,2000-10-14,Other,China
STUA5F4F8,1999-07-28,Other,Norway
STU91EEC8,1998-09-13,F,Sweden
STU8C6754,2004-01-10,F,Latvia
STU008BEA,2005-05-24,Other,Sweden
STUE2EE2D,2002-12-08,M,Germany
STUAFBCF1,1997-10-28,M,India
STUE8D129,1997-05-18,Other,Italy
STU4333F6,2000-09-15,Other,Norway
STUACC595,1995-01-22,F,Germany
STU39C926,1998-11-20,F,Italy
STUEE8414,2004-10-22,F,Germany
STU4B22CD,2001-05-02,F,Sweden
STUCE75F1,1995-11-18,Other,Italy
STUF17DD9,1998-01-03,M,India
STU681BFE,1995-04-28,M,Estonia
STU20109F,2003-01-23,M,Spain
STUB50318,2003-08-03,F,Germany
STU57504C,2003-04-08,F,Sweden
STU711BFD,2003-10-02,F,Latvia
STU9FCAB7,1996-01-18,Other,Lithuania
STU2BE47B,1996-06-27,M,Spain
STU083906,2002-05-27,M,Italy
STU95FE2A,2001-08-01,M,USA
STU85C387,2005-08-16,M,Latvia
STU057F65,2002-02-11,F,Italy
STU07DF48,2004-07-22,Other,Italy
STU9F54FD,2002-12-19,Other,France
STU82D75F,2000-08-11,Other,Italy
STU78FA47,2004-10-12,F,Lithuania
STUBD576F,2000-06-21,M,India
STUA706A6,2005-07-05,Other,India
STU6F4417,2005-02-15,M,France
STUAA35E0,2003-06-27,F,Poland
STU510DF3,2003-04-20,F,Germany
STUBDA6A6,2000-03-24,Other,Italy
STU03C27E,1997-01-15,Other,China
STU07CD6C,2003-11-17,M,China
STUE8EE00,1996-07-21,F,Poland
STU8B74DB,1996-10-21,Other,Germany
STUCF38D4,1996-05-27,F,Norway
STU341455,1999-12-10,F,Germany
STU9F36BF,1995-04-02,Other,Germany
STU7A037A,2002-11-13,Other,France
STUD83CE5,2002-04-01,Other,India
STUD20717,2003-03-10,M,Spain
STUA6FF56,2000-11-28,M,Germany
STUDA01A7,1996-03-24,F,France
STU1C228F,1995-12-23,M,Estonia
STU2C0ECC,1998-07-08,F,USA
STU384320,1995-10-09,M,Germany
STUA30D2A,1996-09-02,F,India
STU84361F,2005-03-12,F,Estonia
STUD54868,2000-10-19,M,India
STUE8EAF8,1995-05-27,F,Estonia
STUC69B91,1999-02-05,Other,Spain
STU703536,1997-06-10,F,Lithuania
STU34F880,1996-09-20,M,China
STU55CF2D,1996-04-26,F,India
STU63CB8D,1998-05-26,Other,India
STU5E9DB1,2000-08-03,M,Spain
STU67DCBD,2004-11-20,F,India
STU117F21,1997-08-14,Other,Sweden
STU0E97AF,1996-03-16,M,France
STU000305,1997-02-25,M,Germany
STU50079C,1995-03-20,M,India
STU591FB2,1998-09-03,M,Lithuania
STUB836A9,1996-05-19,F,Latvia
STU21B9F5,1995-03-20,Other,Estonia
STUE89DCF,1995-09-18,Other,Latvia
STUA07185,1996-10-13,Other,Sweden
STU251AB1,1999-06-06,M,Poland
STU6720B8,2004-02-22,Other,Estonia
STU94F6EC,1995-09-05,M,USA
STU382B6D,1998-04-11,F,Latvia
STU848EF0,1998-02-15,M,Spain
STU7FDA1A,2001-11-13,F,Lithuania
STU789C82,1999-12-23,M,Norway
STU1CB2C8,1996-01-28,Other,Spain
STU90693F,2003-10-03,Other,Poland
STUE8D6CF,2003-08-10,M,Italy
STU592823,1995-02-08,Other,Spain
STU58810F,1997-01-25,M,France
STU085E3C,1999-10-12,F,Lithuania
STU682619,2002-02-09,Other,Norway
STU05C9B5,2001-06-02,Other,Norway
STU64C800,2002-06-25,Other,Germany
STU9D8857,2000-12-28,Other,Norway
STU2C5669,1997-04-03,F,China
STUFDF72B,1998-02-13,M,Spain
STU21D1C3,2005-08-21,Other,India
STU74387F,1996-02-21,Other,India
STU8BC598,1995-06-25,Other,China
STUF0ECA7,2002-01-07,Other,Estonia
STU242553,2001-04-02,F,Sweden
STU31A056,2002-01-01,F,Estonia
STUA458CF,2004-05-13,Other,Sweden
STU7AAC9F,2001-11-20,M,India
STUF943E8,1997-04-07,Other,Norway
STU961513,1995-01-16,M,India
STU0FD6DF,2005-06-17,M,China
STU4BD4D6,1995-10-16,M,France
STUD0D304,2005-01-18,F,Spain
STU8B1404,1998-03-07,F,Spain
STUF0B7BC,1995-07-11,Other,China
STU5C38EC,2002-05-10,Other,Latvia
STU1767E9,2003-09-07,Other,USA
STUA878D3,1997-04-15,F,Estonia
STU3105D3,1995-10-16,M,Germany
STU5F0C5C,2003-06-18,Other,Germany
STU71E009,2005-06-18,F,India
STU13868B,1999-06-11,M,Spain
STUB29643,2004-02-19,F,China
STU01EA3A,1995-04-10,Other,Germany
STU2FE97D,1998-07-16,Other,Latvia
STU697C8E,1998-09-23,F,Spain
STU51F4F1,2001-10-27,Other,Spain
STUC697FF,1997-04-18,M,Lithuania
STU3574FE,1999-12-08,F,France
STUF01288,2002-06-17,F,Sweden
STUC6E4B4,2001-05-17,F,India
STU751EF4,2002-12-09,M,Sweden
STU9F81A7,1998-08-25,M,Germany
STUEBBBEF,1995-07-08,M,Norway
STU4325F3,2000-06-06,Other,Norway
STU47D530,2002-07-02,M,France
STU80E967,2000-09-10,M,Latvia
STU06AB4B,1996-02-24,F,France
STU3D4517,1996-06-15,M,Latvia
STU758EBB,1996-12-10,Other,Spain
STU714786,2001-02-03,F,Latvia
STU684FDB,2001-02-04,F,Sweden
STU1DE745,1995-04-13,M,Poland
STUEFB7B8,2003-10-06,F,India
STU852B70,1995-06-11,F,India
STU95669F,2005-05-13,F,France
STU9701F8,1997-12-13,Other,Spain
STU00D83B,2001-09-25,F,China
STU9271C5,1998-08-15,M,France
STUDE2C59,1995-04-10,Other,France
STU4BDBC0,2005-11-11,F,Italy
STU2462C8,2004-06-22,F,China
STUC44D4F,2001-01-01,M,Lithuania
STU4BAE44,1996-02-20,F,USA
STU056062,1997-03-16,M,Spain
STU909608,2003-07-26,Other,Norway
STU632E1E,1999-11-05,Other,Poland
STUCF396A,2005-12-25,F,India
STUB62482,1998-07-26,Other,Spain
STUE8AF80,2003-06-22,M,Estonia
STU066F2E,2000-11-21,F,Lithuania
STUBDB433,2004-04-09,M,China
STUABE47D,2004-10-03,F,USA
STU3A0727,2000-01-18,M,Poland
STU99C305,1998-07-26,Other,China
STU807B9B,1999-01-08,F,Latvia
STU37C9FE,2005-05-18,F,Spain
STU75A675,2002-08-02,M,India
STUE1FE4C,2001-03-26,F,Estonia
STU8A4BBF,2000-12-22,Other,Italy
STU2C65EB,1996-05-26,M,Estonia
STU5A808B,2000-05-10,Other,India
STU1CCAE2,2001-07-19,F,France
STU0636FF,1997-02-24,Other,Norway
STU4BF8AB,2000-07-05,F,Italy
STUBCE668,1997-09-01,M,Poland
STU7235DC,2001-12-23,M,USA
STUA2CA62,2002-04-09,F,Norway
STU1E7FFE,2004-11-26,F,India
STU49B0AE,2000-10-06,M,Italy
STUCCD1EE,2005-02-27,F,India
STU3DB501,1998-09-08,M,Sweden
STUF3CB41,1999-12-17,Other,Norway
STUC11E36,1996-11-22,M,Lithuania
STU382266,1996-08-01,F,Latvia
STUC5BF0A,1996-03-22,Other,Estonia
STUDF4D7C,1999-11-21,F,Norway
STU5EA06A,2001-02-24,Other,Spain
STU88BFE4,1995-05-28,Other,France
STU93D99C,2003-05-03,Other,France
STU930EF2,1997-11-23,Other,China
STUFD0B8F,1998-06-23,F,China
STU5E9804,1997-09-07,Other,Spain
STU1D8B94,2002-03-22,Other,China
STU5C2640,2002-12-12,F,USA
STUFA8181,2002-10-18,M,USA
STU468FCA,1998-01-05,F,Italy
STU2C6FC9,2001-05-21,F,India
STUDC4ACE,2002-02-27,M,Italy
STU2070DE,2003-09-05,Other,India
STU0E620D,1996-09-28,F,Lithuania
STU7BCF32,2005-09-26,Other,France
STU1F9945,1996-12-01,F,India
STU35EF84,2004-02-04,F,Poland
STU0CDA72,1996-05-13,F,France
STU5A12B2,2001-12-21,M,Poland
STU39595D,2004-09-08,M,China
STU7AD6E1,2004-08-12,F,Germany
STUDE22FC,1999-08-07,Other,China
STU8AD67F,2005-09-18,Other,China
STU69A749,2000-12-06,M,Norway
STU9F7952,2005-08-10,Other,USA
STUC00E11,2002-08-01,M,Norway
STUA949B6,2003-09-04,Other,Germany
STU3E1229,2000-04-06,F,Poland
STUAA3266,1997-02-25,Other,India
STU5C6AD5,2003-01-18,M,China
STU801993,1997-07-16,Other,Estonia
STU3F99C6,1995-10-14,Other,Sweden
STU7176E5,2001-12-01,M,Latvia
STU8F8872,2001-06-24,M,Latvia
STU7532B8,1998-10-21,F,Norway
STU1D8FD2,1996-07-10,F,China
STUB99144,2005-09-05,M,China
STU001C1A,1995-01-07,Other,India
STUAC7808,2002-01-27,Other,Estonia
STU907FA9,1995-08-02,M,Norway
STUF4A01B,2003-01-17,Other,Latvia
STUEE961E,2001-12-23,F,China
STUCBFCDC,2004-04-06,M,Norway
STUE66E6E,1995-10-17,M,France
STUC767F1,2003-05-20,M,USA
STU872B4D,2001-08-24,F,Latvia
STUC723C1,2002-07-22,M,Estonia
STU18F054,2001-06-02,F,China
STU65CE04,1999-11-28,F,China
STUDD6221,2000-07-11,F,Germany
STU008CF6,2001-08-13,F,USA
STU511CCC,1999-02-25,Other,Latvia
STUC43B00,1997-09-04,F,Estonia
STUEB98CE,1999-08-16,Other,Italy
STU6D5E3D,1995-01-07,F,Italy
STUCED726,1997-03-02,M,Sweden
STU448E00,1997-07-20,M,Lithuania
STU76E5D7,1998-03-28,Other,Sweden
STU463B2A,2005-05-12,M,Italy
STU4AF616,2002-04-08,M,Estonia
STUE7C898,1995-08-25,F,China
STUA3838E,1995-12-13,M,Italy
STU4ACAB8,1996-07-17,F,Germany
STU7BA658,2005-03-09,F,Sweden
STU44DB3A,2002-06-04,M,Italy
STU53F1AC,2003-04-16,Other,Estonia
STU2AD7AA,2004-01-02,Other,China
STUA58862,2000-04-13,Other,China
STUDEEECE,2001-10-07,M,Germany
STUB50A57,2002-07-08,M,France
STUB1432D,1997-03-18,F,India
STU82B60E,2001-03-25,Other,Spain
STU5975D4,2002-03-26,M,Norway
STUB5269C,2005-03-06,F,China
STU6F9542,2004-04-04,M,Spain
STU4E128B,1998-12-16,Other,India
STUC7D985,1995-01-18,Other,Estonia
STU4DD49D,1999-03-21,M,France
STUB8B453,1995-04-24,F,Lithuania
STU27FFB9,1999-04-07,M,China
STU06DB14,1998-11-04,Other,USA
STU656D2A,2003-09-07,Other,France
STU453F0B,2000-07-21,M,Germany
STUFF9123,2000-11-16,Other,USA
STU8FE642,1995-05-15,M,Norway
STUC6E39E,1996-10-17,Other,USA
STU956B9C,2005-06-25,Other,USA
STUCAAE85,1996-08-14,Other,USA
STUAFE5A6,2001-09-01,Other,USA
STU355CF0,2001-05-12,Other,Italy
STUC368F5,1999-05-24,Other,Germany
STU5648AA,1996-06-16,Other,India
STU8A7E28,2003-04-15,Other,USA
STUEF6E06,1997-07-10,M,Italy
STUF6FA9A,1998-12-05,Other,Norway
STUDA3F1E,1998-11-20,F,Latvia
STU571B38,2003-06-20,M,France
STU7F7EFA,1997-09-18,M,USA
STU5ABD2B,2004-01-08,Other,Norway
STU7FA96D,2004-10-15,Other,USA
STU2E549F,2003-04-22,M,Poland
STU110A33,2000-01-08,M,Poland
STU2D0F71,2004-09-12,Other,USA
STU3AD60E,2001-06-26,F,China
STUA7C9B6,1996-11-22,Other,Lithuania
STU622C67,1997-06-01,F,Sweden
STU0E399F,2001-12-21,Other,Sweden
STU54A6D3,2005-11-25,M,Sweden
STUDF454F,2005-08-08,F,Norway
STU616DAA,2001-08-03,F,Estonia
STUF430A0,2004-11-18,F,Spain
STUC480B9,1997-09-19,F,India
STU041245,2004-02-24,M,Spain
STU2906BF,2003-06-06,F,Germany
STUF5502A,2002-07-06,M,Poland
STU5A0124,2000-06-19,F,Spain
STUA14FED,2005-08-10,M,Estonia
STU960DE6,2005-07-08,Other,Estonia
STUE15E50,1999-10-11,Other,France
STU45BF15,1995-04-18,Other,Italy
STU9B027F,2000-12-10,F,Italy
STUC10A9B,2001-11-21,F,Spain
STU5BEA59,1996-08-02,Other,Norway
STU2BE3A4,1998-01-02,M,India
STU0F38F9,1996-01-22,M,India
STUEA00C4,2002-04-13,Other,Sweden
STUC1E2DA,1998-11-24,M,Italy
STUE59C0D,2001-11-26,F,Spain
STU180F6A,1997-03-24,M,France
STU94DEBE,2003-08-09,Other,Spain
STUD350C3,2004-02-14,Other,Sweden
STUD3A43E,1995-02-19,M,Lithuania
STUB9D38A,2004-01-10,Other,Latvia
STU4BEF78,2001-07-24,Other,Lithuania
STUAF29A3,2002-04-28,Other,Germany
STU33AA4D,2001-05-10,F,China
STU0B7D04,2003-10-21,Other,Spain
STU857D71,2005-08-17,F,Estonia
STUA720B0,2000-11-09,M,Norway
STUBA7D0A,2001-01-26,Other,USA
STU2BD744,1995-10-07,F,Poland
STU99F309,2001-05-25,Other,USA
STU1E55FA,2005-06-21,Other,Poland
STU05A561,1995-05-12,F,Spain
STUF34397,1999-07-14,Other,France
STU55DCC3,1999-08-26,M,India
STU0B2AF2,1998-09-15,Other,Lithuania
STU905870,2000-03-17,Other,Lithuania
STUF0C530,2005-06-13,F,Italy
STU4B5184,1996-09-07,F,Latvia
STUDB338F,1999-12-15,F,Poland
STUDB7100,2004-09-25,Other,Latvia
STU46A0CA,1998-08-09,M,France
STU2FB20E,2000-01-20,F,Latvia
STU6080D7,2000-10-07,Other,Lithuania
STU8E4358,2001-03-24,F,Lithuania
STUB90F42,1997-04-02,Other,Estonia
STUC77FB1,2005-10-27,Other,Sweden
STUCF82BE,1999-07-26,Other,USA
STU779CDB,1997-05-08,F,China
STU8EA7E8,1998-06-09,Other,Sweden
STUFB9D14,2004-06-06,M,Germany
STU3A724E,1996-11-12,F,Lithuania
STU09DF98,1998-09-15,M,Lithuania
STUDA9269,2003-09-02,M,Italy
STU4E1D2A,1999-07-20,F,Sweden
STU293B13,2001-01-10,Other,China
STUA2501B,1995-04-16,F,France
STUE7BDD8,2002-05-15,F,India
STU545BA8,2004-02-22,Other,Poland
STUB53C7F,2001-02-06,M,Poland
STU7ACE72,2000-01-25,M,India
STU580C7E,2004-11-13,Other,Italy
STU7AA416,2000-09-26,F,India
STU513B77,2003-12-23,M,USA
STU9813C6,2004-11-02,M,China
STU6C7916,1999-02-11,Other,Estonia
STUB1F0D9,1998-04-07,F,Germany
STU5F3AAB,2003-07-23,Other,USA
STUAB05ED,2001-01-04,M,Latvia
STU0550F3,2000-06-24,M,China
STU99C39B,1995-03-19,F,China
STU7B0B3C,2002-04-26,Other,Lithuania
STU6E67CD,1996-01-03,M,France
STU54B5D7,2000-08-04,Other,Poland
STU490D88,2000-09-02,F,India
STU615EA8,2005-02-20,F,Estonia
STUC77935,2004-10-04,M,Sweden
STU6E84AF,2005-12-12,M,Italy
STU7CA7B5,2000-02-19,M,USA
STU2E96B6,2004-04-27,Other,Sweden
STU36801F,2003-08-03,Other,Sweden
STUD747DD,2005-08-03,F,Lithuania
STUCFECB7,2003-01-21,F,Estonia
STUC61450,1997-10-28,M,India
STU8B3F92,1997-09-23,F,Lithuania
STU643A6C,2002-12-04,Other,Sweden
STU70F328,1996-03-19,M,Spain
STUCEB66E,1997-02-25,M,France
STU42CBE6,2004-06-06,M,Lithuania
STU2238FA,2004-05-02,Other,Lithuania
STU3141CF,1998-08-28,Other,Poland
STU6CD579,2002-08-12,Other,Latvia
STUEDC14A,2000-07-05,Other,Norway
STUFBD67D,1999-09-01,F,Sweden
STU37B8DC,1996-02-23,M,Sweden
STUF441D9,1997-12-02,Other,Spain
STU4F13C2,1995-07-19,F,Poland
STU28A075,2001-06-16,Other,Poland
STUFC947B,1997-02-04,Other,Sweden
STU1C980D,1995-11-03,Other,Poland
STU32EFC1,1996-11-24,M,USA
STU1EC944,2005-04-28,Other,Estonia
STU2A47A9,2004-04-07,M,Germany
STU13CA82,2000-06-19,Other,Latvia
STU29B32F,2002-10-24,M,Lithuania
STU3197D5,2001-03-08,M,China
STUF5B45B,1999-11-11,Other,Sweden
STU78232E,2003-11-23,Other,India
STU3BBA5B,2004-02-28,M,Estonia
STUC7FED3,2001-11-04,Other,China
STU5A31AC,2001-09-02,F,Italy
STU53CE7B,1995-06-06,M,Poland
STUBBC2B0,1997-01-27,M,China
STU60C41D,2001-01-17,M,Sweden
STU7AEB23,1999-02-23,Other,China
STUD23923,1995-05-09,Other,China
STUFAFF33,2001-01-18,Other,Poland
STUCA4120,2004-08-04,F,Lithuania
STU7CFC3F,2003-04-09,F,Estonia
STU5A565D,2000-05-09,Other,Italy
STU220D8F,1995-07-01,Other,USA
STU578C5F,2000-09-02,F,Germany
STU06363F,2002-05-11,F,Sweden
STU5E79AB,2004-09-08,Other,Estonia
STUF70E9D,2005-09-27,F,Estonia
STUBCF145,2005-01-16,F,Germany
STU65678C,2004-05-03,F,Germany
STUBCEF5E,2005-10-22,M,France
STU2C80D9,2004-06-15,Other,Norway
STUF7EEBB,2001-03-11,M,USA
STUA56D89,2005-09-10,F,Sweden
STU2270CB,2001-10-03,Other,China
STU8645AB,2000-04-02,M,Sweden
STU64BE99,1999-08-05,Other,USA
STU016E1C,2001-02-16,F,USA
STU892F60,2001-09-11,Other,Lithuania
STUCDF88C,1997-11-13,M,Estonia
STUF57C78,2002-07-03,M,China
STUA27236,2001-07-05,Other,Latvia
STU36F541,2001-07-01,M,France
STUD5E530,2004-09-05,F,China
STU9D0554,2001-09-20,Other,China
STUAD41D6,2005-07-16,Other,Lithuania
STU144828,1996-07-12,F,Germany
STUF562FF,2002-12-16,Other,France
STU19A515,1995-03-03,F,Norway
STU512611,1997-04-03,Other,Germany
STU09660C,2000-03-09,M,Spain
STU791D49,2000-03-11,Other,Sweden
STU7581DC,1995-01-17,F,India
STU5B1026,2003-10-10,Other,Sweden
STUC02795,1996-08-06,M,Italy
STU4D15BF,1995-06-25,M,Lithuania
STU441E35,2005-06-24,M,Italy
STUB9B797,1998-02-07,Other,Poland
STU2597D4,2003-05-12,F,Lithuania
STUB6F70B,2000-10-27,Other,Spain
STUE2BECD,1999-11-05,M,Germany
STUBDB588,1997-12-23,Other,Poland
STU9D201A,1995-10-03,M,Estonia
STU2A002E,1999-05-24,M,India
STUED0C57,1996-05-23,Other,China
STU65B49B,1996-05-28,M,China
STUEF12B5,2003-08-17,M,France
STU8385D5,1998-11-27,Other,Norway
STUA98419,2002-10-25,Other,Germany
STU80FE01,1999-01-25,M,Poland
STU36ECEF,1996-07-17,M,Spain
STU1578EC,1996-04-16,Other,Estonia
STU2E6D65,2005-12-17,M,Latvia
STU6141D7,1996-11-01,M,China
STUC6F607,2005-10-13,M,France
STUB1109D,1997-07-12,F,Latvia
STU1E70F2,2004-07-26,M,USA
STU76084D,2000-06-17,F,Norway
STU0FBACD,1999-06-28,M,Sweden
STU817F8A,1998-12-10,Other,Latvia
STU76E915,2003-03-07,Other,China
STUFB8583,2002-11-05,F,France
STUF62D21,1999-12-06,M,USA
STUB048B9,2000-04-11,M,Poland
STU1B6127,2002-09-22,Other,China
STUC4DF31,1997-09-01,F,Lithuania
STUF8401D,1998-05-11,F,Spain
STUCF04E4,2003-12-17,M,Latvia
STUDABA20,2002-03-01,F,Norway
STU8861B2,2001-08-14,F,Sweden
STUFD5F27,1995-09-05,Other,Latvia
STUA4D584,2002-05-11,Other,India
STU47C406,2003-08-03,Other,USA
STU613071,1997-01-21,F,Italy
STU73BC89,1998-02-22,M,India
STUA89A63,2001-09-12,Other,Spain
STU76553D,1996-06-25,Other,Germany
STUFDA4B7,2001-03-04,Other,USA
STU49E476,1995-08-27,F,India
STU932294,1996-05-26,F,Spain
STU8F2E4C,1995-11-27,M,Lithuania
STU392010,2001-02-09,F,Italy
STU1832E5,1997-10-26,Other,Sweden
STU89864D,1999-06-23,F,France
STU32CB4D,1999-04-07,M,Estonia
STUC70B39,2004-08-04,M,USA
STUEA4271,2000-04-08,M,France
STU1E1AEB,2004-08-06,Other,Sweden
STU7F189B,2004-08-01,M,Lithuania
STU4B78CD,1995-12-07,Other,France
STUC81AF2,1998-05-10,Other,Estonia
STUA7053C,2002-06-24,Other,Latvia
STU5661D7,2000-09-23,F,USA
STU33B653,1996-12-17,Other,Latvia
STUAB80B3,1996-08-17,F,Lithuania
STU6D0C9B,1997-02-12,Other,Estonia
STUDDB2F3,1997-08-20,F,Spain
STU37F989,2002-07-08,Other,Germany
STU846717,2002-05-19,M,Spain
STUF233C3,1998-02-06,M,Germany
STUDA09CE,1998-10-11,F,Latvia
STU1C5395,1995-08-01,F,Norway
STU662580,1998-11-04,F,India
STUA63D6B,2003-04-26,F,Latvia
STUF712FB,2002-05-15,F,India
STU8E97C7,2002-05-01,F,Lithuania
STUEB9C9A,1998-07-13,F,China
STUFEFAAE,2000-07-01,M,USA
STUA33927,2002-07-23,M,Germany
STUED8620,2003-03-04,M,China
STU51396F,2005-11-18,M,Poland
STU9D9F26,2004-04-28,Other,Sweden
STU4857A3,2003-03-16,Other,China
STUC6788E,1999-08-05,F,France
STU62C75C,1998-10-07,M,Lithuania
STUBAD054,1999-12-25,F,USA
STUFF2690,2004-07-19,M,USA
STUBE150C,1995-07-13,Other,Sweden
STU3FBA52,1995-05-18,F,Spain
STU3588C2,1996-03-07,F,USA
STUFFB9D1,1999-04-11,Other,China
STU2CD436,1999-10-18,M,Poland
STU6C7BA0,2003-11-10,F,Italy
STU24DE91,1996-03-09,M,Poland
STUBBB7AC,1995-07-24,M,Norway
STU71B386,2003-11-03,F,China
STU329BEF,1995-05-18,Other,India
STUAF8D13,1998-07-09,Other,Latvia
STUF8B7E5,1996-02-23,F,India
STUABEABD,2000-10-12,F,India
STU71D2FA,2003-11-23,F,Estonia
STU090631,1999-03-03,Other,Spain
STU95263E,2002-10-25,M,Poland
STUB4C108,1998-07-07,Other,Sweden
STU48464A,2000-10-16,M,Norway
STUDA2713,2001-08-14,Other,Norway
STUF99BA1,2002-08-12,Other,Spain
STUDB8333,2000-09-14,M,Spain
STUF2ED0C,1999-02-16,F,Estonia
STUBA5D93,1996-10-12,M,China
STU45524A,2003-01-18,Other,Latvia
STUD3140A,1999-03-14,F,Germany
STU63F309,1998-04-20,Other,Lithuania
STU5ECE9C,2005-08-28,F,Poland
STU18C8AD,2000-01-02,M,Poland
STU13E6BC,1996-04-20,M,Italy
STU022E0D,1999-09-01,F,France
STU2DB5AD,1997-12-07,F,France
STU07420C,2002-10-06,M,France
STU44F15D,2004-10-01,M,Lithuania
STUA031EC,2003-07-04,F,China
STU4C3C13,1999-08-23,Other,Lithuania
STU4BEFF8,1999-11-26,Other,Estonia
STU9B9F4D,2004-02-11,F,Spain
STU7538C2,2003-11-01,F,Norway
STU60ED92,2004-10-13,F,USA
STU24D008,1998-07-15,M,Lithuania
STU5EAB14,2004-11-13,M,Lithuania
STU7E1429,1997-04-15,M,Sweden
STU746FE6,1999-04-22,M,Lithuania
STUD5A3EB,2000-09-26,F,Estonia
STU492CA6,2004-08-06,F,Italy
STUA190BC,2004-08-04,Other,China
STU8553C9,2005-06-12,Other,Norway
STU43F8B9,2004-04-06,F,Norway
STU9D8C8D,1995-02-04,Other,Italy
STU78B98A,1999-11-20,M,Norway
STU38C1D1,2005-08-07,Other,China
STUD2769F,1997-12-27,F,Lithuania
STU8B9DEF,2004-07-17,F,Sweden
STU4D77CC,2003-09-23,Other,USA
STU0C1AAE,2005-09-14,M,Lithuania
STU922ED0,2003-06-22,Other,Norway
STU9A4A22,1998-06-17,F,Norway
STUDED585,2004-05-27,M,India
STU2A46F0,1998-07-09,F,Norway
STUE553AF,1995-03-13,M,Germany
STU5A1B6A,2002-07-27,F,USA
STU2B4F8B,2001-06-20,F,China
STUF9FA08,1999-12-11,Other,Norway
STUEC2BB8,2005-12-13,F,Estonia
STUC7552C,1999-10-21,F,Norway
STU93731E,1996-06-12,Other,China
STUF528BA,1998-05-28,F,France
STUEC81AA,2000-11-02,Other,USA
STUA2AE10,1997-05-01,F,Spain
STU53C722,2002-08-06,Other,USA
STUDFF7C7,1995-09-24,F,USA
STUE344E9,2003-10-13,F,Spain
STU734520,2005-10-09,F,Lithuania
STU42B82E,1998-08-26,F,France
STUAD5A16,2003-01-25,F,Latvia
STUD1FBB0,1995-06-08,Other,Spain
STU8D795E,1998-12-18,F,Sweden
STUD5E477,2004-04-06,Other,Estonia
STUB4617A,1996-04-14,Other,Sweden
STUCDA34D,1999-12-17,M,India
STU79BCBA,1999-01-16,M,Norway
STU2FE83D,1998-01-26,F,Poland
STU6221C7,2000-01-24,F,Spain
STUE18390,1997-12-09,M,Italy
STUCA47D3,1996-01-26,Other,Germany
STUA3591D,2001-06-17,M,Latvia
STU21752D,2002-11-19,F,Spain
STU6644DC,1998-05-13,F,France
STUDA0D08,2005-07-09,Other,China
STU175702,2001-07-24,M,Spain
STU34AA46,1998-03-16,M,China
STUC13615,2004-10-16,F,Poland
STUF963E2,2000-10-05,M,India
STU53ECF9,2004-05-27,M,Lithuania
STU34BBA6,1996-01-06,Other,Norway
STU47DBDE,2001-01-16,Other,Poland
STU5E5798,2005-10-11,M,Sweden
STUAD1607,1999-09-09,Other,Norway
STU9E273B,2002-10-21,F,Spain
STU980FCF,2003-04-08,M,Sweden
STUE8AC7E,1996-05-09,M,Italy
STU97371B,2002-11-12,F,India
STU309842,2002-09-19,M,Italy
STUA5A1C9,1995-06-22,Other,USA
STUABD4E7,1997-07-02,M,China
STU607CBE,2002-01-24,F,Latvia
STU0A18BA,2002-06-14,F,Lithuania
STUC7DBBD,2002-02-21,Other,Latvia
STU6903C3,2005-02-06,Other,Germany
STUEE7979,1998-12-13,M,Spain
STUE5E8F5,2004-02-05,M,Norway
STU8A76B0,2002-05-12,Other,USA
STU1BFEEB,2004-09-10,Other,Poland
STU92C1F1,1998-04-16,F,Latvia
STU5CB4D1,2002-01-11,Other,Latvia
STUD5AD75,1995-08-19,M,China
STU18E363,1995-11-26,F,USA
STU646380,2000-02-01,F,France
STU451977,1995-08-02,F,Latvia
STU8AC0E2,1998-09-22,Other,France
STUF3465A,2002-09-24,F,Latvia
STU27FE9C,1998-01-08,F,Latvia
STU1EBB46,2000-08-07,F,Italy
STU2C3C15,2005-05-23,Other,Lithuania
STU0BAF3E,1999-05-20,M,Norway
STU73C564,1997-09-02,Other,Lithuania
STU19079F,1998-02-28,F,Latvia
STUF842FA,2003-04-26,Other,China
STU7F04A2,2001-05-08,Other,Poland
STU0721EF,2001-08-24,Other,Italy
STU77E7E7,2004-09-27,F,France
STU820CE6,1999-01-18,Other,USA
STU16AC19,2004-06-24,Other,Spain
STU41777A,1995-04-06,Other,Lithuania
STUAA2D95,2002-11-12,F,Lithuania
STUCBF822,2000-03-14,Other,Estonia
STU58081F,1995-02-24,F,Germany
STU3D84FE,1998-11-02,M,Estonia
STU9D52DD,2004-11-20,F,Sweden
STU10B372,1998-04-01,Other,Germany
STUB28CDA,1998-06-28,F,Italy
STU0A82CF,1999-01-08,M,Norway
STUAC49CE,2004-11-19,M,China
STU9EA16C,2000-05-26,M,China
STU773DEF,1997-11-15,M,Germany
STU5055E5,1995-02-05,Other,Estonia
STU04F669,2000-04-03,Other,Italy
STU6AB9E8,1995-01-10,M,Spain
STU3499EF,1996-11-18,M,India
STUE86660,1995-12-28,F,Latvia
STU0E38DE,1997-01-10,Other,Poland
STU5AF0B8,1995-10-08,M,Italy
STU9C3DAA,1999-09-10,Other,Norway
STUC4DF68,1998-09-12,F,China
STUC61AA8,2002-10-15,M,Estonia
STU8B47E7,2003-12-05,F,India
STUA32993,2000-11-22,F,Spain
STU474BAE,2003-02-12,M,Latvia
STU269331,1997-08-05,Other,Spain
STU3E61BD,2003-03-14,F,Germany
STU22BEE4,2004-06-28,M,Latvia
STU830A6D,2000-03-28,F,Italy
STUE5A0D8,2005-08-22,F,China
STU227499,2003-09-22,Other,Poland
STUD541BB,2000-06-19,M,Spain
STU2A5C25,1995-09-04,Other,Sweden
STU4ACEF2,2004-06-28,F,France
STU37CC14,2003-08-13,M,USA
STU37E5D2,2000-01-27,Other,China
STUACD7B7,1999-09-18,F,Estonia
STU085312,1996-12-28,F,India
STUE37044,1995-09-19,M,USA
STU763244,1999-05-14,Other,France
STU29D641,1995-04-11,M,Norway
STU1D4440,2001-10-12,F,China
STUF68619,2000-10-23,M,Italy
STU393E5D,2000-09-17,M,Lithuania
STU7F5CD7,2003-12-05,Other,Germany
STU52FDD0,2002-08-25,F,France
STU097469,2002-08-21,F,Norway
STUF49BB4,1999-06-19,M,Italy
STU90AEBC,1999-12-04,M,Spain
STU58F63C,2003-08-05,F,India
STU63DD24,2004-04-16,Other,Norway
STUF1761B,2004-01-01,F,Lithuania
STUF8AB71,1999-06-12,Other,France
STUB8019B,2003-05-19,Other,India
STUCC710D,2001-08-09,Other,Poland
STU90A235,2001-07-05,M,USA
STUD4D33C,2004-06-26,F,USA
STU1F2F4A,2002-02-05,F,Italy
STUDC7CC3,2004-04-11,M,Germany
STU46546B,2002-07-15,F,Estonia
STU4F5BE2,1995-07-10,M,China
STU40353A,1997-03-16,M,USA
STU3BE9A9,2002-07-12,M,China
STUB76C7E,1996-05-27,F,Poland
STU7CC2F6,2005-04-09,M,Norway
STU9C934A,2005-01-02,F,France
STU373C75,2000-06-18,M,China
STU552093,1999-06-12,Other,Italy
STU2C36B5,2000-07-26,M,Poland
STU620DB1,2001-09-22,M,Spain
STUF92021,2000-11-16,Other,China
STU4AD74A,2001-07-17,M,Latvia
STU29579C,2004-06-25,M,France
STUF167A3,2004-02-01,Other,Sweden
STU3A3B55,1995-05-07,M,Norway
STU3F8C0E,1996-06-11,Other,Norway
STU897BB2,2003-06-25,M,Poland
STU278C0B,2005-12-19,F,Estonia
STUB774FE,1998-04-13,Other,Sweden
STU7B54F8,1995-10-22,M,Poland
STUFE9209,2005-11-14,M,Latvia
STUD7802D,2004-09-17,Other,Italy
STU4EDBC7,2005-11-01,M,Lithuania
STUB1F0DD,2000-06-26,Other,Spain
STU37F200,2004-02-03,M,Italy
STU3C1375,1998-03-02,M,Sweden
STU69E364,1999-01-02,Other,India
STUB462E0,1998-11-22,Other,Spain
STU1FC16B,1998-10-14,M,Norway
STUBE6522,2004-01-06,M,USA
STU04D2DD,2005-04-18,Other,USA
STUB6272F,2002-09-06,Other,Poland
STU50500C,2003-09-20,M,Latvia
STU329192,1999-05-15,Other,Poland
STUF7A48A,2001-08-14,F,Spain
STUA7FD37,1999-03-24,M,Latvia
STU128036,1998-05-17,Other,Poland
STU933FC6,1997-05-06,Other,China
STUF55DA8,2001-07-10,F,France
STU1FFBD9,1997-12-27,F,France
STU305B08,1999-01-09,F,USA
STU796533,2003-04-25,Other,China
STU188CC2,1997-08-20,F,Sweden
STUB4FFE3,1998-08-20,Other,Italy
STUF3E20A,2003-02-22,Other,Latvia
STUFD29F5,2002-08-27,F,France
STUE984C6,2004-10-06,F,Sweden
STUA37D01,2003-08-22,M,France
STU7B52FD,1999-07-27,Other,Spain
STUED3B6E,2004-10-23,F,Spain
STU7F4FD1,1996-06-11,F,Sweden
STU24EE3D,1999-11-05,M,Estonia
STU6C495A,1999-01-05,Other,Sweden
STU7E5DE9,2004-01-28,Other,Estonia
STU63E4C3,2001-05-25,Other,Sweden
STU8B081F,2001-07-22,Other,Poland
STUDDBAE2,1996-11-18,M,Germany
STU39825F,2004-03-08,Other,China
STU107D42,2005-11-21,M,France
STU1B948E,2001-09-16,M,Germany
STUEAD219,1995-04-15,M,Spain
STUF2A51E,2002-12-18,F,Lithuania
STU988B67,2001-11-23,M,Spain
STU586499,2003-07-16,F,India
STU5112B4,2003-06-16,Other,Spain
STU8BE27D,1995-05-26,F,Italy
STU797EF5,2004-07-22,F,USA
STU785719,2002-11-13,Other,USA
STUF7AEAF,2000-08-17,F,Latvia
STU7B4977,2005-01-02,F,Italy
STUFB53A3,1996-12-05,F,USA
STUC54AF3,2002-11-14,F,USA
STUAC97CA,1999-10-09,M,Sweden
STU896B4D,1998-03-15,M,Italy
STU173F30,2001-02-09,F,Italy
STUAB2FD0,1998-05-26,F,Germany
STUEF9571,1995-01-10,M,Poland
STUB32324,2005-09-14,F,France
STU63AA6F,2002-12-04,F,Germany
STU081C58,1995-04-11,M,USA
STU73CEB3,2004-02-19,Other,Italy
STUA57F8A,2005-11-01,F,Sweden
STUF117BE,2000-11-04,M,Spain
STU12EB2F,2000-09-11,M,Latvia
STUB401A5,1996-11-09,M,Germany
STU3CF54F,1997-12-19,Other,Norway
STUD6B2F7,2001-07-23,M,Germany
STUE8891B,2002-11-19,Other,India
STU3E0CF3,1995-05-05,M,Spain
STU5A96B6,2003-02-01,F,Lithuania
STU50BE6C,2003-10-03,Other,Norway
STU5654F8,1995-01-12,M,Germany
STU5C1466,2004-02-17,F,Italy
STU887D89,2002-11-25,F,Estonia
STU1550FE,2001-06-20,Other,Lithuania
STU34188A,2000-03-16,M,India
STU6B6D36,1997-06-20,Other,Sweden
STUC77631,1996-02-26,F,Spain
STUF8182B,2000-09-27,M,Lithuania
STUA24CAC,1999-01-21,F,Norway
STU19DE7B,2000-02-08,M,Sweden
STU868F58,1996-01-20,M,Germany
STU7CC8C8,1996-07-18,Other,Norway
STUEC0127,1999-06-26,M,Norway
STUE3273F,1996-05-15,M,Germany
STU90AECF,1995-05-08,M,Estonia
STUD79AAF,1997-08-10,M,China
STU9962D8,1996-03-14,F,Sweden
STUA22978,2000-07-28,M,Germany
STUE06CC0,1998-04-13,M,Sweden
STUB91DD7,2000-06-17,M,Sweden
STUB1BCC7,1997-05-15,F,Italy
STUCEB26F,2000-03-14,F,Germany
STUBD1B44,1995-11-08,F,USA
STU3D67C3,2002-12-02,M,Norway
STU8DE3DE,2000-02-01,M,Italy
STU097F7B,2005-07-18,F,Lithuania
STU179060,2001-10-01,F,Norway
STUFEBE3B,1996-02-06,M,India
STUC19C79,2003-02-28,F,Norway
STUD55DF0,2004-04-26,M,Spain
STU7B6CA1,2000-04-19,M,China
STU2AFC7B,1998-01-21,F,France
STUD6516A,2003-05-24,Other,India
STUD51688,2000-02-28,F,Italy
STU023461,2002-01-15,Other,France
STU153787,1998-03-28,M,India
STU5087AC,2003-04-02,M,France
STUCF6001,1997-07-22,F,Sweden
STUAB3464,2003-06-21,Other,Italy
STU91762F,1996-10-01,M,India
STU20BAED,1995-05-03,Other,Poland
STU046027,2000-12-10,Other,Latvia
STU9065FD,1995-06-04,M,Estonia
STUEEB577,1998-04-10,F,China
STU0998D9,2000-12-08,M,Sweden
STU9034D0,1998-04-01,F,Norway
STUDFC45D,2000-12-10,M,Norway
STU5E55E8,1995-01-19,Other,France
STU7C0BC1,1996-07-25,F,Spain
STU1B2CA8,2002-08-02,Other,USA
STU917493,1997-02-26,F,Lithuania
STU2995EF,1999-08-02,M,Germany
STU63BE1E,2000-12-23,Other,Germany
STUE3706E,2003-11-27,M,Spain
STU21661B,2005-10-24,F,Poland
STU74220C,2002-11-27,Other,Italy
STU192843,2001-09-04,F,Sweden
STUA0CB33,2004-08-12,M,Italy
STU6BF960,2004-02-16,Other,Spain
STU91059B,2004-04-01,Other,Poland
STU6A6E21,1995-11-12,Other,Italy
STUB29D24,2004-02-25,F,Estonia
STU91BD82,2003-04-08,Other,USA
STU7DA655,1996-08-19,M,Sweden
STU89E1FF,1999-11-16,M,Latvia
STU766163,2004-12-27,F,India
STUD3F119,1999-01-13,F,India
STU4501D7,2005-05-28,F,Germany
STU76957B,2000-10-07,F,Norway
STU0303BE,1995-11-16,F,Italy
STU521B89,1995-10-09,F,Germany
STUF29DAB,1995-08-18,Other,Italy
STU3052D1,2001-03-21,Other,Germany
STU9D0F38,2002-02-19,Other,Germany
STU54CBF0,2001-01-25,M,USA
STUCF6861,2005-07-26,Other,Poland
STU273605,1996-09-14,Other,Lithuania
STU9CE909,1996-01-20,M,Sweden
STUE146CB,1995-10-21,M,Estonia
STUACC6D7,1999-10-01,Other,Poland
STU5CFB6E,2005-08-02,M,Spain
STU67918A,1997-08-23,F,USA
STU67BF3B,1997-09-01,F,China
STU1C6BC2,2005-11-23,Other,Norway
STUD229FF,2002-08-28,F,China
STUA3A2A8,1995-02-09,Other,Estonia
STU093DCC,2002-03-23,F,Latvia
STU9AFA84,1997-02-04,Other,Italy
STUB5A5CA,2001-11-21,Other,Estonia
STU977041,2001-05-14,M,Norway
STU1FB155,2002-04-21,F,Estonia
STUF28A47,2000-07-23,Other,USA
STU0B1582,1996-10-27,M,Germany
STU488489,1995-06-28,M,Spain
STUD70F94,2000-07-08,Other,Estonia
STU96BFB6,2005-08-26,F,India
STU030C9F,2003-11-20,M,Italy
STU4DDF5B,1995-01-16,F,Poland
STU409772,2001-08-24,F,China
STU24068C,2003-07-21,F,Spain
STUE86374,2000-09-04,Other,Germany
STU8E9E6D,1996-08-24,F,France
STUAE938D,2003-08-10,F,Norway
STU06FF10,2004-04-12,Other,Estonia
STUD0C860,2005-11-11,Other,Latvia
STU1A8BFC,1999-04-18,M,Italy
STU71D09D,2001-10-19,Other,Norway
STU4DCA61,1996-03-12,M,China
STUFB5F5A,1995-02-20,M,Lithuania
STU93C6CA,2001-05-14,Other,Estonia
STU90AC58,1996-03-13,F,Poland
STU5B1B8B,2004-02-19,F,Estonia
STUEC6074,2004-04-07,F,Spain
STUBD8C3B,2005-01-07,Other,Poland
STU05B5F8,1998-09-16,Other,Spain
STUFFE655,1995-06-21,F,Latvia
STUB70E0D,1997-09-26,Other,India
STUED9D8C,2002-06-08,M,Italy
STU5F996F,2000-03-14,Other,Germany
STU4BB44F,1995-03-20,Other,France
STU9D6561,2003-08-09,F,Latvia
STU1C634C,1996-02-06,Other,Germany
STU5714EA,2001-10-28,Other,Estonia
STU238C22,1998-05-24,F,Poland
STU89D5BE,2002-04-19,M,China
STU4DC457,1997-03-19,M,Poland
STU711230,2002-11-15,Other,Sweden
STUD66255,2000-01-26,M,Estonia
STU7FB6FD,2005-05-22,Other,China
STU99C177,2002-06-27,Other,USA
STUE53B44,1995-06-11,F,India
STU5FD6B4,2005-08-24,F,China
STUF4937D,2004-02-15,F,Spain
STU680BC1,1996-03-22,F,Spain
STU3EADB9,1999-11-11,M,Italy
STUBC6BE0,1998-09-23,M,Poland
STUA43168,2000-08-12,M,Estonia
STU696F7C,1997-08-06,M,Estonia
STUA1A0BF,1999-09-02,Other,China
STU5537DE,1998-07-19,Other,Italy
STU123976,2002-11-12,F,Germany
STUBB9667,2004-05-07,M,Estonia
STUA86AD6,1996-07-18,F,China
STU9C4201,2002-01-26,Other,Latvia
STUC272D5,2000-06-01,F,Estonia
STUC5B701,1999-04-25,Other,USA
STU361EF8,1999-05-26,M,Lithuania
STU985F28,1996-01-10,M,Norway
STU7008C6,2004-08-09,Other,Spain
STU54D0B3,2000-05-27,Other,Germany
STU02A098,1996-01-04,Other,China
STU8C2C4A,1996-09-18,Other,Estonia
STU13299A,2001-10-20,Other,Poland
STU0F6D50,1998-03-25,Other,Estonia
STUD85983,1998-06-15,F,Spain
STU581600,2003-05-26,Other,USA
STU32FAD1,1996-02-03,F,India
STU686A2F,2002-01-28,M,France
STUDD28A0,2002-06-13,M,USA
STU5FAE1F,1996-07-10,Other,Germany
STU33ECBB,2001-03-10,F,Italy
STU9CD752,1999-07-06,M,Germany
STU2B19B3,1996-04-11,Other,France
STUF71A04,2001-10-23,Other,Germany
STU59BB2D,1997-11-08,Other,France
STUD173BB,1995-08-27,M,China
STU0DDC19,2002-04-22,F,Spain
STU9A9AF1,1999-07-13,M,China
STU6DD8FB,2004-06-27,F,Norway
STUC55C09,2005-01-24,Other,Lithuania
STU1DF22A,2001-01-26,M,Estonia
STUF249A0,2003-02-02,F,Estonia
STUE244AC,2000-02-13,M,Italy
STUB4B098,1997-02-09,Other,China
STUDCD435,1996-12-06,M,Germany
STU743DD3,1997-05-21,M,Norway
STU96ECF1,2000-07-03,F,Latvia
STU9E8D87,1995-10-11,F,France
STUE65FD2,2005-02-17,Other,Italy
STUD10CBF,1999-02-07,M,USA
STUD934D8,1998-07-13,F,India
STUC1225D,1995-03-17,F,Estonia
STUF0D9FC,1996-06-14,Other,China
STUD2F4A0,2000-09-04,F,USA
STU1B5581,2004-02-22,F,India
STUF5DCB7,2002-09-06,Other,Lithuania
STU484D5C,2000-03-24,F,Estonia
STUC725BE,1997-03-03,Other,Poland
STU687CB0,2005-11-04,Other,France
STU5CECC1,1997-10-19,Other,France
STU1B8D42,2003-02-10,M,France
STU42BFE0,1995-02-07,Other,Italy
STUF9E76E,2001-10-19,M,Estonia
STU0B0E3C,1996-05-28,M,Sweden
STUABB04A,2000-03-01,M,Germany
STU955E53,1995-02-15,F,Lithuania
STU99DBE0,1997-01-20,Other,USA
STU4666E6,1999-12-10,F,Estonia
STU34F654,2003-09-17,F,Sweden
STU47DA6A,2000-10-10,Other,Poland
STU05D983,2003-03-15,M,China
STU749D0A,2004-02-08,Other,Sweden
STUC1C5D9,2002-11-11,Other,Poland
STUF6010D,2001-05-09,Other,USA
STU2D6CDE,2004-02-11,M,China
STU43C62E,1997-12-04,Other,USA
STU21C6BF,1995-02-04,M,Lithuania
STU4B16D7,2003-06-05,M,Poland
STUFC6FB7,2000-07-27,Other,China
STU39096C,1997-04-10,M,Latvia
STUCC3668,1999-12-01,Other,Germany
STU74245C,1997-12-24,F,Sweden
STUDB18DC,1997-07-16,M,USA
STUEA2B80,1998-03-01,M,Italy
STU2F82E5,1998-05-06,M,Latvia
STU4B3C12,2001-08-26,M,Norway
STUBAC29A,2002-07-01,F,China
STU3DA3F9,1997-10-24,M,USA
STU2CB8B8,2005-11-22,Other,China
STU4A5B04,2003-08-21,Other,Sweden
STU7A4E4A,2001-08-10,M,Latvia
STUF8C992,2002-08-28,M,Poland
STU64A35A,1995-08-21,F,Germany
STUEE65B5,1999-12-02,M,Spain
STU6C33C9,1998-12-02,F,Poland
STU355FFF,1995-12-22,Other,India
STUE41F2A,2002-03-10,F,China
STU87FC12,1997-06-09,M,Sweden
STU25263F,2000-05-03,F,India
STU7BBCCE,2005-09-19,Other,Spain
STUB60B8B,2004-03-16,F,China
STUF882E8,1998-10-18,F,India
STU4A4078,1997-04-18,Other,Poland
STUBFD2D9,2003-03-26,Other,Estonia
STU3A0831,1998-07-21,M,USA
STU870469,2005-03-25,F,Latvia
STUCD8AAD,2005-07-17,M,Norway
STU30F06F,1995-05-06,Other,Spain
STU4E5B4F,2000-08-25,Other,Spain
STU63738A,1996-09-20,Other,Italy
STU0AA7A5,2004-04-03,M,India
STU2F1E67,2001-11-19,Other,Germany
STUD50138,2005-02-21,M,Italy
STU5CC41B,1998-05-23,F,India
STU593845,1995-06-01,F,USA
STU96D8C3,1995-08-16,F,Lithuania
STU72D969,2003-09-25,F,Estonia
STUB1A8CC,1999-11-19,Other,Estonia
STU3D71D5,2001-04-26,F,Norway
STU00AE8F,2001-09-14,Other,Sweden
STU0E081A,1997-02-08,Other,Lithuania
STU522CEA,2000-10-12,M,Estonia
STUBF521E,1999-09-09,Other,Italy
STUC66D22,1999-12-06,M,Italy
STUFFC931,2004-06-11,M,Spain
STU4B0CEF,1998-12-02,Other,Italy
STU7930FE,2004-02-12,F,Poland
STU88DA97,2004-07-07,Other,India
STU99811F,2000-02-24,Other,Poland
STUD73AD5,1995-10-14,F,France
STU46FA01,2000-02-22,M,China
STU76EEB4,2001-04-13,F,India
STUC7AB50,2004-01-28,F,India
STU53948F,1995-05-03,F,Spain
STU3B81D5,2002-03-05,M,France
STUB0E8F8,1997-07-28,Other,Norway
STU220054,2003-08-28,M,India
STU2FE8BA,1998-11-06,M,USA
STU3F1130,2003-02-05,Other,Poland
STU4803B6,2002-02-26,Other,Estonia
STUA53FD8,2005-12-19,M,Italy
STUD7EE5D,1999-11-15,Other,USA
STUF0B275,2000-03-27,M,Poland
STUC1388F,1997-08-24,F,Estonia
STUFAC8CE,2001-04-25,F,Spain
STU188C71,1996-02-10,Other,Spain
STUF4D45D,1998-02-01,Other,Latvia
STUE182F4,2001-03-08,M,Sweden
STU944FC9,2000-10-09,Other,Lithuania
STUE1806A,1995-04-27,Other,Poland
STUF5410F,2003-01-08,Other,Sweden
STU77F47B,1999-09-12,Other,Poland
STUEA3EB0,2005-01-02,M,Poland
STU2427F6,2003-03-10,M,India
STU825EED,1999-01-18,M,Norway
STU6C9114,1995-03-17,F,Sweden
STUBAC965,1996-07-21,Other,Norway
STUAABAE1,2003-08-21,Other,Spain
STUB431F6,1997-02-10,Other,Estonia
STUF4FA0B,2004-08-28,M,Spain
STU9C9161,2005-03-01,F,Spain
STUE97E82,2005-05-22,F,France
STU3E5F61,1998-12-07,F,France
STU392250,1997-02-02,F,Italy
STU2A6778,1996-01-26,M,France
STU0AD126,2001-01-03,M,USA
STU9ACAC1,1999-02-07,M,Spain
STU2C657C,2000-06-11,Other,Norway
STU1BC0A0,2004-05-05,M,India
STU41FAE3,2002-03-22,Other,Germany
STU422FFF,2005-04-20,F,Sweden
STU4231D6,2002-03-22,M,Norway
STUF3E510,2001-02-23,Other,China
STUA318BB,2004-09-19,Other,Norway
STU214D1F,2003-08-16,F,Norway
STU5610AD,2002-06-28,M,Spain
STU5BC515,2003-08-15,Other,Poland
STU90630E,1997-04-20,Other,Poland
STU72A4F9,2003-10-08,Other,Norway
STUE90219,2005-11-26,M,Lithuania
STUA1E562,1999-09-16,M,Lithuania
STUD5CEBE,1999-06-04,Other,France
STUCF0FF4,2000-06-24,Other,Sweden
STU7B66A5,2003-02-21,Other,China
STUEF0C30,2002-12-08,F,Poland
STU61015D,2003-09-22,M,Norway
STU16C872,2004-11-13,F,India
STUE04BE2,2005-01-08,Other,USA
STUFC97D7,1996-06-16,F,Latvia
STUDEDE79,2000-10-07,Other,Poland
STU6543A7,2003-11-11,M,USA
STUFF36D9,2001-12-05,M,Italy
STU77791E,1999-05-20,M,China
STU5CEAC6,1998-10-06,F,Poland
STU31F9D2,2005-10-11,F,Lithuania
STU606CBE,2001-04-17,F,Sweden
STU7BD58F,2002-01-05,M,India
STU27AF25,2002-11-03,F,Spain
STU900581,2002-09-22,F,Germany
STUE05559,1995-11-12,F,USA
STU654555,2005-06-24,F,China
STU21CD82,1998-11-11,F,France
STUE9D7C0,1995-08-25,Other,India
STU12CC12,2004-11-14,F,Norway
STU9E4D41,2003-09-18,Other,Germany
STU9297D3,2005-12-24,M,China
STUF647DA,1996-01-24,M,Norway
STUFD2F6C,1997-11-22,M,France
STUC31AE0,1995-10-10,F,China
STU7AA7E0,1996-02-26,M,France
STU6618C9,2001-02-23,F,Italy
STU6E2769,2005-08-18,Other,Lithuania
STU261498,1999-02-01,Other,France
STU42D5E2,2003-07-14,F,Poland
STU4AFCB6,2003-07-09,F,Germany
STUF14365,2001-03-25,F,France
STU2AB60D,2002-01-23,F,Estonia
STU0EFC37,2003-07-16,M,Poland
STU4953D3,1995-02-17,F,Norway
STU571D2D,1995-04-08,M,Italy
STUFC89A6,2002-01-23,F,USA
STU8A097E,1999-04-26,M,Norway
STU69A2EE,1998-03-10,F,USA
STUE5DF1B,2001-09-19,Other,Norway
STU546338,2005-05-20,Other,Lithuania
STU120619,1998-11-25,M,France
STUB81B0C,1998-09-04,F,Norway
STU93FF79,2004-10-24,Other,Estonia
STUD6CB25,2004-03-09,F,Estonia
STU4E2A09,1997-05-15,M,France
STU261376,2003-02-04,Other,Spain
STUDDA46C,1995-02-17,F,China
STUA2661C,1999-04-05,M,Poland
STUB78E91,1999-06-23,F,Italy
STU15AA38,1996-09-26,M,Germany
STU43A370,2002-06-20,M,Norway
STUAB2608,1995-01-08,F,Spain
STU969197,2002-05-07,Other,Germany
STU8C1DE5,2000-07-26,Other,Norway
STU38CA6C,1999-01-27,Other,Italy
STU37E7DE,1998-07-05,F,Poland
STU82476A,2005-11-05,M,Poland
STUA89D0F,1996-06-09,M,USA
STUA347A3,1996-02-19,M,USA
STUF03684,1997-01-13,M,Norway
STUA4BE15,1996-04-24,F,USA
STU610DD4,2004-04-02,M,Italy
STUCCD2CC,1997-03-03,Other,France
STU6B0980,1999-03-21,F,China
STUB3EAA8,2002-11-08,Other,China
STUFDE9DE,2000-04-18,F,USA
STUCA386C,1997-06-25,F,Poland
STUB2533F,1996-07-04,Other,Italy
STU9BA520,2005-10-19,Other,Estonia
STU0B5057,1999-05-24,M,Sweden
STU4F95D2,1996-09-09,F,Italy
STU80AA57,1998-08-25,F,Latvia
STU8AD500,1997-07-17,M,India
STU6479E0,2005-10-12,M,Latvia
STUDA14BF,1996-05-28,Other,Estonia
STUA7B04D,2005-05-02,M,China
STU43CC75,1998-03-07,F,Latvia
STUA017FC,2000-10-08,F,Latvia
STUFD5169,1995-12-07,Other,India
STU098EB8,2005-06-21,M,Latvia
STU90804C,2003-01-11,M,China
STU0E3478,2002-06-02,F,India
STUCD3269,2005-09-03,Other,USA
STU8CA5FF,2005-08-26,M,Italy
STU36D408,1999-05-05,F,Germany
STUE64E06,1999-12-23,F,Norway
STU643E77,2002-08-09,F,China
STU1A7EBD,1999-10-13,F,China
STU308CA6,2004-04-02,F,Sweden
STUAFB9A8,1999-01-02,F,Lithuania
STU692EE7,2001-10-18,Other,Germany
STU6DAACA,2001-05-18,F,Germany
STUBE80C2,2005-08-12,F,China
STUE420DE,1998-08-15,Other,Spain
STUC0B4C2,2003-06-21,F,USA
STUBCA8F8,2001-01-19,M,Germany
STUB74D8E,1996-01-28,F,Lithuania
STUE93CAF,2002-03-28,F,France
STU6B0AE1,2000-12-07,Other,Sweden
STU14D520,1995-02-25,F,Lithuania
STU2C0A8C,2004-10-28,M,Germany
STUFC18E8,2005-12-09,F,Lithuania
STU8DDA00,2002-10-05,F,Germany
STUBF190D,2000-11-26,M,India
STU677156,2002-05-07,M,USA
STU8AB1F7,2001-01-07,M,Italy
STU93889A,1995-11-27,M,India
STU178C7A,2005-12-25,Other,France
STU1B9D47,1998-11-21,Other,Latvia
STUAE66ED,2003-05-09,M,Norway
STU335607,2003-10-12,M,USA
STUF2CD93,1998-07-03,F,Estonia
STU27A92D,1999-10-14,Other,France
STU912491,2000-05-20,Other,India
STU73FED8,2000-12-20,F,Norway
STUE655D5,2003-02-06,F,India
STU2718BA,1998-12-04,F,India
STUE7430E,1999-11-24,Other,China
STU4C23BA,1997-08-24,M,Latvia
STUD37A0B,1998-03-28,M,USA
STU5DDB63,1999-01-06,M,Estonia
STU21033B,1998-07-28,Other,Germany
STUDFAE2C,2002-07-04,F,Sweden
STUABD674,1999-12-01,Other,France
STU30FF29,1995-05-24,F,Italy
STUF6898B,2005-06-04,M,Germany
STU76EF07,2003-07-08,Other,Poland
STU3A2C37,1996-01-12,M,Germany
STUB8DF5A,1997-09-23,Other,Germany
STU5E846C,1995-08-25,Other,France
STU3BC609,2005-11-11,Other,Italy
STU8AD274,1997-09-23,M,Norway
STUAD16B5,2001-08-16,F,Germany
STU5F9DBD,1998-10-07,F,India
STU76F2C4,1999-04-25,M,USA
STU0DC47C,2002-04-24,M,India
STU90F605,2002-09-07,Other,Sweden
STU028244,2004-03-03,F,Poland
STU63E873,1995-01-05,F,Lithuania
STU209A64,2002-08-25,M,Poland
STU42FF46,1999-04-21,Other,France
STU2EEC9F,2003-07-19,Other,China
STU7453F0,2001-06-07,F,Poland
STU93864A,2000-06-16,M,Poland
STU468EDE,1995-06-06,M,Latvia
STU29545B,2004-09-07,M,Latvia
STU162F7E,2002-04-01,Other,China
STU71A09F,2004-06-02,F,Estonia
STUF58AB8,1998-04-15,F,Spain
STU4A3A84,1996-03-20,F,Spain
STU0CF7CB,1999-02-24,F,Latvia
STU76551F,2000-01-25,M,USA
STUD6B61C,2002-11-12,Other,USA
STU0E627F,1995-09-05,F,Latvia
STUABCBF3,1995-01-20,M,Norway
STUCE783D,1997-03-01,Other,USA
STUACB2F3,2005-08-03,M,China
STU818902,1996-09-19,F,Italy
STUA6F3AC,1997-04-20,Other,India
STU96C8C7,2000-10-14,M,Germany
STU8AE598,1998-04-03,F,China
STU17EFB6,2004-10-17,Other,Norway
STUAEEF52,2000-02-15,F,Norway
STUD18426,2004-01-07,M,Spain
STU9CBFD4,1995-09-17,Other,Lithuania
STU56A1D8,2001-01-20,F,Poland
STU0805D8,2002-06-01,M,China
STUB6641D,1999-02-08,M,Lithuania
STUB04F0F,2002-09-21,Other,Sweden
STU615714,2002-11-12,Other,India
STU768C8E,2002-06-11,Other,Latvia
STU5F616C,2000-01-19,F,Estonia
STU4DD063,1996-05-11,M,France
STUB32354,2004-08-06,M,Sweden
STUE73AF4,2001-10-10,Other,Sweden
STU6E68FF,1997-08-06,Other,Sweden
STU6360EA,2000-02-18,M,France
STUB247B1,1997-01-10,M,USA
STUDF7E2E,2003-05-25,Other,Italy
STUF0A835,1995-11-23,F,Sweden
STUB03B97,1997-02-16,F,France
STU7A949F,2005-04-10,Other,Spain
STUAA4F9C,2004-05-04,F,China
STU9647D3,2001-08-09,M,Norway
STU7BF3E9,2003-11-18,Other,India
STU5B3F9A,2001-10-17,Other,India
STU462544,2000-09-11,F,France
STUD7D38A,2004-02-25,M,Lithuania
STU0CC838,2001-11-26,F,Norway
STUF9132C,2005-03-14,F,Poland
STU9016BA,2003-08-20,M,USA
STU85C62E,2004-08-18,Other,Italy
STU95B5DC,1998-08-16,M,Poland
STU3B7E9F,1997-05-19,M,Poland
STU381E55,2001-12-09,F,USA
STU1AB47F,2005-10-17,M,France
STUED7BD1,1998-08-18,M,France
STUB27AEF,2002-01-10,M,Norway
STU510ED3,2005-10-07,F,Italy
STU436E0E,1996-09-27,F,Italy
STU78B044,2001-10-06,F,India
STU11B3D9,2004-03-25,M,China
STU87F3D4,1998-11-24,M,Norway
STUCFFC01,1998-06-25,F,Poland
STU070D38,1997-06-13,F,Germany
STU495B05,1996-03-28,M,Lithuania
STU47C6B3,1995-09-25,F,Norway
STU0B719D,2005-09-28,Other,Italy
STU296818,2004-02-12,M,Germany
STU759AD9,1999-03-11,F,Sweden
STUECF765,1995-01-19,Other,China
STU614AAF,1995-06-16,Other,Spain
STUA994E9,2001-11-20,M,India
STU632823,1998-01-07,F,Poland
STUB5EBC0,1998-11-13,F,USA
STUFFFBEE,1998-03-19,Other,Italy
STU5CBD2D,2001-12-18,F,Estonia
STU30487D,2005-10-28,F,India
STU57E938,2002-01-24,F,China
STUB3D977,1995-07-02,M,Norway
STUFBE96F,1999-07-04,F,China
STU7A1E3F,1998-04-28,F,Lithuania
STUEBDC64,1995-05-24,Other,Poland
STUC966E2,2005-08-10,F,Spain
STUB5F3F8,2001-09-15,M,USA
STU2C34E0,2005-07-08,Other,India
STUEA8979,2002-07-06,M,Italy
STUEAAFB7,2002-12-16,F,Lithuania
STU8B035E,2000-05-12,Other,Sweden
STU981003,2001-02-17,M,France
STUADECEA,2003-12-16,F,Poland
STU4360FD,1999-03-16,Other,Italy
STU43B502,1998-11-03,F,Poland
STU3604C5,2004-09-17,F,Germany
STUA2AD40,2001-04-23,F,USA
STUF7FC03,2004-03-03,Other,Germany
STU2FBEC3,1997-04-23,M,Estonia
STUCDC523,2004-09-27,M,Poland
STU74DD55,2000-10-26,M,Lithuania
STUEC29DA,2002-12-27,M,Spain
STUA925DF,1997-11-23,M,France
STUA245AE,1999-09-09,F,Sweden
STUBA0012,2002-08-03,F,USA
STU76B503,1999-02-24,F,USA
STU77A2E7,2001-07-01,F,Italy
STU5A6634,2001-09-19,M,Estonia
STU0F504A,1996-02-13,Other,India
STUC3D131,1999-06-15,Other,Sweden
STUAEE9DD,2002-11-15,F,Italy
STUD4E9B1,2002-12-14,F,Sweden
STU062AD5,1999-08-13,M,Latvia
STU9982C6,2000-03-01,Other,USA
STU2A8EFA,2000-11-05,Other,Sweden
STU577C9F,1999-06-11,M,Poland
STU7F9115,2002-06-02,F,Estonia
STUF74F91,2004-09-17,F,Latvia
STU15CB3C,1997-10-18,Other,Norway
STU3B2194,1997-08-12,F,India
STUB82139,1999-03-06,M,Sweden
STU3B3597,1996-11-23,Other,Italy
STU46DF6C,1995-07-20,M,Estonia
STUCC55DE,2003-08-26,Other,Spain
STU6BED6D,2005-09-14,Other,France
STU75AF9D,1995-01-13,F,Germany
STUC88B06,1999-07-28,F,Spain
STU977EF0,2004-01-08,M,China
STU4BCAE0,1996-05-08,M,Spain
STU3968AF,1996-09-23,M,Estonia
STU2027F9,1998-04-27,M,Poland
STU3C1698,1996-02-26,Other,France
STU8267C8,2005-01-13,F,France
STU13F7A8,2003-09-11,F,Latvia
STU7E78F3,2002-06-12,M,India
STU6CA527,1999-06-05,Other,Sweden
STU3BB3B5,1996-06-03,F,Spain
STUC3B859,2001-10-15,F,Italy
STU3F00AF,2002-12-17,M,Italy
STU26F815,1996-08-19,Other,Spain
STU14AD53,2005-09-15,Other,Poland
STU7C97F3,2005-04-11,F,Sweden
STU5167E7,2001-10-14,M,USA
STU5FF614,1998-09-23,Other,Italy
STU797C23,2003-07-22,F,Poland
STUD15C79,2002-11-18,M,Italy
STUE50AE6,2005-07-02,Other,Poland
STU9E437A,2004-10-24,Other,Poland
STUC1BBA8,2001-03-09,F,Estonia
STU0462FB,1999-11-16,F,India
STUFF4A2C,1997-10-07,F,China
STU744E4E,2005-09-10,M,Sweden
STU5E8F9E,2003-06-27,M,Norway
STUEA021B,2004-08-07,F,Norway
STUB2A30F,2004-12-27,Other,Lithuania
STU749784,1996-01-05,Other,Norway
STUF10BDD,1996-10-25,M,USA
STUD5501E,2004-06-28,Other,India
STU2955D9,2005-03-27,M,Spain
STUB35980,2003-11-15,M,Poland
STU1EC25F,1997-02-25,F,USA
STU25675D,1996-10-02,Other,France
STUD3E67E,2000-12-26,F,Germany
STUA4C099,1999-12-09,F,India
STUC17C58,1997-03-02,M,Sweden
STU812997,2000-07-14,M,USA
STU6637FF,1998-10-07,Other,Italy
STUE9D30A,1995-09-05,F,Spain
STU08E066,1997-07-05,F,Spain
STU90FFEF,2005-09-03,F,Lithuania
STU56EEE4,1998-01-21,F,Italy
STU725699,2000-10-25,Other,France
STU293626,1996-11-09,M,Lithuania
STU4D01CD,1997-05-17,F,Spain
STUC031C5,2000-01-16,F,Italy
STU9BF0FE,1995-12-20,M,India
STU560E57,1998-03-17,M,Estonia
STU079BBE,2005-10-20,F,Lithuania
STU7A839E,1997-05-09,M,France
STU6D440E,1998-02-01,Other,Lithuania
STU3B4D9F,2002-08-04,Other,Latvia
STU184AD7,1997-04-22,F,India
STUCCEA82,1998-03-25,F,Norway
STU32BCC0,2005-11-08,F,Sweden
STU84C5BD,2000-06-09,F,Sweden
STU1CC33F,1996-08-05,F,Italy
STUA475C5,2002-04-11,F,France
STUBEE31A,2003-02-10,F,Poland
STU33FD72,1997-07-14,F,Poland
STU6B495D,2000-11-08,Other,Spain
STU6A9592,2004-12-28,M,Estonia
STU308DD4,1999-03-15,Other,Lithuania
STUC08D0F,1997-02-12,M,USA
STU4782EF,1996-04-09,M,USA
STUE4C5EC,1998-10-02,F,Germany
STU369F67,2002-10-28,Other,Latvia
STUE58045,2004-11-11,Other,Germany
STUBE00C9,1999-08-16,M,Spain
STU48F616,2004-02-27,M,Estonia
STUA5230B,2004-01-08,F,Poland
STUEA88B6,2004-02-05,F,Italy
STUA07F0B,2004-04-19,Other,China
STU2A2561,2000-06-15,Other,Poland
STUFFC765,1999-03-03,Other,Poland
STU086027,2001-11-06,M,Lithuania
STUD45296,2001-11-24,Other,Italy
STU940EDF,2004-02-02,M,India
STUD02809,1999-05-07,F,France
STU679141,1998-07-09,F,France
STUDCA6B2,1998-03-24,Other,China
STUE17255,2001-10-03,F,Germany
STU21A68F,1997-12-25,Other,Lithuania
STU196FB0,2005-01-15,Other,Germany
STUA77261,1997-08-13,Other,Latvia
STU442FCA,1998-06-06,F,Latvia
STU994CDD,1995-11-17,F,Latvia
STU9D011E,2000-11-16,M,Lithuania
STUEC577C,2004-04-07,Other,China
STU2A672B,2000-04-02,M,Lithuania
STU99B402,2004-01-02,Other,Sweden
STUDB1803,1998-11-05,F,Latvia
STU025D9F,2001-11-16,F,Italy
STU14A057,1999-07-12,Other,Sweden
STU38F54F,1996-08-06,Other,USA
STU80BE4B,1999-08-21,M,Spain
STU979235,1999-05-26,F,USA
STUE6EA3E,1998-04-06,Other,France
STU7739D1,2001-06-21,Other,Sweden
STUF2DA01,2003-05-27,M,Italy
STU3E6820,1999-12-14,Other,Spain
STU8C1DB4,2000-02-15,F,Norway
STUF5B2ED,1998-06-25,M,Latvia
STUA5EAAF,2000-02-26,Other,Norway
STUD56D4D,2001-10-22,F,Italy
STUEA8486,2004-06-19,F,Italy
STU242D3B,2001-01-02,Other,China
STU9D2188,1998-12-08,F,India
STU446963,2000-03-06,Other,Sweden
STU7C606E,1999-09-09,Other,Germany
STUE92B48,1996-01-19,M,Germany
STU90F4D4,1997-06-03,Other,France
STUA42C68,2000-06-16,Other,USA
STU6BB676,2000-12-07,F,USA
STU8A0868,1997-04-16,F,Sweden
STU4A262E,1995-05-03,F,Germany
STU904FA9,2001-05-07,M,Germany
STU74E5A8,2004-08-02,Other,Poland
STU6CDD4D,1998-08-05,M,Estonia
STU054D9C,2003-03-04,M,Estonia
STUA2CF98,1998-06-21,M,France
STUCD1563,2005-04-20,M,Germany
STU95DD75,2004-11-12,M,Poland
STU8DB01B,2005-11-10,Other,Sweden
STU9D0954,1997-09-09,M,Norway
STU037726,2001-11-21,Other,Estonia
STU90B19E,2000-04-20,M,Latvia
STUB7F366,2002-09-07,Other,USA
STU447286,1999-08-13,F,USA
STUB99AB2,2004-01-02,F,Latvia
STU13A577,1997-05-10,F,Sweden
STUCCA183,2001-07-20,F,India
STU26752B,2003-04-14,Other,Lithuania
STU369953,2005-10-21,F,Spain
STU85AFDD,2003-07-17,M,USA
STU5BF8BF,2000-12-01,Other,Italy
STUFCB99E,2000-10-06,F,China
STU8BA832,2005-07-06,Other,Norway
STU60D9F3,1997-07-13,Other,China
STU266498,1997-04-26,M,Italy
STUA42CD7,2002-12-27,M,Norway
STUBDDE59,1998-11-10,Other,Sweden
STUC6E31B,2003-12-20,Other,Germany
STUE24BA8,2002-01-24,Other,France
STU8C5D8A,2002-03-07,Other,USA
STU5A93AB,1998-05-21,F,Sweden
STU6C5E21,2001-07-04,M,Italy
STU8D64F0,1996-05-20,Other,India
STUD1A125,2001-02-18,M,Sweden
STU11A4AC,2003-07-06,Other,Latvia
STUAD0585,2001-12-24,Other,India
STU26D02D,2003-08-20,M,France
STU08F4C7,1999-10-09,M,China
STUE89985,1998-11-26,Other,USA
STUF1A19E,2004-06-03,Other,Sweden
STU17BC56,2004-12-11,F,China
STU115AFE,1996-04-22,F,France
STU1FA7CA,1995-09-18,M,India
STU0563DA,2005-04-28,M,Latvia
STU97B4E4,1998-09-01,M,Sweden
STUCC9778,2004-12-07,F,Norway
STU84EF73,2001-10-03,M,USA
STU2AC28C,1998-08-16,Other,China
STUB1A838,1998-11-20,Other,China
STU23DFDA,1995-02-25,Other,Germany
STU3C7FEC,1997-01-03,F,Spain
STU31C24D,1996-09-25,F,Germany
STU281E6A,1995-01-21,M,Spain
STU71C232,2004-02-12,M,Spain
STU017C44,1996-04-08,F,USA
STUC79A83,2005-04-22,M,France
STU90C212,1995-10-18,M,Poland
STUFC56BF,1997-08-02,M,Spain
STU306F39,1996-09-20,F,Norway
STUA0F3FE,1997-01-27,M,Germany
STU2DAF44,2004-06-20,M,Spain
STU675784,1996-11-25,F,Norway
STUC4A4CC,2005-06-13,Other,India
STU260F73,1995-01-23,M,India
STU0B91F4,1996-11-19,Other,China
STU9BCD89,1996-08-13,F,Spain
STUA02D28,1997-05-28,F,Latvia
STU33C58C,1998-05-07,Other,China
STU0D9E28,2002-02-12,M,Italy
STU6B1BFD,1999-12-16,F,Sweden
STU2A7541,2004-02-04,F,USA
STUAA5D59,1995-12-23,Other,Norway
STU735CCC,1995-03-16,M,Latvia
STU22D6CF,1997-01-28,F,Lithuania
STUB40BB2,1995-10-08,Other,India
STU08B476,2003-01-28,Other,India
STUA932F6,1998-05-21,Other,Estonia
STUF482E4,2005-02-06,M,Germany
STU408CDA,1996-07-22,Other,Lithuania
STUBDA58B,1995-06-28,Other,India
STU302784,1998-03-09,Other,Poland
STU216212,2003-04-05,Other,India
STUC71839,2000-03-23,F,Sweden
STUF4F463,1997-06-05,Other,Lithuania
STUDD2850,1997-02-08,M,Poland
STU3D3CB5,2001-08-19,F,India
STU2D4B80,1999-03-17,Other,Spain
STU22A7CF,1997-07-16,Other,Lithuania
STU78FB77,1996-12-25,M,Sweden
STU1E564E,2002-09-04,M,China
STU5B32C2,2001-08-26,Other,Latvia
STUB6A48B,2001-12-05,Other,Lithuania
STUAEFBBA,1997-06-04,F,Spain
STU3AA232,2003-07-28,F,China
STU99BB4F,1997-07-15,M,China
STU4E8374,1995-03-06,M,Estonia
STU6D6B03,2004-05-03,F,USA
STU793555,2000-04-21,M,France
STUF1F871,2005-01-12,M,Poland
STU777F69,2004-09-09,M,Lithuania
STUE68DDC,2005-06-01,F,Italy
STUAA2E1C,2000-01-17,F,Latvia
STU896400,2000-03-18,F,Sweden
STUDAE584,2002-08-02,M,China
STUE5A6DF,2002-09-09,F,Norway
STUCF4F88,2004-08-02,Other,Lithuania
STU39C9FD,2003-11-24,M,Lithuania
STUD9B847,2005-08-13,F,USA
STU170F66,1999-01-11,Other,Spain
STUC0980B,2000-06-23,M,Poland
STUFEA299,2002-03-15,M,Norway
STU3FA7E7,2005-10-15,M,India
STUFCCCB0,1997-09-06,Other,Lithuania
STU3FF60B,1996-12-18,M,Germany
STUD7D6A7,1995-06-04,M,China
STU651D3E,1997-02-27,M,France
STU0C48F1,1995-07-07,F,Latvia
STU904DCB,1995-02-20,Other,Lithuania
STUBD1F64,2000-01-06,F,Lithuania
STUBB9524,2001-06-03,M,USA
STU85F318,2002-11-23,F,Norway
STU8AA994,1996-12-03,F,Lithuania
STUA33347,2005-07-09,Other,Italy
STUD9202E,2002-10-14,Other,Latvia
STUDEDA57,2001-04-21,Other,Poland
STU7A45C0,1997-05-27,M,Norway
STUF7D6C6,2005-10-01,F,USA
STUDAE744,1999-09-22,M,Spain
STU2EA85E,2003-11-17,M,Estonia
STU42C9BE,1995-02-04,F,Italy
STU627F80,2001-08-26,Other,Sweden
STU12608D,2002-08-14,M,Estonia
STUE84615,2000-03-09,Other,Sweden
STU4E73AC,1995-02-16,M,Estonia
STU3BB406,1997-02-15,F,France
STUAE9F89,2000-02-16,F,China
STU8565C7,1995-03-05,Other,Spain
STU9D8DB5,2003-01-09,Other,Italy
STUE0E007,1998-05-15,Other,Germany
STU3F63FE,2002-08-22,M,Italy
STU5F8645,1998-12-05,M,Estonia
STU1B403B,2000-11-19,Other,India
STUE498ED,1997-09-09,Other,Estonia
STU51170F,2003-08-26,M,Italy
STU525157,2003-08-06,F,Germany
STUA5E3DA,2004-10-07,M,USA
STU966B14,2000-12-16,Other,USA
STU46C651,1995-03-23,F,Lithuania
STUF447B4,2004-04-19,Other,Sweden
STU62A8A3,2005-07-07,Other,Estonia
STU5D3390,2003-05-25,F,France
STU51DB01,2003-05-09,M,USA
STU4719D5,2002-04-19,Other,Spain
STUC1BC9F,2000-12-25,F,China
STU1B165D,2005-06-05,Other,Spain
STU89F12E,2004-02-18,Other,Latvia
STU0F8799,2001-11-15,F,Germany
STU38C67C,1997-08-08,F,Spain
STU842C6F,1998-05-01,F,USA
STUF06671,1997-01-28,M,Sweden
STU8E90A9,2001-04-08,F,China
STU1B50DE,1995-02-09,Other,Germany
STU5BF4D0,1996-06-13,Other,Spain
STUFA56BF,1999-12-11,M,Sweden
STUF4162A,1998-07-06,Other,Latvia
STUD8D3D1,2001-03-07,M,Italy
STUE43B4C,2002-01-10,F,France
STUFBB750,2000-06-26,Other,Poland
STU600A26,2005-05-07,F,France
STUB410D6,1997-02-03,M,Norway
STU86FD5D,2000-05-19,F,France
STU8BBD52,2004-06-16,Other,France
STU4B4DB1,1997-02-21,Other,Latvia
STU77BE1D,1999-03-28,Other,China
STUDBFA87,1999-07-08,Other,Poland
STUE27222,2000-02-06,Other,Poland
STUDB6E39,1996-07-09,F,USA
STUF264DC,2004-03-09,Other,Sweden
STU447965,1999-03-19,Other,Latvia
STU7DA529,2002-03-09,F,India
STUC5909F,1998-06-07,Other,Estonia
STU442E26,2004-09-16,F,China
STUAA4F24,2005-10-26,M,Italy
STUF3DDA7,1998-01-02,F,Italy
STU6C9495,1996-05-12,Other,Poland
STU68D837,2003-04-28,F,Norway
STUA18754,2004-03-22,M,Lithuania
STU9E13D9,2000-08-27,Other,Germany
STU77266B,1999-06-24,M,Poland
STU4AB7EB,1995-12-17,M,Germany
STU1E399A,1999-07-10,M,India
STU8C5F51,2002-09-21,Other,Sweden
STUEC1D72,1997-05-07,Other,Lithuania
STUCA2B98,2005-02-09,Other,Sweden
STU071B7C,1995-07-14,Other,India
STUAEAE44,2004-07-04,Other,Lithuania
STUC33DD8,2001-10-21,F,Spain
STUB8567E,2002-05-20,M,China
STU56F158,1997-02-17,F,Estonia
STU263EF2,2005-01-13,F,Lithuania
STUBB04E3,2001-02-28,F,Norway
STU54D655,1996-06-19,M,Poland
STUA5CF53,1996-03-11,M,Germany
STUBA13E5,1998-02-14,M,Lithuania
STU6F1078,1999-01-06,F,Germany
STUAADF11,2003-10-18,F,China
STUB1F8A8,2003-04-21,M,Poland
STU8CFC8B,1997-01-18,F,Poland
STU27D0CC,1999-12-23,Other,Latvia
STUCA786F,1999-03-12,M,Norway
STU48CE7D,2004-07-25,F,Estonia
STU08C1BA,2004-11-25,F,Latvia
STUF42DCD,1999-03-02,M,USA
STUE6A961,1996-05-03,F,France
STUDE6C28,1997-05-13,M,USA
STU6F444C,2002-04-27,F,Germany
STUAD6A28,1998-12-28,Other,Sweden
STUA8BE63,1996-12-12,Other,Italy
STU1C66D0,1997-09-23,F,India
STU64E8CF,2004-12-28,Other,France
STU45B7E4,2002-06-22,F,India
STU1E6693,2001-04-25,F,India
STU83C33D,2004-09-06,Other,Spain
STU76F486,1995-06-11,F,Norway
STUE3C7E1,2004-08-22,Other,USA
STU894109,2003-04-13,F,Sweden
STU4C9083,1995-08-10,Other,USA
STU30BE43,1996-01-12,Other,Spain
STU256302,2004-05-24,Other,Latvia
STU04ACA7,1996-06-01,F,Spain
STU556DFF,2004-01-08,F,China
STUC407F6,2001-12-01,M,Latvia
STU7EAC7E,2000-09-21,F,Estonia
STUABABB0,2005-07-14,Other,Lithuania
STUDA77C7,2004-07-07,F,France
STUD7FCC9,2005-08-13,M,Norway
STU78B280,2000-02-26,M,Poland
STU5F9E5D,1995-02-17,F,Germany
STUD274D8,2001-03-22,M,Sweden
STU2A189A,1999-11-10,M,Latvia
STU9FB3DB,1995-03-28,F,Italy
STU1E4CD3,2004-05-02,Other,Italy
STU02B0AD,2004-11-08,F,Sweden
STU111A36,2000-04-11,M,China
STU02E696,1999-11-08,F,China
STUB6E004,2002-12-19,F,Lithuania
STUC8657D,2002-12-14,Other,Italy
STU8BE33B,2000-08-08,F,France
STU009899,2003-12-26,Other,Italy
STU40F4CB,1997-06-03,M,Germany
STU064B87,2000-12-18,F,Sweden
STUD9CF3E,2002-10-28,Other,Lithuania
STUE0D934,1996-11-16,F,China
STU0FC1F2,1997-03-28,F,Estonia
STU3935FC,2005-03-20,F,Estonia
STU3FE9ED,2005-07-11,M,Spain
STU9241B2,2004-07-16,F,USA
STU697AB7,2004-10-20,M,Germany
STU680C3F,1995-04-22,Other,Italy
STUA788B5,1999-01-15,M,Lithuania
STU250D5B,2003-05-25,M,Italy
STU276D2C,2004-12-03,M,France
STU70D51C,1997-07-19,Other,Italy
STU0065A7,2002-06-08,Other,Latvia
STU6342FD,2000-02-23,M,USA
STUC07135,2004-08-13,Other,Spain
STU44406A,2000-03-20,F,Sweden
STU8A7CD9,1996-05-05,Other,Sweden
STU617038,1997-01-09,M,Latvia
STU218EC5,2000-03-01,F,China
STU378C1F,1998-04-09,F,Poland
STU0FA635,1996-09-20,F,Latvia
STU3A2DDA,2002-04-15,M,Latvia
STU4552A9,1997-11-13,F,Estonia
STUE40921,1998-11-07,Other,Latvia
STU97CDF2,1995-05-04,Other,Estonia
STU6AC057,1996-08-03,F,Lithuania
STU96EEB0,1998-04-27,Other,China
STUD2C035,2005-04-02,Other,Italy
STUF3B327,1999-05-03,Other,USA
STU8BCEBD,1999-04-14,Other,China
STUD63D4D,2001-01-22,M,USA
STUEBD61E,1995-11-20,M,Poland
STU5C906A,1998-08-18,Other,Lithuania
STU8A3F28,1997-11-03,M,Estonia
STU345DC5,1998-07-16,Other,India
STUB41613,2001-08-15,F,Norway
STU476AAF,1998-07-11,F,Sweden
STU418CBB,1999-06-12,F,Italy
STU622060,2004-01-07,F,Latvia
STU22AD2A,1996-10-11,Other,France
STUC13621,1998-06-25,Other,India
STUC41BFF,1996-02-02,M,Sweden
STU5F61B8,2004-04-19,F,Italy
STU6C3818,1998-04-27,M,Latvia
STUF074F4,2004-12-25,M,Spain
STU9A6BC8,1998-04-21,M,Spain
STU446A59,2000-11-24,M,France
STUD60F53,2005-09-11,F,India
STU29264F,1995-08-01,M,Sweden
STU14C168,1999-01-14,M,China
STU9F084C,2001-01-13,F,France
STU7F45D6,1996-06-21,M,India
STUF2B1A3,1999-05-27,Other,Norway
STU806DD7,2001-03-04,F,France
STU9A1E0C,2003-04-24,F,USA
STU18F358,1997-08-23,Other,Norway
STUF7A89A,1998-01-06,Other,France
STUBE38D5,1995-07-19,F,Norway
STUE777F5,1997-06-06,Other,Lithuania
STU588583,1997-04-24,F,Latvia
STU67416D,2004-04-15,F,China
STU3EEBB9,1996-03-12,Other,Germany
STU891132,2003-05-17,Other,Estonia
STU764B3D,1996-10-22,Other,Estonia
STU3B9162,1999-10-12,M,Sweden
STUEBBFF5,2005-12-11,Other,Estonia
STUF15FB5,1996-12-23,Other,Estonia
STU17165E,1999-06-27,F,USA
STU455549,1999-05-14,F,China
STU2B1310,2000-03-08,Other,Lithuania
STU099AEE,1995-05-03,F,Germany
STUABECCB,1999-03-28,Other,Latvia
STUEA19C0,2001-08-18,F,Italy
STUD16093,1999-08-01,M,Latvia
STU1BF16F,2004-08-25,F,Estonia
STU70E7DA,2005-06-25,M,Poland
STUD77550,2005-05-13,F,Lithuania
STUF53C0F,2004-11-25,M,Sweden
STU420C48,2002-03-25,Other,Italy
STU883376,1995-12-05,Other,India
STU63A8B8,1995-01-26,Other,France
STU8EEAB5,2005-02-15,F,India
STUFC08B6,1995-11-16,M,France
STUE06DBD,2001-01-22,M,Poland
STU303D50,2001-02-08,Other,France
STU1F6026,1995-12-16,Other,Estonia
STU82EFC6,1997-11-24,M,Sweden
STU0D4E35,1999-06-16,F,Germany
STUD5D726,2002-06-10,Other,Germany
STUCA5C8B,2003-12-22,M,Germany
STUC54E27,2003-07-16,Other,Latvia
STUDD7E37,2000-02-12,Other,Lithuania
STUAA3E7A,2001-07-17,Other,Poland
STU6828CA,2000-06-24,F,Poland
STU56ACAB,2000-06-27,F,USA
STU5AB048,2001-02-28,F,Sweden
STU07DD85,2003-10-10,M,Estonia
STUB95439,1998-07-24,M,Sweden
STU1A35E7,1999-07-21,M,Italy
STUD110F6,2004-06-11,M,India
STU1228DA,2001-02-28,M,Spain
STU6955E5,1998-10-11,F,Spain
STU4C09E9,1997-03-09,F,Poland
STUA995B4,2003-03-12,F,Estonia
STU74F3CD,2001-02-19,M,Poland
STU69D183,1997-11-23,F,Estonia
STU5539C4,2002-12-10,Other,China
STU79E630,2001-10-16,Other,France
STU086CBF,2003-08-19,Other,USA
STUE2E424,2004-07-24,M,Poland
STUB27F09,2004-07-08,M,Italy
STU20A08A,1997-08-21,M,France
STUF6C974,1998-07-19,M,Germany
STU235646,2000-10-24,M,Sweden
STU1D514F,1999-03-08,M,Poland
STU401F8E,1997-08-10,F,Estonia
STU74CE3B,1995-02-16,F,Spain
STUB35F7C,1996-10-03,Other,Latvia
STUCDF29D,2001-04-15,Other,USA
STUD8A478,1995-09-12,Other,Italy
STU266276,1998-07-01,F,China
STUE43322,1997-03-07,M,Sweden
STUD4737C,1998-06-14,F,Spain
STU00B0D9,2005-12-12,F,Norway
STU6F9B05,2000-07-20,Other,France
STU056917,1997-10-17,F,China
STUB49B0B,1996-01-26,F,Lithuania
STU831C91,1995-04-28,Other,Germany
STUA91951,2002-04-01,M,China
STUC8FDF6,1997-05-25,Other,Germany
STU1C7805,2002-05-28,Other,Sweden
STU7926CD,1998-12-26,F,Germany
STU9BB6AC,2005-12-08,F,Sweden
STUFE61B0,1996-02-18,Other,India
STU66B0C4,1997-01-08,Other,Lithuania
STU2D4D4A,2005-07-28,Other,India
STU3F7C2F,2004-06-17,Other,Sweden
STUEBDEFD,1997-11-03,Other,Italy
STU434A8E,1998-11-22,M,India
STUD5C633,1996-02-21,M,Latvia
STU54B3A6,1996-08-16,Other,Lithuania
STU234CFC,1998-11-13,F,Sweden
STU7F5E01,2001-04-13,Other,India
STUF03677,2004-05-16,M,Latvia
STUFC1F0D,1996-11-08,M,Sweden
STU31C47F,2000-10-17,F,Italy
STU00E0D8,1995-04-07,Other,Norway
STUE299F8,2004-01-23,M,USA
STUB5315F,2005-10-09,M,Spain
STU4ED804,2002-06-07,F,USA
STUEE28F3,1998-11-24,M,USA
STUD9ED0D,1998-03-23,F,India
STU0C220D,2000-03-28,Other,Norway
STUFDCD21,2000-07-15,M,Estonia
STUA2DB85,2005-06-02,Other,Spain
STUD502BD,1995-06-13,Other,Norway
STU4078C5,2003-01-15,M,Germany
STU290BAC,2001-06-05,F,Estonia
STU369860,1999-09-20,M,Latvia
STU3EE73A,2000-03-26,Other,Estonia
STUABDA11,2003-04-17,Other,Germany
STU3E669C,1995-12-03,F,Poland
STUA736B1,1999-10-15,F,Norway
STUD13DCE,2001-05-19,M,Spain
STU81864C,2001-12-03,F,Italy
STU1EFEDD,2002-07-27,F,Germany
STU2B0B2B,2003-03-05,Other,China
STUE7563D,2001-02-27,Other,USA
STUB1D148,2000-11-09,Other,Estonia
STU647A33,2005-01-28,M,Estonia
STUEACE6C,1999-09-28,F,Estonia
STUD6DBCC,1999-04-22,Other,France
STU640793,2000-08-16,F,Sweden
STU466AC6,1996-12-08,Other,Latvia
STU55B959,2001-06-21,F,Lithuania
STU3B0C58,1995-12-19,M,India
STU42CF83,2000-10-12,Other,Sweden
STU3C31CB,2002-09-07,M,Spain
STUECA5F4,2004-12-21,Other,China
STUE59D4B,2000-10-25,M,Sweden
STUF9E8A7,1995-02-19,F,Poland
STU7E06DD,1997-11-15,M,Sweden
STU5E8F36,2001-02-18,F,USA
STU17AA26,1998-07-02,Other,Latvia
STU61B9FB,2002-09-02,F,Germany
STU30D20A,1995-11-05,M,Spain
STU56D274,2005-12-07,Other,Latvia
STU4DB6A2,1996-02-06,M,China
STU43B028,2004-10-14,F,Norway
STUE3131C,2001-04-15,M,Lithuania
STU616A2D,1998-11-15,M,France
STUE08138,1999-09-08,F,Italy
STU680062,2001-08-01,F,USA
STU4A715F,1996-10-21,Other,Lithuania
STUCEBCE2,2000-07-22,F,Norway
STU9F212F,1999-04-19,F,Norway
STUCC7DD1,2002-01-11,F,Sweden
STU4DDFAE,2002-04-20,M,Poland
STUB22F3B,2001-05-24,Other,Lithuania
STUBE50DF,2004-12-11,F,Sweden
STU9F3C06,2003-11-18,F,India
STUB64B86,1998-12-22,M,China
STU7A9095,2000-09-17,F,Latvia
STUD0C2C0,1996-01-28,M,Italy
STUE4555C,1998-02-05,Other,China
STUFE8D11,1997-07-27,F,Germany
STU7CE9AA,2000-05-16,Other,Lithuania
STU40F26E,2005-01-19,F,Latvia
STUE23418,1995-05-01,M,China
STU9D0B9A,1999-07-04,F,Estonia
STU71F61B,2002-12-01,M,Lithuania
STUD82E85,1996-10-22,M,Lithuania
STUA9E07D,2002-04-17,Other,Italy
STU327D17,1999-07-15,Other,Spain
STUFAB9F8,2005-05-24,F,France
STUDE6101,1998-07-25,Other,Spain
STU2048DD,2004-11-02,Other,Estonia
STUF93C59,1999-02-07,M,Estonia
STU55081A,2003-06-19,F,Norway
STU5FBF3A,1996-09-08,M,Poland
STU2B8076,1998-01-12,F,Germany
STUA32DE3,2005-09-21,F,USA
STU725065,1997-06-21,M,Poland
STUB6B802,1996-10-21,M,Spain
STU794530,2000-10-10,Other,Lithuania
STU68FAFB,2004-05-06,Other,Estonia
STU3CC696,1999-02-27,M,Italy
STU015EC6,2004-08-20,Other,India
STU88F902,2004-01-24,Other,Spain
STUCBC4F5,1997-04-18,Other,India
STU407610,2002-11-14,F,Sweden
STUAE96BB,2001-01-21,F,Germany
STU6FAC00,2003-10-11,M,Spain
STU9E3595,1999-01-21,M,Estonia
STU9E41B8,2004-08-18,M,Latvia
STUFB25E4,2002-05-10,Other,India
STU60EC3A,2005-04-01,Other,Poland
STUF55236,2003-04-14,M,Germany
STUD1FF62,2004-11-07,Other,Estonia
STUD4210C,2005-08-23,M,Germany
STU5415D7,2001-07-08,Other,Germany
STUBF1436,1995-08-04,F,France
STU30F325,2003-02-18,F,Poland
STU920BFB,1998-04-27,M,Poland
STU9F7CA4,2002-09-14,M,Italy
STU01F61A,2002-08-13,F,Norway
STUDBEBD8,1996-10-05,Other,China
STU746490,2005-09-18,Other,Germany
STU8C9843,1995-04-02,M,Latvia
STU8314B6,2002-06-26,F,France
STU6F9E73,1995-06-17,Other,China
STUFA282E,1997-04-22,M,Spain
STU0B37AE,2001-01-13,F,Norway
STUAFA88F,2003-08-04,Other,USA
STUD8C2BC,1997-05-25,Other,Norway
STUB4B295,2005-03-13,F,Italy
STU768F2B,2002-02-07,F,France
STU6D3898,2004-07-16,F,India
STU7977AB,2000-02-23,Other,France
STU80F7C7,2000-04-15,F,China
STUF6BDD1,1997-06-15,Other,France
STU4A21C2,1999-11-26,Other,Latvia
STU5EBB12,1997-06-05,Other,Sweden
STU57FDA8,2005-10-19,M,India
STUBDC8A1,1996-09-12,M,China
STU8CF17D,1996-02-11,Other,Sweden
STU8B6381,2002-04-26,M,Latvia
STUA171EB,2000-02-11,F,Sweden
STU171966,1999-12-14,F,Lithuania
STU4D6A96,2005-06-02,Other,Sweden
STU2D255C,2003-01-20,Other,Spain
STUF836A5,2003-12-07,M,Estonia
STU48A7EF,1998-05-14,F,India
STU391EED,1995-03-25,F,Italy
STU1B4374,2003-07-02,M,USA
STUC64FBB,1999-12-24,F,Sweden
STU202C59,1998-12-08,M,China
STU557921,2003-10-05,M,France
STU102B97,2004-06-05,F,China
STU20866E,2000-08-02,F,Poland
STUFD9744,2000-06-24,F,Latvia
STUA63E11,2005-03-13,M,Latvia
STUBD6E38,2003-01-27,Other,Spain
STUD0FBF6,1997-05-22,Other,Germany
STU8ED61A,2002-02-13,M,USA
STU7456AE,2003-12-22,F,China
STU23CC2D,1997-12-23,Other,USA
STUDB5AB3,2001-10-15,Other,France
STU5B7F8F,2002-07-24,M,Spain
STUD3AFDE,2005-08-01,M,USA
STUA83EC1,2003-06-21,F,Norway
STU811623,2003-08-25,Other,Germany
STUBD7456,2001-09-04,Other,Spain
STU4956EF,1996-10-05,M,India
STUA27D40,2004-05-03,Other,Germany
STU32D922,1998-03-17,Other,Lithuania
STU5C6592,2001-03-12,M,USA
STUB5F0B3,2004-05-28,Other,Poland
STUB74454,2003-06-09,F,Italy
STU19DEAB,1999-02-27,Other,Estonia
STU63C593,1997-06-18,Other,Spain
STUEDA433,1996-05-25,M,Lithuania
STU2E5DED,1998-06-13,M,Lithuania
STUF04DD4,1998-03-17,M,Sweden
STU0EB550,2002-04-11,Other,France
STU9E281D,2004-01-10,F,Estonia
STU95FE02,2003-07-12,F,Poland
STU479E21,2001-09-19,Other,Sweden
STU4907A1,2005-03-03,M,Germany
STUCE82B6,2000-01-17,F,Germany
STU579202,2003-07-18,F,Sweden
STUE73F97,1999-11-07,F,Norway
STU04145F,2001-01-22,Other,Latvia
STU148826,2003-03-07,M,Estonia
STU9EA6E8,1997-06-18,F,Germany
STU8ADE4D,2003-10-26,Other,USA
STUF06DB8,1999-07-15,Other,Spain
STU3979DC,2001-04-03,F,Spain
STU70E52E,1998-01-28,Other,France
STUDFAD6E,2001-01-04,F,Germany
STUF68616,2001-03-17,M,Spain
STU9BE892,1998-12-13,F,Estonia
STUC4395D,1995-09-27,F,China
STUA693CA,2005-08-10,Other,Poland
STUC7FEC7,2005-02-14,M,France
STUCAD682,2005-12-08,Other,Lithuania
STU6C5BB3,1998-02-02,Other,India
STUB89084,1996-07-14,M,China
STU4142D7,2001-07-06,M,Latvia
STU963CD3,1999-06-27,F,France
STUC6FC44,1996-05-25,M,Latvia
STU51B18D,2005-06-15,Other,Sweden
STU73919D,1997-03-19,F,Poland
STUA32636,1996-11-01,Other,France
STU82CBDD,2003-07-03,M,Sweden
STU24A6D2,2001-12-02,Other,USA
STU5B22A0,1995-03-28,F,Lithuania
STU1E9926,1999-07-19,M,USA
STU175B6F,1996-08-09,Other,USA
STU685187,2000-04-17,Other,Estonia
STUBD554B,1996-12-13,M,France
STU700373,1999-02-01,F,Sweden
STU53A1E3,2005-08-18,Other,France
STU512EF6,2000-08-28,M,Germany
STU35F3C4,1996-07-12,M,Germany
STU3B06CB,2005-05-05,M,China
STU66D074,2003-10-07,F,France
STU810755,1999-01-15,M,China
STU4593B4,1996-11-01,Other,Norway
STUDF997B,1997-10-17,F,Lithuania
STU4875F4,1997-04-22,Other,Lithuania
STUC7722C,2000-11-24,M,Sweden
STU3C4DD8,2001-08-04,F,Latvia
STU61711F,2000-04-08,Other,Spain
STU1DF722,1996-08-25,M,France
STU54120E,2002-10-25,F,Italy
STUC6B759,1999-12-26,M,Germany
STU71C047,2004-09-23,M,France
STU840253,2004-03-06,M,China
STUF400B1,1997-09-22,Other,Poland
STUA6E066,2000-11-06,M,Latvia
STUEA69B8,2004-11-12,M,Poland
STUF7D65E,2002-07-18,M,Poland
STU225B43,1997-07-20,F,Germany
STU74987C,2000-01-28,F,China
STUDA749C,1995-08-24,M,India
STU20ADFF,1997-05-24,Other,Poland
STUE75B00,1998-10-10,M,Lithuania
STUF3CB0B,1998-12-25,M,Italy
STUA2FC22,1995-12-25,M,Norway
STU0E7062,1999-10-13,M,China
STUC44E2B,1998-09-08,Other,France
STU37C852,1999-01-25,Other,Spain
STU4AC9AE,2002-11-13,F,France
STUC2B4EA,1998-10-19,Other,France
STUF5F28C,1997-12-18,F,India
STU2764A2,2003-01-07,M,Lithuania
STU8B2946,2003-07-21,F,Poland
STU143464,1999-09-14,Other,Spain
STU69C2D6,1997-10-21,M,Latvia
STUC95AAF,2000-01-11,M,China
STU3D62BD,1999-11-17,F,USA
STUC292B3,1996-06-19,M,Italy
STUC7A529,1996-09-05,M,Norway
STU28F54C,2002-03-04,M,Estonia
STUFD304D,1995-08-09,F,France
STUB9E869,2002-10-23,M,Estonia
STUE294C4,1996-12-03,F,Poland
STU92ACA8,2002-05-28,Other,Lithuania
STU63C405,1995-04-23,F,Italy
STU906189,2001-09-22,Other,India
STUEFB1FF,1999-09-13,F,USA
STU07A7E4,2002-04-16,F,China
STU429667,1999-10-13,F,Sweden
STU3F34E8,1995-08-05,M,Sweden
STU0EE505,2001-12-02,F,China
STU5791C0,2002-05-04,M,Lithuania
STU6C6B5A,2003-02-18,M,Spain
STUA02772,2001-09-20,M,Latvia
STUA358F3,2005-03-12,M,China
STU5CC314,2003-11-19,Other,France
STUA6EEF2,1995-05-07,Other,Spain
STU99A8AF,2000-02-13,M,Germany
STU3A4EB8,2001-10-25,Other,Italy
STUEC3A06,2002-08-12,M,India
STUB37F88,2001-07-18,F,Latvia
STU2E44A0,1995-04-22,Other,Poland
STUB47553,2001-04-13,F,Latvia
STUBD6FD1,1996-08-11,M,France
STU9B0A20,2005-09-03,M,Italy
STUB62307,1998-08-13,F,Germany
STU06C7ED,2004-09-08,Other,Spain
STUEF1D9D,1995-04-20,F,Spain
STU75BA15,2004-06-05,Other,India
STUFEA0C5,2001-01-17,Other,Latvia
STUA288D0,2000-04-06,Other,China
STU66E370,2003-08-08,F,India
STU5A45A1,1995-02-03,F,Estonia
STU6E5447,2004-08-27,Other,France
STU112D42,2002-06-09,Other,Norway
STUFFDCAD,1998-11-28,Other,Norway
STU3C8560,2002-01-09,Other,Estonia
STUC792FA,1995-10-14,F,Latvia
STU188BE8,1996-10-10,F,China
STU6F4BB5,2001-06-19,F,Norway
STUAD7B29,1998-10-13,M,China
STUDC4C4B,1995-11-07,Other,France
STU22FEFB,1995-06-16,M,Sweden
STU6B6B1B,2003-12-19,M,Lithuania
STU678F00,2003-12-01,F,China
STU615CF4,1996-12-22,F,Italy
STUDD46B9,2001-10-21,F,Spain
STU628182,1995-08-28,Other,Germany
STU0A00FD,1996-11-17,Other,China
STUCCFB8E,2003-08-22,F,China
STUD2F180,1996-11-24,F,Estonia
STUBB90A9,2004-02-13,F,Latvia
STU6840AA,2002-03-08,F,Spain
STUF6EF12,1999-02-04,M,France
STU7D8621,2003-06-15,Other,India
STU3BB39C,2001-08-04,M,Sweden
STU66DA57,2000-08-23,M,Latvia
STUD9DAD6,1996-09-05,Other,Poland
STUCCF4A0,1997-08-25,Other,Estonia
STU23FD3D,2005-09-17,F,USA
STU7405DE,1997-05-19,Other,Estonia
STUC9D1A1,1996-10-13,M,USA
STU1017AD,2003-05-04,Other,India
STU76925B,2000-11-18,F,Italy
STUB2D339,1998-08-23,M,Lithuania
STUBB7990,1999-04-15,F,Spain
STU9899EB,1996-09-11,F,Estonia
STU425C6C,2001-08-01,F,Poland
STU4D7443,2001-10-27,F,France
STU762287,2003-12-28,M,France
STUCE856A,1999-01-01,M,India
STU9F8DEE,1999-01-26,F,Italy
STUEA20A3,2001-01-05,M,China
STUD669E6,1996-01-24,F,France
STUDABCB9,1995-08-25,Other,Norway
STU49AB10,1997-10-14,Other,India
STUC23397,1997-03-24,Other,Latvia
STU08CBE1,2005-06-24,F,Germany
STU697860,2002-04-24,F,France
STUFBECF7,2004-12-16,Other,India
STUEE27D8,2004-03-28,F,Poland
STU8D1FAE,2005-10-16,Other,Spain
STU302D56,2001-07-21,F,France
STUBF70FA,2002-12-12,Other,Norway
STU70F3D7,2003-12-22,Other,Spain
STUBA5205,2005-08-03,M,India
STUEF3987,2000-04-19,Other,India
STUFE10EA,1997-06-21,Other,Estonia
STU224AC0,1995-07-23,F,Norway
STU06C4A1,1996-09-11,M,India
STUFEC9A7,2001-01-25,Other,Poland
STU44084A,2002-05-08,Other,Lithuania
STU91A2D7,1999-01-06,F,Sweden
STUA0E0A0,1995-01-10,M,Spain
STUB4783A,1996-07-22,F,Norway
STU8778AA,2002-06-05,F,China
STU0ED6AA,1995-08-04,M,Norway
STU9D4535,2004-12-24,Other,Norway
STU51AD99,1996-08-14,M,India
STUF5F738,2000-01-14,F,Germany
STU4CF17A,2002-03-19,Other,Estonia
STU413860,1995-12-10,M,Latvia
STUCEBF98,2003-11-04,F,India
STUED814A,2001-08-13,M,Germany
STU06D2FA,2002-01-05,Other,Italy
STUDCE6E5,1999-04-03,F,USA
STU3EA1C4,1998-10-03,F,Latvia
STUDE7063,1999-07-09,F,Germany
STUF781AD,2000-07-02,F,Sweden
STU0BC68D,2002-09-06,Other,Lithuania
STUA86775,2005-04-14,Other,Lithuania
STUCE743E,2001-12-04,F,India
STUDC1965,2000-01-22,M,Sweden
STU38409D,1996-04-09,M,India
STU740486,2004-08-08,M,Germany
STU226B4E,1997-11-02,Other,Sweden
STU873BD6,2001-08-14,F,Italy
STU0A5DE4,1999-11-01,F,Spain
STU2C2D9A,2005-03-09,M,USA
STU2BE814,2005-02-23,F,Estonia
STU3002C6,1999-04-11,M,India
STUFFF40B,1997-09-24,F,Poland
STU25FABE,2002-09-22,M,Italy
STUC6D826,2003-02-08,Other,Lithuania
STUCD427D,2000-08-08,M,Poland
STUF4C9E6,1998-07-25,F,Latvia
STUB03928,2005-09-13,F,Italy
STU0798AE,2000-06-05,F,Poland
STU887919,2000-02-01,F,Lithuania
STU62E09E,2000-11-12,F,Lithuania
STU7DAE96,2000-03-20,F,Lithuania
STU65220D,2003-07-18,F,China
STU9413A4,1999-05-03,M,China
STUBA56BE,1998-06-22,Other,Estonia
STU107907,2003-10-14,Other,Germany
STUA803AB,2000-09-13,Other,Germany
STU60CC7D,2001-04-11,F,Lithuania
STU24A9AB,1995-07-21,M,Italy
STUEB11F0,2005-06-03,F,Poland
STU82B1C0,2002-10-28,F,India
STU33043E,2000-02-28,Other,Spain
STU07D705,2002-09-09,Other,Italy
STUDE6075,1998-02-27,M,Norway
STUAC873C,1998-05-25,F,China
STU66FE16,2000-09-21,M,USA
STU5A5EB3,1996-10-16,F,India
STU657ECB,1997-02-07,F,Sweden
STU03F1B8,1996-07-09,Other,Sweden
STU2BC788,1996-06-05,Other,China
STU6633B8,2001-06-08,M,China
STU963B1D,1997-03-28,Other,China
STU103F34,1999-08-02,Other,USA
STU3E0DE4,2003-02-01,M,France
STU1AACB3,2003-12-04,M,Estonia
STU7108F6,2002-02-20,Other,Latvia
STU1B4C19,1999-01-25,Other,Estonia
STU4775B9,2005-05-08,F,China
STU61F064,1999-09-22,Other,India
STU012430,1996-03-13,Other,Poland
STUCF4B98,2002-10-08,M,India
STUD6150B,1995-09-28,M,Italy
STU277A3C,2003-09-26,Other,Estonia
STUBB6CA5,1995-06-28,Other,Latvia
STUB6E913,1995-09-04,F,Lithuania
STU2DF5A5,1998-04-10,Other,Lithuania
STUA24F1E,2000-01-18,Other,Poland
STUA5BF29,1995-06-13,Other,Spain
STUE3D88D,2000-11-17,Other,USA
STUEF6B4B,2001-10-19,M,USA
STU843C42,1997-02-25,M,Poland
STU8A7257,1996-07-23,F,Estonia
STU88761D,1999-07-01,M,USA
STU538843,1996-03-10,F,Norway
STU8C7085,2001-05-05,Other,Poland
STU14A5B4,1997-12-22,Other,India
STU4E99F5,2000-10-17,M,Sweden
STU92A7A7,1997-01-15,F,Estonia
STU6F691A,2003-09-26,F,Estonia
STUA8F8AE,2000-10-03,M,Sweden
STU4A82F5,1995-10-05,M,Spain
STUE741F0,1998-02-24,F,India
STU4C7A5B,2001-06-14,Other,Italy
STUC13CBD,2002-12-28,M,China
STU9A245B,2001-07-12,F,Latvia
STU771132,2005-02-07,M,France
STU15BF53,2004-10-12,M,France
STU774203,1998-09-19,Other,China
STU6E89AA,2001-05-21,M,Sweden
STU3A22B3,1999-06-02,Other,Sweden
STUEA7371,1997-12-23,Other,Italy
STUC04DF0,1998-03-25,M,Spain
STU0C5085,1995-08-05,F,India
STUF943B0,2003-08-13,F,Poland
STUFE4162,1997-07-04,M,USA
STU30DAF9,2004-06-27,F,Norway
STU8B2F57,1999-06-18,F,Poland
STUD115EB,2003-12-01,Other,Italy
STU8BB901,2003-04-19,M,France
STU6A081F,1995-09-08,F,France
STU4F978B,2005-05-27,M,USA
STUB7EB1D,2005-08-17,Other,Italy
STUC66A33,2004-09-17,M,Estonia
STU60F1C0,1997-01-14,Other,Sweden
STU79F366,2000-07-20,M,Germany
STU12BCC6,2000-11-20,F,China
STUC8C763,1997-08-14,Other,Germany
STUE398DD,1997-04-14,Other,Spain
STUFB97EF,1996-03-16,F,Spain
STU64963F,1999-02-18,M,Estonia
STU3B99E9,2004-12-25,F,Italy
STU83A294,2005-08-27,Other,India
STUDD53A1,1995-03-26,M,Latvia
STU7AD5B9,1995-02-28,F,Norway
STU83029C,1996-11-01,F,Germany
STU0E3C29,2004-05-12,M,Germany
STUDA5757,2001-11-25,Other,France
STU09BCCC,1999-08-08,F,USA
STUA9247B,1998-05-04,Other,France
STU7C1765,1998-10-03,M,India
STU83F791,1998-03-08,Other,India
STUC389FE,1996-09-14,Other,India
STU36FF76,2001-08-28,Other,USA
STUD2FBA4,1995-07-14,Other,Norway
STU99E7F1,1999-08-16,Other,USA
STU9B490B,1997-01-23,M,Poland
STU065111,2005-01-10,M,Latvia
STU7C3BC5,1998-09-09,M,India
STU4A29C0,2002-09-06,F,Lithuania
STU7924FF,1996-11-18,F,Norway
STUEA8AB7,2002-10-25,F,USA
STU2EE2A0,1998-04-28,Other,France
STU9C493A,1997-03-11,M,Estonia
STU46C2BB,1998-10-05,M,France
STU2B724E,1997-06-25,F,Norway
STUA1AD65,2002-03-15,F,France
STUC7CF4F,2000-08-22,F,Lithuania
STUFD2EE3,1997-02-22,Other,Latvia
STUDEFBAB,2000-03-03,M,France
STU878472,2003-05-14,M,Spain
STUA7FD33,2001-04-17,M,Estonia
STU91CB47,2001-12-25,Other,Norway
STU68921E,2003-09-28,F,Germany
STUCBE2C6,1995-12-26,Other,France
STU4D718D,2002-06-23,Other,India
STUB0D8A0,2004-09-08,F,USA
STUA0CA08,2003-10-10,F,China
STU9A1702,2002-01-13,Other,India
STU137D84,1998-11-19,M,Latvia
STU994DE1,2000-04-05,Other,USA
STUA069B9,1995-03-11,F,Sweden
STU707481,1996-07-23,Other,India
STUC5A13E,2005-08-19,F,Sweden
STUAB51A2,2002-11-15,Other,USA
STUFD5E21,1996-09-25,Other,Latvia
STUEAE35A,2001-04-23,F,India
STU123F4E,1996-04-28,Other,Italy
STU24A41F,2004-12-10,Other,Italy
STUC32187,2004-03-23,M,Poland
STU01CFFE,2003-06-24,F,Germany
STU8DE30D,1998-11-11,Other,Lithuania
STU7D3D60,1996-10-09,F,Spain
STU6415D6,2002-08-19,F,Germany
STU555ED7,2001-11-07,Other,China
STU8F2350,2004-07-27,F,France
STU87D79E,2004-10-16,Other,Norway
STU549638,2004-02-23,F,Latvia
STUA6A9F1,2005-11-05,M,Lithuania
STU149904,1995-09-23,Other,Poland
STU9B27A3,1995-01-04,Other,France
STU3C544F,1997-09-27,F,USA
STUED7D84,2001-10-02,F,Germany
STUE84E5A,2000-02-11,F,Italy
STU9B6C55,2004-06-04,F,Estonia
STUE9608B,1995-10-23,F,Norway
STUBB6881,1996-11-23,Other,China
STU3E7E32,1995-11-17,M,Lithuania
STUD74B08,1999-11-12,Other,India
STU17598A,2002-03-09,M,USA
STU0C4C51,1997-08-28,Other,USA
STU154BF5,1999-12-23,Other,Sweden
STU28CDDA,2001-06-23,Other,Germany
STUCDD0DD,2004-05-27,Other,Spain
STU0D8247,1995-06-04,F,Poland
STUE1E6F5,2004-08-05,Other,Italy
STU56BB54,1996-03-21,M,France
STUCE2FDD,1998-04-11,M,Sweden
STU2B70D8,2002-06-22,F,USA
STU9DFAAD,2002-08-15,M,France
STU2CD8DB,1997-07-26,F,Latvia
STUA8104F,2002-06-02,M,USA
STUAFC6B5,1996-01-10,Other,USA
STU8FE11B,2004-08-20,M,France
STU1EA3F5,1995-08-16,M,USA
STUBCB8F5,2005-11-06,Other,Lithuania
STUA7D495,2001-02-22,Other,Estonia
STU6E6ADC,1995-08-27,F,Sweden
STU46A291,2001-12-14,Other,China
STU74C0CB,2002-11-09,F,Germany
STU495B07,1996-08-04,M,France
STUDF6AB2,1998-06-13,F,Latvia
STU3B460A,2005-04-26,Other,Lithuania
STU841F44,1998-03-12,M,Sweden
STU2AC012,2004-06-23,M,Italy
STU17568D,2000-09-15,Other,India
STUAF70DA,2001-08-07,F,India
STUCFC520,1995-08-18,M,India
STUAE4419,1995-11-16,M,Latvia
STU9EFC34,1998-11-20,F,China
STU29397F,2002-07-09,Other,Sweden
STU48CD41,2005-02-06,Other,Sweden
STUF85C16,1996-05-20,Other,USA
STU1161DC,2004-04-22,F,USA
STU7802CD,1998-02-25,Other,Sweden
STUA02D08,1997-08-11,F,India
STU79FD45,1999-05-08,Other,China
STU115828,1995-10-11,M,USA
STU0B4B5E,2004-06-13,F,Spain
STUB01D6E,1995-01-21,F,Spain
STU3742DC,2001-03-23,M,China
STU06348F,1995-06-22,M,Sweden
STUF57426,1999-01-15,Other,Norway
STU5C380E,2005-01-28,F,Latvia
STU038A00,1996-02-07,Other,USA
STU884B58,2000-04-28,Other,India
STU41ADD0,2002-12-21,Other,USA
STU7F5C14,1998-10-14,F,Germany
STU6CECE8,2002-11-06,Other,Italy
STU2D9C4C,2004-12-18,F,Norway
STU3E5709,2002-08-23,M,Italy
STUE154A3,2000-05-17,Other,Estonia
STU6C5C08,1995-08-03,M,India
STU664ED9,2004-10-13,Other,China
STU222304,2004-02-11,F,India
STUF0531D,2003-03-27,F,Lithuania
STU938635,1995-11-05,Other,Spain
STU7C412D,1998-12-27,M,Spain
STU66F22E,1997-07-17,Other,Spain
STUA39D86,2002-05-14,M,Germany
STU47DC1D,1996-04-14,Other,Latvia
STU236590,1999-02-12,F,Norway
STU97E67F,1996-12-05,Other,Estonia
STU62D4C2,1996-09-09,M,India
STU165099,2005-11-12,M,India
STU5D84EC,2004-06-26,F,China
STU663C45,1996-08-14,Other,Italy
STU5B2620,2000-09-20,M,Germany
STUCDEA48,1998-12-12,F,Germany
STU4EF54A,2003-06-18,F,USA
STUA3DEF8,1995-07-07,M,China
STU6FA52F,2005-03-25,M,Latvia
STU240774,1997-10-08,M,Italy
STU2D1921,1997-09-28,F,Latvia
STU61D0A4,2004-08-04,F,India
STUB7B1A7,1998-06-26,Other,USA
STU555A2E,2001-05-16,M,Sweden
STU604D59,2003-11-10,Other,Norway
STUF1AC3B,1999-07-09,Other,Italy
STU22219F,2000-01-15,Other,Germany
STU38B0D9,2003-04-04,M,Poland
STU0D6F06,2003-06-24,Other,Lithuania
STUF3B102,2003-09-02,Other,Norway
STU97985D,2000-07-24,F,Italy
STU40D6BB,1995-12-22,F,Latvia
STUA1F113,1996-11-01,F,Latvia
STUCBA72C,1995-02-01,Other,USA
STU04E360,2003-11-27,F,Norway
STU8DDF75,2004-08-26,F,France
STU4CFC7B,2002-07-03,Other,Spain
STU93FA2B,2002-09-26,Other,Latvia
STUA56C1E,2001-07-07,F,China
STUABFC24,2005-05-13,F,Spain
STU844287,1998-04-10,F,Norway
STU40A8AA,1999-12-19,F,Spain
STUF02010,1998-08-19,M,Germany
STU702B8D,2001-03-17,M,Estonia
STU82C58F,1996-06-01,M,Spain
STU067157,2002-05-07,Other,USA
STUC06E7D,2002-04-10,F,Lithuania
STU1793C4,2000-03-04,Other,France
STUCDB605,1995-06-21,M,France
STU00A184,2002-03-25,F,Lithuania
STU23069F,2004-08-28,Other,Estonia
STU24919E,2001-03-20,M,France
STU403121,2000-10-16,F,Spain
STU3FD32C,2001-07-01,Other,Latvia
STU700ACC,2000-10-04,Other,Latvia
STU3EAD9B,1996-08-25,F,Norway
STU242E00,1998-07-14,F,Spain
STU731EB2,2004-08-21,Other,Latvia
STU0A6DEB,2000-09-15,F,Latvia
STU7567AB,2004-11-22,F,USA
STUC97353,2000-08-04,M,Poland
STU6016B8,2005-10-18,F,France
STU812C92,1999-12-20,F,Poland
STU9FD3E2,2001-04-28,Other,Italy
STU2CE9D5,1997-06-16,F,Norway
STU7D2E1D,2002-08-09,M,Norway
STU0F2C52,2005-03-03,M,Spain
STUD9EE6B,2003-05-17,F,Norway
STUFDE25B,2000-07-27,M,China
STU30D85E,2004-02-18,Other,Latvia
STU006D7B,2002-06-12,F,Estonia
STU6E3269,2005-09-28,M,Germany
STUA3A047,1997-10-02,Other,China
STUDAB9CD,1995-01-11,Other,Lithuania
STU809F58,2000-05-12,Other,Poland
STUF2B325,2002-04-13,F,Latvia
STU0D7BE4,2000-05-02,F,India
STU153CA2,2004-02-19,M,France
STUBBFFE3,1999-03-10,F,Germany
STU553EA4,2005-12-28,F,Poland
STU3BD0A5,1997-04-20,M,Spain
STU007836,1995-07-11,M,Spain
STU902D23,2000-04-23,F,Estonia
STU0B6717,2002-06-27,Other,USA
STUE879D9,2003-01-19,F,China
STU7EB6EF,1997-09-06,Other,India
STU81BFCD,1996-10-13,M,Latvia
STUEBCE06,2002-09-16,Other,Italy
STUCD1E45,2005-08-17,Other,Latvia
STUB4E8E6,1997-12-26,F,Spain
STUC660B9,2002-07-08,M,Estonia
STU4C3941,2002-08-08,Other,USA
STU728E8A,2003-12-08,F,Sweden
STUEF891D,2001-01-19,F,USA
STU359452,2004-08-17,F,Italy
STU4C4631,1995-01-22,Other,France
STU2020F0,1999-06-22,M,Norway
STU0C2C87,1997-10-13,M,Estonia
STU37C66D,1995-11-03,M,Norway
STU52EBD1,2004-04-23,M,India
STUFFDE0B,1997-07-12,M,Norway
STUF999F5,2003-03-12,F,Sweden
STU040029,1998-01-11,Other,France
STUB8C31E,2005-02-24,F,Sweden
STU5753E2,2002-02-03,F,Norway
STU26E78D,2000-04-19,Other,China
STUB199A8,2002-03-09,Other,Italy
STUE1686D,2003-02-23,Other,China
STU8E68CF,2003-08-22,M,Latvia
STU5A356A,2005-09-10,M,Norway
STUB9DE8E,2000-12-11,M,India
STUC53565,2003-01-12,M,India
STU3D66C5,2001-06-20,Other,Norway
STU6F8EA7,1997-07-17,M,Estonia
STU3E5101,2000-01-25,F,India
STU93682B,1995-06-03,M,Lithuania
STU0C8324,2001-10-14,F,Germany
STU5D5E24,1996-03-18,M,Italy
STUE2D9C0,2001-09-08,Other,Norway
STU7770E1,1995-03-16,Other,Italy
STUB45965,1998-08-19,Other,China
STU9E48FE,1997-02-10,Other,Estonia
STUD90C10,1997-05-03,M,Norway
STU5A3885,1996-08-08,M,Sweden
STUF8D538,1998-10-02,Other,Italy
STU7E02E7,2003-04-02,F,Latvia
STU1AED6F,1999-11-17,M,Sweden
STUB76C6D,2003-02-14,F,Germany
STUEA8D4D,1998-09-13,F,Italy
STU047408,2005-07-02,F,Norway
STU4F37AD,2002-06-12,Other,Italy
STUFC85D6,2002-04-24,F,France
STUE83A68,1996-01-11,Other,China
STU62138B,2005-11-15,F,USA
STUC96439,1997-06-01,F,Lithuania
STU1D38E9,1997-06-23,Other,Latvia
STU4D65E2,2005-10-24,Other,Latvia
STU0856C8,1996-01-21,Other,Italy
STUCE4A82,2000-09-15,M,Spain
STU24723B,2000-08-17,F,China
STU3F2D11,2000-08-21,M,Lithuania
STUD6DDC0,2003-01-05,F,Poland
STU90ADE5,1995-05-03,F,Lithuania
STU4DC4B1,2002-12-25,F,Estonia
STUF52553,1998-02-13,F,Lithuania
STU2BBF45,2003-11-04,F,China
STUD16BA7,2005-02-03,F,USA
STU2A30A9,2000-11-13,F,Poland
STUFFE74E,1998-11-10,M,India
STU446D26,1999-08-22,Other,Italy
STUED34B2,1995-01-02,F,Italy
STUC40E5E,2003-05-02,Other,Latvia
STUD1F975,2004-03-05,Other,Norway
STU40AF49,1995-07-28,Other,Estonia
STUA96F29,2005-01-21,F,France
STUDFC06C,2004-05-20,M,Italy
STU26DC19,2001-11-12,Other,India
STU6F4858,2005-09-02,Other,Spain
STU4980BC,2005-07-07,Other,Spain
STU8EF50F,2001-05-16,M,Germany
STU452391,1999-06-11,Other,India
STU40143D,1996-08-02,Other,India
STUEDA8A7,1998-04-12,M,China
STUC1B46C,1999-11-22,M,France
STU533130,1999-11-21,Other,USA
STU372A9A,2001-07-23,M,USA
STUDD5842,2004-01-25,M,India
STUF3321B,1995-05-12,M,Estonia
STU363C8A,2003-01-09,Other,India
STU5DB53F,2003-09-26,Other,Sweden
STUFA1439,2002-11-06,F,Poland
STU9319B2,1999-01-22,Other,Sweden
STUEE122A,1996-12-15,M,Estonia
STU86271B,2004-09-15,M,Poland
STUC1BA0E,2002-01-19,Other,Poland
STU8B0A99,2001-07-18,Other,Poland
STUF529D1,1998-01-08,Other,Latvia
STU4F006A,1999-07-20,M,USA
STU22DBE0,1997-09-04,F,Lithuania
STUA54880,1996-07-09,F,France
STU774DA5,2001-07-05,F,Norway
STU617A03,1998-02-05,F,Spain
STU4C0FFD,2001-02-05,F,Sweden
STUD225C8,2004-09-15,F,Germany
STUE74FFE,1997-10-12,F,China
STU2C7D67,2005-10-10,F,France
STU867E84,2000-01-18,M,USA
STU46176A,2004-11-17,Other,China
STUD75CC8,2002-02-15,M,USA
STUE1935C,1998-02-25,F,China
STU17E9E8,2002-02-14,M,France
STUD44240,1997-07-27,M,France
STU88FC8F,1999-08-03,F,Italy
STU968C98,1995-05-09,M,Italy
STU9E38DE,1997-07-09,F,Italy
STU7FDF2A,2005-11-17,Other,USA
STU49B413,1997-10-26,F,India
STU1DBF71,2004-05-24,F,France
STU4EC71F,1996-11-22,Other,China
STU58638E,1996-04-24,F,Latvia
STUD1508D,1995-05-20,Other,Norway
STU13052F,2001-03-01,Other,Spain
STU13D3D2,2003-04-15,M,Estonia
STU0EFF58,2001-06-24,M,France
STU58B764,1997-08-22,F,Lithuania
STUE75A6F,2002-05-22,Other,Poland
STU8B741F,1999-07-09,F,Lithuania
STUE0E42C,1997-07-23,M,Spain
STUF30804,2000-04-10,M,Italy
STU5D1FDE,2000-06-13,M,Latvia
STUDFBD8D,1998-03-27,F,India
STU4A36DF,1997-02-07,Other,France
STU422ADA,1996-12-12,F,Poland
STUB3ADD6,1995-10-22,F,France
STU4E9AF8,1997-11-12,M,Norway
STUFB7207,2000-01-12,F,Latvia
STUA6BBB3,2003-11-02,Other,France
STU83C27D,2005-09-06,Other,Lithuania
STU4AB6D5,2002-03-16,M,Germany
STU8DBF3C,2001-04-07,F,Lithuania
STUF65BF5,2005-03-22,Other,Spain
STU09F04B,2002-09-04,Other,China
STU0F6CFC,1998-03-14,F,Germany
STU5E9A64,2002-04-08,M,Sweden
STU550F74,1997-08-15,Other,Sweden
STU547FBC,2002-05-14,Other,Italy
STU4DE666,2003-09-28,M,Estonia
STU0D2B37,2005-05-25,F,Latvia
STUF4F8C4,2002-11-23,F,China
STU7F5C55,1999-10-22,M,Estonia
STU1D7221,1999-05-20,Other,Spain
STUB74013,1996-04-14,F,Italy
STU4D5537,2005-08-06,Other,China
STUDF8005,2001-07-17,F,India
STUEDDA2C,2004-01-22,F,Spain
STU97C0D9,2001-11-14,F,USA
STU1237DE,2003-04-25,M,Lithuania
STU774274,1998-02-13,M,India
STU8F4A51,1998-02-16,F,Estonia
STUB37C6D,1995-06-08,F,Lithuania
STU58178A,1998-09-22,Other,Spain
STU8A0E1D,1998-04-04,Other,Italy
STU0E8FC2,2005-12-04,Other,Lithuania
STUD5CEDE,1996-07-13,F,Latvia
STU2B2E92,1995-03-08,F,Germany
STU2A41AA,2003-01-28,M,Estonia
STUB55ADE,1998-09-17,Other,India
STU89F7C2,2004-11-28,F,Spain
STU4FFC37,1996-02-12,F,China
STU7A03A6,2005-04-19,F,Latvia
STUC177D9,1996-06-16,M,France
STUE74A87,1996-06-19,M,Lithuania
STU577B5A,2005-07-25,F,Lithuania
STU98B9F8,2003-07-28,M,Spain
STU818A7B,2001-06-02,F,Sweden
STU95B5E3,1995-03-14,Other,Germany
STUCF285B,1997-05-28,F,Latvia
STU47BE9D,2005-10-05,M,Italy
STU1809F8,1996-11-26,Other,India
STU8D5234,1997-07-21,M,China
STU302933,1998-06-02,F,Germany
STUB1ED95,1996-01-17,F,Lithuania
STU5DA5CC,1996-06-28,F,Estonia
STUD0F245,2004-08-21,M,Sweden
STUDACA35,1997-12-20,Other,Poland
STUD6DE83,1995-10-20,F,USA
STU6393B6,2000-03-28,F,Latvia
STUE8EBC6,2001-07-12,M,Latvia
STUDC9E88,1998-07-18,M,China
STU0914D6,2001-09-26,Other,Germany
STU576143,1996-05-02,F,Spain
STU13B084,2002-04-02,Other,USA
STUEACEF9,2002-02-09,M,Estonia
STU86EF24,1995-04-20,M,Estonia
STU696027,1997-01-02,F,China
STUE7A48B,2005-07-06,F,China
STUF5EF72,1995-08-01,Other,Germany
STU9652D5,2005-05-16,F,Latvia
STU8B49DD,2000-11-15,Other,Latvia
STU84012E,2003-09-20,M,Poland
STUC6A4C7,1998-03-15,M,Latvia
STU6B5E55,1996-06-06,M,Estonia
STU5AA0AD,1998-03-05,Other,Norway
STUE0E5D6,2005-11-06,F,France
STU027858,1995-02-10,Other,USA
STU7F6AC1,2005-04-18,Other,France
STUB63C28,2002-06-10,M,USA
STU64FDCE,1996-09-18,F,China
STU26B1AA,1999-06-20,F,Norway
STU05ACD3,2003-01-02,F,USA
STU81A99D,2004-03-24,F,China
STU5EAA87,2001-04-13,F,Estonia
STUF612A3,2003-04-16,F,Italy
STU164FF4,2005-11-12,Other,Lithuania
STUDEE402,1999-06-18,M,Latvia
STU29A2D8,2002-06-02,M,India
STU397DAB,2002-12-15,M,Estonia
STU6299AD,2004-01-24,M,Poland
STU1BC0BE,2002-03-04,Other,Poland
STU73A907,1998-06-19,Other,Latvia
STU03472E,1995-05-07,M,Spain
STU6EEB08,1996-06-22,F,Estonia
STUE896A2,2001-05-01,M,Lithuania
STUD87E96,1996-05-13,M,Poland
STUAE1738,2004-11-07,M,Italy
STU3A5832,1997-01-28,F,Germany
STU865E38,1997-07-02,Other,Estonia
STUD20AA0,1998-02-13,Other,France
STUE1C989,1997-07-13,M,Spain
STU695E1E,1996-07-04,F,Lithuania
STU1819DA,2003-03-07,M,Lithuania
STU75D94E,1996-08-03,Other,Norway
STUC75989,1996-10-26,Other,France
STU30E92B,2000-08-24,F,Lithuania
STU841A5D,2000-02-20,Other,USA
STU188053,2004-06-01,Other,Poland
STUC788D8,2004-12-01,M,China
STU048BD3,2000-07-25,F,China
STU223A02,1998-11-12,M,China
STU76F0E0,2001-04-12,Other,Italy
STUEB3927,1996-08-26,F,Spain
STU624D48,2000-03-09,M,Spain
STU47466B,2005-01-05,Other,Germany
STU2F44BF,2003-07-16,M,Lithuania
STU004FF9,2001-07-11,Other,Sweden
STUCECEFE,1995-03-10,Other,Germany
STU8D0BC1,1998-06-15,F,Norway
STUFF8A54,1999-02-22,F,Estonia
STU71E44A,1995-06-16,M,Norway
STUEAAF77,2000-04-05,M,India
STU7BF6E1,2002-11-20,Other,Norway
STU146C7D,2005-06-06,F,Poland
STU243F80,2000-09-15,Other,Estonia
STU20BAD1,2003-10-26,Other,Poland
STU177A80,2001-12-18,M,Poland
STU5216DB,2002-02-11,M,Poland
STU2B2308,1996-05-06,Other,France
STU433245,1996-03-10,Other,China
STUA2C62C,2003-05-12,F,Sweden
STUEBD172,2002-04-03,Other,Spain
STU218279,2002-02-24,F,India
STU2769DA,1999-02-19,M,USA
STU5A520E,2001-07-20,F,France
STU0FE94E,2000-11-02,Other,Italy
STU87C06B,2002-12-27,M,Spain
STU3698AF,1999-01-04,Other,China
STU04F56C,1996-08-13,M,Norway
STU767C18,1995-07-04,M,USA
STUA30046,1995-02-04,Other,Germany
STUF23B26,2002-04-18,M,Poland
STUD19B1A,2005-09-21,Other,Poland
STU028725,2002-03-01,M,Italy
STU06AC4F,2002-10-13,F,Sweden
STU390614,1999-01-01,M,Estonia
STU95C09D,1996-11-25,Other,India
STU73360F,2000-05-28,M,China
STUAAB743,2001-12-02,Other,Norway
STU8F07F7,2003-03-28,F,Poland
STUC25ECE,1996-07-28,F,Spain
STUFB6ECD,1999-12-06,F,USA
STUCBC0DD,1996-02-09,F,Italy
STU5F2DBF,1999-11-13,F,Germany
STUA057F6,1999-09-05,M,Spain
STUE2AB6D,1995-11-14,F,Germany
STU901E2A,1996-02-14,Other,France
STU717114,2001-01-08,Other,China
STU78E5A1,2004-06-04,Other,India
STUB79AD5,2000-10-05,M,France
STU58A094,2001-07-11,M,Poland
STUE685B3,2002-05-14,F,Italy
STU15C11C,1998-04-04,F,China
STU21F63B,1999-10-26,F,Lithuania
STUF8F47D,2001-01-25,F,USA
STUD4C6EB,1999-02-04,Other,Spain
STU6F70F8,2002-11-04,M,USA
STU677DFE,2005-05-21,F,India
STU2C5C2D,1998-11-04,Other,Lithuania
STUCF2850,2002-09-20,Other,Lithuania
STU1EAFCD,2005-08-18,F,Estonia
STUDB22A5,2005-12-11,F,India
STUC644EC,2001-01-04,Other,China
STU9FA4F0,2003-04-01,F,Poland
STUAA8B64,2005-06-21,F,USA
STUA3D347,1999-08-10,F,Spain
STU368534,1998-05-23,M,Italy
STUA9297F,2005-11-28,Other,Norway
STU2FAD2B,1998-07-25,Other,Norway
STU6B8321,1995-02-22,F,Latvia
STUD82720,2000-03-27,F,Spain
STU5720D5,1996-11-26,Other,Norway
STU380E6A,2000-01-09,M,China
STU3347DA,2004-04-16,M,Poland
STUDDBD81,1996-09-11,Other,Sweden
STU1AB024,2003-10-23,F,France
STU7AD027,2005-01-24,Other,Italy
STUA4D8F5,1997-10-01,F,India
STUA053CA,2005-06-02,Other,Italy
STU9FB2DA,2002-10-05,Other,Poland
STU15E81D,2003-05-15,Other,Germany
STUC8E003,2001-07-17,M,Sweden
STU806A13,1998-12-20,Other,USA
STU4C90CF,1997-05-03,F,USA
STU3E3336,1996-02-20,F,France
STU71A955,1995-12-24,Other,USA
STU0818C0,2001-03-24,F,Latvia
STUEB71AC,2005-10-01,Other,Latvia
STU018C23,2005-01-13,Other,China
STUDAD5FB,1998-02-25,M,Germany
STUF3ECF2,2005-02-15,Other,Italy
STU5D3397,2004-03-18,M,China
STU5BE3D5,1997-04-08,M,Germany
STU63EE2B,2000-07-16,F,Germany
STU767D72,2000-01-27,Other,India
STU7107CA,1998-09-28,F,China
STUCE4364,2001-02-14,M,India
STU766905,2002-12-04,F,Poland
STUF37F84,1998-05-26,M,Norway
STU8F13AF,2005-12-16,M,Germany
STU06100B,1998-06-21,F,Spain
STUAD1BCD,2002-05-06,M,USA
STUEEB245,1999-12-05,M,Estonia
STUCC446A,1999-03-02,F,Estonia
STU42BA3D,1998-08-09,M,Italy
STU193421,2005-09-15,M,Estonia
STUA27F37,2004-05-05,F,Lithuania
STUC968FF,2005-06-19,M,USA
STU5D0AC8,2000-04-28,Other,China
STUB96F28,1995-10-12,F,India
STUE18B80,2005-09-16,F,Estonia
STUE3DE94,2004-04-13,F,USA
STUB853B1,1997-08-07,F,Estonia
STUE4844C,2000-08-05,M,Latvia
STUCC5AE2,2005-02-14,Other,China
STUCB26A9,1996-03-19,M,Poland
STU0F68A1,1998-06-04,M,USA
STU63FF0E,2005-02-08,Other,Spain
STU9EDA57,1995-02-01,F,Italy
STU8C61E2,1998-06-25,Other,Lithuania
STUDB9CED,1997-05-13,Other,France
STU0A0968,2003-05-23,Other,Poland
STU5CA792,1997-04-05,Other,Germany
STU9B7FEA,1997-04-28,M,Lithuania
STU04BA52,2003-08-26,M,Latvia
STU4794FE,2000-12-28,F,Lithuania
STUD015E1,2004-05-07,Other,Poland
STU13A8AB,1998-08-01,Other,Italy
STU2F957C,2003-08-17,M,Norway
STU913E7A,2004-03-04,M,Poland
STUCFEE0D,2001-12-18,M,Germany
STUA668FC,2001-11-02,Other,Lithuania
STU097219,2004-10-07,F,Poland
STU65C835,2000-02-20,M,Poland
STUB7FCF9,2002-09-10,F,India
STU9D2D05,2004-09-18,M,Latvia
STU4B1EBB,1995-04-15,Other,France
STUF6C7FD,2005-08-24,M,Latvia
STU84A8C4,1996-02-08,M,Norway
STU075D9F,1995-11-09,Other,France
STU004BEB,2001-03-10,F,Italy
STU068C29,1999-01-15,F,Lithuania
STU9C9A8B,1995-06-08,F,Italy
STU86659A,2005-09-17,M,Spain
STU7C2190,1999-09-24,M,USA
STU67D3E9,1996-09-01,Other,Latvia
STUB7AFB0,1997-10-21,Other,Spain
STU409694,2003-06-02,M,India
STU41678D,2003-05-16,F,Estonia
STU25A248,2003-03-11,Other,Norway
STUA39D9F,2000-04-15,M,Italy
STU28F473,2001-05-04,F,China
STUF78EF1,1998-04-24,M,Norway
STU6B2E48,1995-07-14,F,USA
STUFB6CBC,2002-01-21,Other,India
STUD0B86E,2001-04-25,M,Poland
STUA39C17,1996-10-26,M,India
STU29D187,2001-12-03,M,Estonia
STU59E13D,2000-06-24,M,Lithuania
STUF52434,2004-04-16,M,India
STUC85E0B,1996-04-09,Other,Lithuania
STU43ED3B,1998-08-16,Other,Poland
STU9C7166,2002-01-25,M,Norway
STU52EF20,2004-11-21,M,Lithuania
STU21BD0B,2001-02-26,Other,Estonia
STUC4405B,1997-01-01,F,Italy
STU95D9C4,2003-03-02,F,Germany
STUDB6F3D,1996-07-06,F,Norway
STUACD089,1999-03-10,F,Latvia
STUC80B75,1999-08-08,M,Italy
STU0FC743,2000-01-25,F,Italy
STU3161EC,1997-10-22,Other,Lithuania
STU174858,2000-12-08,F,China
STU59B02A,2002-10-21,M,Germany
STU2F329F,1995-08-06,Other,India
STUC55AF1,1995-10-12,F,Latvia
STUBD3032,2005-10-01,M,Italy
STUE160FB,2000-01-18,M,Estonia
STU77B568,2004-07-18,Other,France
STU7268FB,1999-06-14,F,India
STU4B5E25,2002-12-23,Other,Latvia
STU33D37F,1996-12-15,F,France
STU154CB0,1997-01-11,F,Lithuania
STUB5E3AA,2005-06-03,F,India
STU891A42,2005-06-14,F,China
STUFCF58F,1999-01-19,M,Lithuania
STUC1F263,1996-12-13,Other,Norway
STU71F5AB,2000-10-24,Other,USA
STU8BD01A,1998-01-01,M,Spain
STUA6DABA,1999-11-03,F,Lithuania
STU3298D8,2000-12-21,Other,Lithuania
STUD259A7,2001-11-16,M,Estonia
STUA63E38,1996-05-26,F,Sweden
STU31EA76,2000-05-17,F,Lithuania
STUB50B6F,1995-01-02,F,Lithuania
STU7E6E2D,1995-05-23,F,France
STU3AB0D8,2000-05-20,F,Sweden
STUAF4A2C,2003-04-10,Other,Latvia
STUF6F9A6,2002-06-06,F,Sweden
STU738896,1995-05-18,Other,Estonia
STU3256FA,1997-05-13,F,Germany
STU2D522F,2000-08-14,M,Poland
STUFDBD28,1998-09-02,Other,Norway
STU512443,2004-06-24,M,Poland
STU9BEB84,2003-02-06,Other,Poland
STUB518BF,2001-06-06,Other,USA
STU2DF204,2000-01-18,Other,Poland
STUB51085,2000-10-11,Other,Lithuania
STU0B9616,1999-04-04,F,Lithuania
STUA05ACB,2002-02-25,F,France
STU98D989,1996-11-14,Other,France
STU1EB927,2002-08-28,Other,USA
STU6B9360,2001-04-27,M,USA
STU5E6C29,1995-12-08,M,India
STU92B564,1998-02-19,F,Sweden
STU86EC39,2002-01-06,F,France
STUCCB081,2001-02-14,Other,France
STU117E50,1999-05-13,Other,Sweden
STU05C6F2,1999-06-25,Other,Latvia
STU781B9A,2004-03-09,Other,France
STUCC4CBD,1996-11-18,M,Germany
STUD0D7BD,2003-02-28,M,China
STU2D4EB4,1998-08-21,M,France
STU27418C,2005-11-09,F,India
STU686864,2004-12-06,Other,Norway
STU64A003,2000-10-03,Other,France
STUD43F71,1999-09-19,F,Lithuania
STU46ADAF,1995-10-22,F,Sweden
STU7DE612,2000-09-09,F,Spain
STUBB933D,2004-03-21,Other,France
STUBA03AF,2003-12-27,Other,Norway
STU351323,2003-01-21,F,China
STU657F4A,1998-08-13,Other,USA
STU240369,2005-08-14,F,Estonia
STU7288A4,2002-04-15,Other,Lithuania
STU97A3E0,2000-04-09,M,Italy
STUC4FC45,1996-10-04,Other,Norway
STUA64EF0,1996-07-05,Other,Estonia
STU46F704,2002-05-15,F,China
STU641480,2002-07-14,Other,Sweden
STU959904,1995-12-20,M,Estonia
STU824F77,1996-10-07,F,Germany
STUD1F43F,2001-05-05,F,Estonia
STUE40A08,2005-11-20,M,Poland
STU64635F,2002-07-28,Other,Norway
STU8E130C,1995-09-26,F,Sweden
STUAD1DDA,2002-06-19,M,Lithuania
STU227C64,2005-06-28,Other,Sweden
STU5C385E,1998-12-19,Other,USA
STU1B8073,2001-08-02,Other,France
STU6F3636,1999-08-16,F,Poland
STUB6CEED,1999-01-12,F,Norway
STUA800D5,1995-03-12,Other,Lithuania
STU43AD4E,1996-06-12,F,France
STU391BB8,2004-05-02,Other,China
STUAD9D51,2004-12-20,Other,Italy
STUEBCF86,2002-06-05,F,Sweden
STUC9A84A,2005-04-16,F,France
STUE16350,2003-05-12,F,India
STU493C1D,2000-12-22,Other,Norway
STU9CF824,2001-11-14,M,Spain
STU439693,2000-12-09,M,Lithuania
STU88C17A,2000-01-19,F,Spain
STUF0C1F4,1995-11-15,M,Norway
STUEF8612,2002-03-17,Other,India
STUAC447D,1997-08-13,Other,Italy
STUF460B8,2005-09-18,F,Lithuania
STU09E281,2003-10-09,M,India
STU6F1418,2005-07-27,F,Lithuania
STU3E1E40,1998-07-14,Other,Latvia
STUF5FA3E,1995-11-06,F,Sweden
STUBFAD76,2005-05-09,Other,Germany
STU728EF6,2005-10-27,F,Spain
STU20D652,2000-01-02,F,Estonia
STU947210,2001-02-14,F,Spain
STUDD03FB,2002-08-28,F,USA
STUD652A6,2003-05-05,F,Norway
STUD85329,1996-07-10,Other,Poland
STU09DFD9,2004-02-13,M,USA
STU6DBEAC,2001-10-11,M,USA
STU2C5B4F,2002-03-11,Other,Germany
STU15D861,2000-01-04,F,Estonia
STUF27E6E,1996-06-14,Other,Norway
STUCCB0BA,2003-01-16,Other,Latvia
STUBCFD7F,1997-04-02,F,USA
STU853E06,1995-01-17,M,Spain
STU952FF9,1998-12-10,Other,Estonia
STUB7FB72,1995-03-07,F,France
STUCC48D2,1998-03-27,F,Estonia
STU7ACB09,1997-05-20,F,Poland
STUE61DD8,2003-01-03,Other,Sweden
STU399078,2005-10-21,F,Estonia
STU2942ED,2004-02-04,Other,India
STU3204B0,1997-10-28,F,Sweden
STU345C51,1999-01-08,M,Poland
STUE8654C,2003-03-18,F,Estonia
STU108872,1996-05-14,F,Estonia
STU6136B7,2000-02-03,Other,Germany
STUF20A84,1995-04-27,M,Estonia
STUBBC3F7,1995-06-20,F,Sweden
STU3C8C40,2005-07-21,Other,France
STU448FFB,1997-04-19,F,Spain
STUD7C18D,2003-11-07,Other,Norway
STU86F091,2000-11-24,F,Germany
STUA4EE8E,2003-09-10,F,Spain
STU3550DA,2002-12-16,M,France
STU323218,2005-09-21,F,Lithuania
STUAB9D5D,1998-01-27,Other,Germany
STUC74557,2002-08-26,M,USA
STUA27B97,1996-08-19,M,Poland
STUD405A8,2001-03-12,M,Italy
STUAF2C47,2000-04-06,F,Norway
STU1A2E29,2004-10-05,F,USA
STU670BF8,2005-05-22,Other,Latvia
STUE715C3,1998-12-15,M,Sweden
STU2B3555,2003-12-15,Other,Norway
STUE63A67,2004-04-24,Other,USA
STUD3DFD1,2003-10-27,F,Estonia
STU191EB9,1996-03-28,Other,Sweden
STU9CE22C,2002-03-17,F,Norway
STU7C4070,1999-08-26,Other,Sweden
STU224F23,2004-02-02,F,Lithuania
STUC33F15,2002-07-23,M,Estonia
STU5B56CC,2001-10-26,F,Italy
STUA08243,1997-12-10,M,India
STUA750EA,2000-08-08,M,USA
STU1D8ACE,2003-01-05,M,France
STUAF37EF,1995-05-03,Other,Lithuania
STU9B4CC2,2002-02-19,M,Germany
STU437CC9,2004-05-08,Other,Spain
STUF87FD1,2002-01-06,F,Italy
STU05984B,2002-09-04,F,Estonia
STU631817,2001-04-26,F,Italy
STUEEF424,1995-02-19,M,Italy
STU9B7C54,1998-02-22,M,Lithuania
STU7D4A0B,1996-12-11,Other,France
STU02CDD5,2000-07-15,M,Poland
STU206071,1998-08-02,Other,Lithuania
STUF41E2C,1996-11-23,F,France
STU30383C,2004-04-03,F,Italy
STU2E46C5,2001-01-26,F,Spain
STUE16A84,1995-03-04,Other,India
STU4CF6EC,2002-04-15,M,Spain
STU40E2DB,2004-08-26,Other,USA
STU654DAF,1995-02-27,M,Poland
STU121849,2005-05-19,M,Sweden
STU75F817,1997-02-27,Other,Estonia
STU4C37A4,1997-03-24,Other,France
STUF1E5D3,1995-01-14,M,Spain
STUB7F26B,2003-07-11,F,India
STU67820E,2004-07-13,M,Germany
STUCA0A69,2005-06-28,M,France
STU960F31,1998-06-18,Other,Lithuania
STUA70C0F,1999-08-03,M,Latvia
STU39F624,1995-01-10,F,Lithuania
STU6A7687,1996-06-24,M,Poland
STU4FB296,1996-10-11,Other,USA
STU35191E,2001-01-27,M,Norway
STU5A4DC6,2001-10-25,M,China
STU00845C,1999-08-16,Other,Sweden
STUD7D77B,2001-01-28,F,France
STU3AE261,2003-06-13,M,Italy
STU6DC554,2002-06-01,F,Germany
STU274139,1997-05-13,F,China
STUABCC0B,1995-07-19,F,USA
STU3115A7,2003-07-25,M,China
STU54DB76,2002-06-28,F,Poland
STU60AD9B,2003-03-16,F,Poland
STU3AEDE1,1996-05-18,Other,China
STUEA6114,1996-07-02,F,Latvia
STU3BBFA8,1995-02-19,F,USA
STU271C3B,2000-06-16,M,Latvia
STU300B30,1997-07-16,Other,Latvia
STUA0FB0E,2001-06-02,F,France
STUBEDDFC,1999-02-10,F,India
STU71529B,1997-10-09,M,India
STU6F9DC6,2001-08-26,Other,Lithuania
STU364707,2003-09-02,Other,Italy
STUA57485,1995-02-11,M,Spain
STU541BB5,2002-11-17,Other,Sweden
STUEC1EC5,1997-07-17,F,Estonia
STU09E465,2002-01-10,M,France
STU99DCDE,1996-07-24,Other,USA
STUD690A9,2003-02-10,M,Lithuania
STU966FEA,2002-07-22,Other,Poland
STUD610EB,2002-11-01,M,Sweden
STUFA4D22,2003-02-09,M,Sweden
STU3737EA,2000-10-16,M,USA
STU340DE5,1998-10-24,Other,China
STUCC71C1,2002-07-14,Other,Poland
STU1E012E,2005-01-11,F,Poland
STU226C42,2002-02-11,M,Lithuania
STUA8C40B,2002-07-01,M,India
STUA77680,2002-06-25,M,India
STU4C0C4D,2003-01-01,F,Norway
STUD185CD,2003-05-06,Other,France
STU8BF577,2000-06-15,F,Poland
STU43623D,2003-11-14,F,Norway
STU2FC81D,1995-07-14,F,Germany
STU77B479,1996-10-24,M,China
STU9563FF,1997-09-25,M,France
STUDB95E5,2004-02-09,M,Lithuania
STUABE278,2005-10-26,M,Poland
STUAF26C1,2000-03-15,M,India
STU313734,2000-10-16,Other,Spain
STUA3CC70,1998-07-27,F,France
STU7642A2,1995-09-22,Other,Poland
STUADE2A9,1997-11-25,M,Italy
STUD5C82D,2004-10-26,F,China
STUEE70FF,1999-12-15,Other,China
STU483B9C,2001-10-24,Other,Latvia
STU5CB776,1995-02-06,Other,China
STUA79C29,1997-06-25,F,China
STUBAAAF2,1997-01-18,M,Sweden
STUBE9FA7,1996-12-01,Other,Latvia
STU00F351,1995-03-12,F,USA
STUDCC364,1995-02-28,F,USA
STU8D121B,1997-12-02,Other,USA
STU0AD19D,2001-12-08,F,Lithuania
STU3FDE80,1998-06-11,Other,Italy
STUF66B88,2004-02-11,M,Sweden
STU9B038A,2002-07-25,M,Sweden
STU34BAA3,2001-03-19,F,China
STUC05989,2000-09-28,F,India
STU48D8BF,1998-07-28,M,Germany
STU67933E,2000-04-28,F,Latvia
STU04A985,2002-04-05,M,Estonia
STU906F6B,1997-03-11,F,Italy
STU2BC976,1995-09-01,F,Estonia
STUCA6419,1999-01-20,F,Latvia
STU3C812D,2002-04-27,Other,Latvia
STUFA0708,2002-02-27,Other,Spain
STU7EE92E,2005-05-04,M,Lithuania
STUCC0FC3,2005-01-14,F,Italy
STU670880,2003-05-17,F,Spain
STU3D513E,2004-04-01,M,France
STUE5C1C6,2001-01-08,Other,China
STU2BC21C,2000-11-23,F,Lithuania
STUD86103,2003-10-23,Other,Norway
STU059130,1995-07-09,Other,USA
STUB0392F,1998-08-12,Other,China
STU3AA885,1995-05-10,F,Estonia
STU377959,1995-11-27,F,India
STU8FB96D,2003-04-02,F,Norway
STUB0BBFD,1995-03-16,Other,Latvia
STU820B77,2004-01-06,F,Sweden
STU0F781F,1999-06-04,M,Lithuania
STUF79CC3,2005-01-11,Other,China
STU800EA0,1995-02-20,Other,Italy
STU92FD64,2002-06-10,F,Spain
STUBD0254,2003-09-25,M,Latvia
STUD1F414,1999-03-16,F,Lithuania
STUDFD070,2001-03-17,M,Latvia
STU7D3CC7,2000-01-15,M,Italy
STU372570,2000-04-06,M,Italy
STUC623AD,1997-09-12,M,Italy
STUF1C207,2000-01-04,M,Italy
STU88E8AF,1997-05-15,M,Poland
STU36DEBC,2002-09-17,F,USA
STUDCD238,2000-01-24,F,Poland
STU5E380E,1998-10-24,Other,Poland
STU812B7E,2003-11-09,M,Latvia
STU4DDE11,1995-06-24,M,France
STUA47611,1996-03-01,Other,Lithuania
STUB9E2C0,2002-05-21,M,France
STU4E155E,2000-02-11,F,Estonia
STU8FF4AB,2004-04-07,M,Norway
STU4C635F,2001-12-20,M,China
STU0DB8DD,2001-09-19,Other,France
STU3B9A8E,2002-04-17,F,Estonia
STU4B3C4D,1998-01-19,M,USA
STUB4836F,2000-03-28,M,Estonia
STU610806,1995-07-02,F,Sweden
STU7ABEC0,1998-07-26,M,Norway
STU9C33C4,1996-03-10,M,Spain
STU632992,2002-04-20,F,Estonia
STU981BB1,1996-03-21,F,Latvia
STUE73670,1996-10-08,F,Sweden
STU46F63A,2004-05-28,M,Sweden
STU402400,1999-04-14,F,USA
STUA6BC02,1998-02-22,F,India
STU9EB79F,2000-12-20,F,Italy
STUD6973A,2001-09-25,M,Italy
STUC68294,1995-09-19,F,Poland
STUE1BE95,1999-07-23,M,China
STU827690,2005-02-18,F,Estonia
STU5D7B84,2003-10-16,F,China
STU3C02F3,1998-04-22,M,Germany
STUED577D,1998-01-09,M,China
STUD3216F,1998-04-27,M,India
STU106C69,2003-09-21,M,Poland
STU9CE5F7,2005-10-13,M,China
STU0AE6A4,1997-06-01,Other,India
STU5E6434,2005-03-16,M,France
STU4CB716,1995-01-25,F,Spain
STUF01963,2003-07-13,F,Latvia
STUDEE838,1999-08-02,F,USA
STU8DB58A,1997-07-02,Other,Germany
STU88FC56,2002-06-16,Other,Latvia
STUEF1106,2004-07-14,M,Sweden
STU6BD7F6,2003-01-12,M,Norway
STU909BF9,1998-09-02,Other,China
STU4B2057,2003-03-07,M,Lithuania
STUBC8832,2004-08-01,M,Estonia
STU144515,2004-09-06,F,Norway
STU8009F0,2002-01-21,Other,Norway
STU7797C2,2000-02-17,Other,Sweden
STUAF07F6,1997-02-01,Other,Latvia
STU49AA21,2005-11-26,Other,Sweden
STU01B568,1998-07-15,Other,USA
STU57DF86,1997-09-21,Other,Poland
STU6D1880,2001-09-19,F,Lithuania
STUD7E414,1995-07-25,F,China
STUC20B01,2003-11-17,M,Germany
STU83399D,2002-10-02,F,India
STU36FDAB,1997-06-06,Other,USA
STU22BF80,1999-07-11,Other,Lithuania
STU11E0E7,2001-09-25,M,USA
STU93A8B1,2002-10-05,M,USA
STU303633,1999-02-22,Other,Estonia
STU6B7F0C,2002-10-15,M,Spain
STU2CC949,1996-01-18,M,Latvia
STUAF4ED6,1998-05-18,Other,Lithuania
STU0FD129,2004-09-28,F,India
STUA86C22,1999-05-17,F,Latvia
STU54775F,2004-01-27,F,Latvia
STU6A241C,1998-04-09,F,China
STU7CB375,2000-09-13,Other,Norway
STUEA210E,2005-03-13,M,Germany
STU4523F5,1996-04-03,Other,Latvia
STU8F6292,1995-07-23,F,India
STU1E1F67,2001-05-02,F,USA
STUF39F1C,2004-10-16,Other,USA
STUAB2144,1999-04-21,M,Latvia
STU29A848,2002-12-18,M,India
STU4904D4,1998-08-17,M,USA
STUB12CCF,2000-12-27,M,Norway
STUCAC925,1996-03-14,Other,Latvia
STU80E2C5,2003-08-01,F,Poland
STUBA5235,2000-06-16,Other,USA
STU285550,1996-04-21,Other,Norway
STU19D61E,1998-12-03,F,Germany
STUA57681,1996-08-22,F,Sweden
STUD29EFF,1997-05-16,Other,Estonia
STUB72D48,1999-12-09,M,Spain
STU246BCB,1996-08-18,M,Norway
STU5169A8,1998-12-26,M,Italy
STU1E1C78,2005-10-16,F,Sweden
STU5C2D12,1997-01-17,F,Lithuania
STU44E614,2002-09-09,Other,Sweden
STUD8D445,1999-01-25,M,Italy
STUF0369E,2002-08-10,F,Sweden
STU0B673F,1997-02-20,Other,India
STU9DEAFB,2002-09-22,F,Sweden
STUF8E0DA,2000-11-05,F,Italy
STU057E86,2005-05-05,F,Italy
STU198646,2003-07-13,F,Germany
STU266601,2004-03-19,Other,Lithuania
STU5647D9,2002-03-05,Other,Sweden
STU5A7660,2002-10-09,M,Sweden
STUDE0230,2005-01-04,F,China
STUE50439,1999-02-08,Other,Germany
STU36F671,2002-12-08,Other,Sweden
STUB56D0B,2005-09-17,M,Spain
STU9E02B5,2004-03-26,M,Latvia
STU9F7BC8,2005-10-17,F,Germany
STUD90D59,1997-06-21,F,Sweden
STUE773C4,2005-09-24,F,Germany
STUF6F2AC,2004-07-14,M,Lithuania
STU101EFA,1998-06-13,F,Norway
STU22E185,1999-11-18,M,Latvia
STUFC52A9,1999-04-16,Other,Poland
STUA810F7,1999-10-06,F,Germany
STU0E4183,2002-04-21,F,Lithuania
STU0F034E,2005-07-02,M,India
STUEC8635,1996-03-27,F,Sweden
STU2BDE87,1999-07-21,M,Estonia
STU1071A6,2001-02-10,Other,China
STUFEAAB7,1995-10-28,M,Lithuania
STU939654,1995-10-04,F,Sweden
STU1EC046,2000-11-19,F,France
STUB70CCD,2000-05-24,M,Lithuania
STUDDFD59,1995-02-16,Other,France
STU8A5481,2001-03-21,Other,Norway
STU693AA4,1999-11-23,M,China
STU557A7C,1995-11-11,M,India
STU99232F,1997-06-22,Other,Latvia
STU8E8416,2004-09-15,Other,Spain
STUBC3B04,1995-08-25,M,Germany
STUD3294C,1996-07-13,F,China
STU29B0EF,2001-10-04,M,India
STU324998,2002-01-21,Other,USA
STU98CC2E,2005-07-25,M,Poland
STU07E318,2002-02-07,Other,France
STU2379F7,1995-11-05,F,Lithuania
STU0341D6,1995-07-09,M,Germany
STU40E290,2002-07-26,F,Spain
STUB724CF,1999-10-21,F,China
STU0C9C57,2005-07-11,M,Sweden
STUCB81A3,2005-11-12,M,Italy
STUFC8246,1998-05-16,F,USA
STU6668B4,1999-02-03,F,Lithuania
STU5CF7F1,1997-09-12,Other,Estonia
STUAD34A7,2000-04-23,Other,Latvia
STUCDBCF2,2002-06-12,Other,USA
STU412F6C,2003-08-11,Other,India
STU20EC6D,1997-01-09,Other,Poland
STUD0A2E8,2005-06-11,M,China
STU0CFDAE,2003-12-26,M,China
STU586500,1998-01-26,M,Sweden
STU7A6A49,1999-12-08,M,USA
STU48AEB5,1998-11-05,Other,Norway
STUC8B0B7,2002-12-09,F,USA
STU03E67D,1999-04-08,Other,Germany
STUB6A9EF,2004-12-10,F,USA
STU1A09A7,2002-09-14,F,India
STUA60308,2005-12-10,Other,Lithuania
STUD77F41,1999-08-15,M,France
STUEFEFE8,2005-11-25,F,India
STUA8AA24,1999-10-16,M,China
STU23388A,2003-04-22,F,Poland
STU58B142,2004-01-14,F,USA
STU55C69C,2005-02-01,M,Estonia
STU868817,2004-08-18,F,France
STUB3A7D4,1997-10-17,M,Estonia
STUDAC836,2004-04-03,F,USA
STU84F10D,1999-03-04,M,Latvia
STU1D6F3E,1997-07-12,Other,Italy
STU8CB899,2004-08-25,M,China
STU4C0706,1997-05-17,Other,Poland
STUE1DBD9,1995-06-21,F,Norway
STU4FEE18,2004-10-19,M,Italy
STUCAE5D7,2003-12-09,M,France
STU3A4A21,2005-06-13,F,Poland
STU7F5FF8,2005-03-25,M,France
STU42813E,1998-05-09,M,India
STU23D411,2002-12-01,Other,China
STUEB5ED3,1995-07-28,Other,Spain
STU78D7A1,1996-12-08,Other,Italy
STU254B2F,2004-11-10,M,Italy
STU7C8F0A,2002-09-24,Other,France
STU61B44B,2000-10-01,Other,Norway
STU8FF0B3,1998-12-24,M,Germany
STU2E440A,2003-03-03,Other,Poland
STUEDD79A,1996-03-13,F,USA
STUFD0A13,1997-02-22,Other,Poland
STU152E5F,2000-05-09,F,Latvia
STU2F5498,2003-10-07,F,USA
STUEFCFC2,2002-01-16,M,Italy
STU2EF889,1995-08-01,Other,Italy
STUBA61D8,2005-12-01,Other,Sweden
STUC28638,1997-07-22,M,Germany
STU87B40A,2002-07-06,F,India
STU20C20F,2005-04-05,F,Italy
STUF5AC43,2002-03-01,F,Estonia
STUFF31CC,2003-01-09,Other,Norway
STU7B4A96,1995-08-17,Other,China
STU3529D3,2005-04-15,Other,Latvia
STU07506C,2002-08-22,F,Germany
STU8D1DEA,2005-04-20,Other,Estonia
STU904C03,2001-04-13,Other,China
STUC576A4,1996-09-10,F,France
STUE1BE4C,1999-02-28,Other,China
STUC36F60,2004-09-22,M,Latvia
STUCF9549,2000-08-23,Other,Germany
STUD4704C,2003-03-13,M,India
STU603E43,2004-01-04,F,China
STUA1CE9C,2000-02-11,Other,India
STU37A638,2004-06-06,F,France
STUB4434D,2002-09-27,Other,Norway
STU25B9CF,1996-06-21,F,India
STU0542A7,1998-04-07,M,USA
STU74A7C2,2002-10-25,M,Poland
STUB5C4F6,2005-04-21,F,Norway
STU694041,2000-07-03,Other,Sweden
STUEEF5AC,1996-08-13,F,USA
STU268FE9,1995-03-04,M,China
STUF11D0D,1995-01-06,F,Latvia
STUDD5FF6,2001-05-22,Other,China
STU8A2DC3,2004-06-27,Other,USA
STU516D2C,2002-01-25,M,Italy
STUA7966C,1996-11-05,F,Spain
STU9F0356,2003-11-02,Other,China
STU9F6110,2001-04-04,Other,India
STU5D90E8,1995-06-07,F,Sweden
STU33FD02,2004-04-06,Other,Latvia
STU5F2B34,2002-11-19,Other,Germany
STUC2DA29,2002-05-22,F,China
STUBCD0E2,1997-03-13,Other,USA
STU439B9B,2004-08-11,M,Poland
STU790B0E,1996-12-12,M,USA
STU488EDC,1999-04-18,F,Germany
STUF07E9B,2005-01-15,F,Norway
STUDD84BA,2004-04-24,M,France
STU70FE59,2005-05-09,Other,Estonia
STUF3FC70,1999-02-19,Other,Estonia
STU10F7CC,2001-11-09,F,USA
STUF019E1,2004-11-13,M,USA
STUD30854,1999-11-07,Other,France
STU073761,1995-10-23,M,China
STU34E50D,2002-08-22,M,Italy
STUF14478,2002-04-22,Other,Sweden
STU568BA4,2003-06-01,Other,Norway
STU48C114,1995-06-22,M,Latvia
STUC64273,1997-06-03,Other,Poland
STUF1F9E5,1995-04-03,Other,Latvia
STU915743,2001-08-05,M,Norway
STUF4F691,2000-10-04,F,France
STUFB3FFE,2000-07-14,M,Estonia
STU3BE30E,2001-07-24,F,USA
STU221EB6,2001-01-03,Other,Italy
STUF9C191,1995-12-09,M,France
STUDEE5F9,1995-02-01,M,Sweden
STU6D81C8,2005-06-11,F,Sweden
STU5A5C8A,1999-08-12,F,USA
STUE59317,2001-06-24,F,Spain
STU18AC55,1997-10-21,F,Norway
STUBA501A,1999-02-25,M,Italy
STU05E957,1995-07-17,F,Estonia
STU906279,1995-12-05,M,Spain
STUA4943A,1995-10-26,F,Sweden
STU1A1EFC,1997-02-10,Other,Norway
STUCF05FA,2005-01-28,F,Poland
STU1922D6,2001-06-08,F,Spain
STU1CD4C2,1995-06-07,F,Germany
STUFAA5EB,2003-10-01,F,India
STUF80DB7,2003-02-21,F,Germany
STU3AA325,2004-04-02,Other,China
STU623B23,2005-07-04,F,Lithuania
STU67B474,2002-02-28,M,Sweden
STU6F86F8,2001-02-13,Other,Lithuania
STU5159CF,1998-07-28,F,Lithuania
STU37B49E,2000-10-02,F,Poland
STU51DE0D,1996-08-22,Other,USA
STU939C1A,2005-08-15,Other,Sweden
STUBDD4D7,2005-04-04,Other,Estonia
STUC551B8,1999-07-15,M,Estonia
STU682841,2004-07-22,M,Latvia
STU3887AA,2002-05-20,F,Poland
STU3876AE,1997-03-20,Other,Spain
STUCE49F9,1995-09-22,F,Latvia
STU3F5358,2003-05-23,F,Norway
STU266E4B,2004-09-17,Other,Germany
STU22B9DA,1999-04-15,F,Estonia
STUEC41B0,2001-09-24,F,Latvia
STUD48A85,2005-07-06,F,France
STUC283C0,2003-03-23,M,Lithuania
STUE959B6,1995-10-23,F,Poland
STUA896AC,2000-05-16,F,Estonia
STUAADC7B,2000-01-04,M,China
STUBC3972,1998-07-15,M,India
STU87F8F5,2005-02-03,F,Sweden
STU565BA3,2002-12-17,M,France
STUA80235,1995-09-06,Other,Germany
STUD248FF,1999-07-10,Other,USA
STU7433F2,1996-11-08,F,Poland
STU029D42,2001-06-02,Other,France
STU747D9A,2005-11-06,Other,China
STU068E38,1998-11-04,F,Estonia
STU06AA7A,2001-11-08,F,Latvia
STU1797EF,1996-04-04,Other,Estonia
STUD5FA1C,1996-06-04,Other,India
STUAA0030,1996-12-08,F,China
STU0CB379,2004-01-01,F,Norway
STU6CB162,2004-01-10,F,India
STU5E8B56,1999-05-20,F,Lithuania
STU36EA58,2000-11-26,Other,Poland
STUDC8F0A,2000-02-20,M,Estonia
STU826335,1999-03-16,Other,Estonia
STU91D21F,1996-12-21,M,Estonia
STUC7351D,2005-03-14,Other,Estonia
STU35394F,1995-01-20,Other,Sweden
STUB09E0B,2005-01-21,F,Latvia
STUB3D60B,1996-05-10,M,Sweden
STU5CAB8D,2005-07-28,Other,Sweden
STU9B6698,1996-02-16,F,USA
STU3A7D05,1997-10-09,M,Lithuania
STU50CB69,2001-08-02,Other,Lithuania
STU313ACA,2000-12-17,Other,Italy
STU04F1AA,2003-03-09,Other,Lithuania
STU6B7DD6,1999-10-21,F,Norway
STU1FAE4B,2005-10-23,F,India
STUDD763B,2002-03-10,M,Lithuania
STU007BEF,1998-01-07,M,Italy
STU5FC8F6,1996-12-26,Other,Sweden
STU4A8789,1996-08-12,Other,Latvia
STUB35C11,2004-07-06,M,USA
STU24FE30,1999-10-10,Other,Norway
STU76E3F4,2001-05-21,M,Estonia
STU99B6EF,1999-10-27,F,Latvia
STUBF59B9,1998-03-12,M,Estonia
STUA4419D,2004-01-03,M,Germany
STU2AB145,2001-04-07,F,Estonia
STU61DE7E,1997-03-15,F,India
STU52EC94,2002-01-18,F,Estonia
STU75502A,1999-11-06,F,Latvia
STUAF5C0B,1997-04-20,Other,India
STUD3FA9E,2000-12-12,F,Spain
STUAAF463,1999-05-18,M,Poland
STUF4C810,1998-09-21,M,Poland
STU9A461D,1996-06-21,F,Norway
STU541A5D,2001-10-09,M,USA
STU7CF660,2000-02-07,Other,Latvia
STU079923,2000-06-26,M,Germany
STUD0A112,1998-08-12,M,Latvia
STU2514D7,1998-10-16,M,Poland
STUEFD4DD,2002-06-06,F,Germany
STUA86F1B,2005-12-08,M,France
STU52265C,1998-05-23,M,Poland
STU86DB7E,1998-10-12,Other,Norway
STU876019,2004-07-11,F,Germany
STUAD7472,2003-01-16,M,Spain
STUBABFA8,2000-01-01,F,India
STU7F7C36,1999-12-11,F,India
STUBE00BB,2003-01-10,Other,Germany
STUF2CF62,2004-05-02,F,USA
STUA849DC,2003-03-17,F,Germany
STUE60C77,2000-12-12,Other,Norway
STU2F229F,1997-10-07,Other,India
STU3E7FA1,2002-01-25,F,China
STU2DA4FB,1997-11-21,F,Latvia
STU823873,2002-12-07,F,Lithuania
STUB12D5D,2003-01-12,F,Latvia
STUC4D12D,1997-11-05,F,Germany
STU7DD335,1998-12-22,M,Sweden
STU103A8C,2002-06-28,M,Poland
STU1E3FC8,1996-06-07,M,USA
STU14ADA4,2002-12-01,M,France
STU14EF0C,1996-05-15,F,Italy
STU5B82A1,2001-12-18,Other,India
STU5D7233,2005-07-07,Other,Norway
STUD485F3,1996-04-15,Other,Estonia
STU759D69,2003-08-01,Other,Lithuania
STU4BA6EA,2000-04-17,M,Latvia
STU16885A,2004-09-24,M,China
STU0179A7,1997-12-05,Other,China
STU929EDF,1998-11-28,Other,Sweden
STU153739,2000-08-23,Other,Italy
STUCBBD66,1998-11-16,F,France
STU5B0539,1999-06-04,M,USA
STU2B6709,2000-07-05,M,Germany
STUC4AB60,1995-09-22,M,China
STU050DC5,1999-07-27,F,USA
STU6527D7,1999-03-19,Other,USA
STU5F8CB7,2001-02-07,Other,Lithuania
STU04B4A8,2002-02-18,Other,Sweden
STU5816B4,1995-12-14,Other,Estonia
STU599503,2005-04-20,Other,France
STUC0A191,2000-02-02,F,USA
STU3B4D57,2003-04-17,Other,Germany
STU7A726C,2004-03-03,F,Germany
STU670719,2004-09-24,F,Lithuania
STU85AF68,1999-12-06,F,Latvia
STUA55318,2000-12-16,M,China
STU1ADB0C,1995-04-14,Other,Spain
STU52C014,2005-01-12,F,Estonia
STU495B8D,2000-11-21,F,Germany
STU14E106,2000-11-02,Other,Estonia
STUE1274F,2001-10-10,M,Germany
STU67F6BE,1998-06-06,Other,Latvia
STU06CB75,2003-10-19,Other,China
STU34C08A,1995-11-18,Other,China
STUEF7D4D,2003-07-25,M,Latvia
STU519A26,1996-02-01,F,Poland
STUB8D8F7,1999-10-24,M,Spain
STUC4977F,2001-01-08,F,Latvia
STUD84B2B,1995-09-21,F,Latvia
STU5F6AA8,2005-09-10,F,China
STUAF1592,1999-04-26,F,Germany
STUE8FC73,1996-04-06,F,China
STUE45AEC,2002-08-28,F,Spain
STU97545D,2003-04-25,M,India
STU919D27,2004-02-22,Other,Lithuania
STUF343D6,1999-04-17,F,India
STU0C0E00,1998-01-25,Other,Norway
STUCCCDCD,2004-08-11,F,Latvia
STUB5E684,1999-03-04,Other,Poland
STUE089E8,2003-01-03,Other,India
STUBD3115,2002-05-15,M,Estonia
STU70FE30,1996-12-23,M,Poland
STU223863,1996-03-13,F,Estonia
STU76BFE0,2002-05-13,M,Spain
STU614856,1995-03-22,M,Poland
STU40C172,1997-02-16,Other,Poland
STU69A0BC,2002-01-10,M,India
STUF71693,1998-03-16,F,Latvia
STUE6A981,2003-09-03,M,Latvia
STU1BA254,2000-10-26,M,Lithuania
STUCE2A90,2001-04-01,F,Poland
STUEDD961,2001-06-05,F,Germany
STU975360,2001-02-18,Other,Poland
STU5B21BC,1995-10-12,M,Poland
STU34B1F2,1995-01-27,M,Norway
STUE16D92,2004-11-27,M,China
STU8B174D,2000-02-08,F,USA
STU409B14,1997-03-07,Other,USA
STUA71E1A,1995-02-07,Other,Norway
STUA12C95,1995-03-01,Other,USA
STUDEAE43,2003-02-27,Other,France
STUD578E2,1995-02-28,F,Sweden
STU5A9155,2004-07-03,Other,Spain
STU29D7C6,2001-01-15,F,Germany
STUB29A43,2002-03-02,Other,India
STU68F8EC,1999-06-02,Other,India
STU4C5070,2004-09-01,F,India
STU7EBD3D,1998-12-22,F,Spain
STU646386,1998-04-12,M,Poland
STU15D01C,2001-12-06,F,Germany
STU8729E0,2000-02-02,F,Estonia
STUC8ECC6,1999-07-04,F,Spain
STU437D1F,1995-06-22,M,China
STUA61943,2000-02-07,M,USA
STU4B1AA8,1997-01-19,F,Norway
STUB2F021,1998-01-28,Other,China
STU50C318,1997-05-01,F,France
STU2FAB14,1996-11-27,M,Italy
STUDCF19E,2004-11-22,F,Sweden
STU5656E8,2000-04-08,Other,Lithuania
STU4BC9DA,1998-07-08,Other,Latvia
STUA7E6EF,2000-08-09,M,Spain
STU359C2F,2004-02-19,F,Latvia
STUFB0F88,1995-12-01,M,China
STUE56C68,2003-05-04,F,Germany
STUAF665A,2005-07-16,F,Lithuania
STU488C5F,1996-12-10,F,Latvia
STU1DD5E2,1998-11-04,F,Sweden
STUD019D1,2000-01-27,M,Spain
STUF02FA0,2004-05-25,Other,Italy
STUE552C3,2000-09-23,Other,India
STU46F2A1,1999-07-28,Other,France
STUA8C8F8,2005-03-02,M,Latvia
STU7054C9,1996-11-20,M,Germany
STUEB079C,1998-03-01,M,Sweden
STU3C1068,2000-02-20,Other,Latvia
STUFD95A7,2004-01-13,Other,Lithuania
STUBD3E95,2004-02-28,F,China
STU063D46,2000-01-15,F,Poland
STU93AA24,2004-03-13,F,Norway
STU557D06,2005-06-26,M,France
STU04B2A7,2001-02-13,Other,Germany
STU403650,2005-03-22,Other,Latvia
STUCF1720,2005-05-07,Other,Estonia
STUCE6C12,2005-07-12,F,Latvia
STU3FA2B4,2005-09-27,Other,Norway
STU715CB8,1997-01-05,M,France
STU989922,2003-08-03,M,Spain
STUBF8040,2001-11-11,M,France
STU3441E5,2002-07-25,F,Poland
STUE259B6,1999-05-26,M,India
STU82F0F7,2002-02-22,Other,Norway
STU166ED2,1999-06-07,M,France
STU06D38F,2000-10-12,F,Lithuania
STUF2F377,2003-01-02,M,USA
STU4251C9,2004-01-14,Other,Estonia
STU79BF63,2000-05-16,M,Italy
STU9972BF,2001-05-05,F,India
STU8633EC,1997-10-09,M,Sweden
STU983CEB,2005-02-02,Other,Lithuania
STUD6D99A,2004-09-06,F,Italy
STU72F74F,1995-11-17,M,France
STU0AB98E,2001-11-10,F,Lithuania
STU89EB64,1997-04-14,M,Norway
STU0CDB32,1999-02-16,M,China
STU071D81,2001-01-06,M,Italy
STU24D054,1997-06-11,M,USA
STU9B190C,2005-02-07,F,India
STU5E8557,1996-08-14,M,Germany
STU9DAD1E,2003-01-19,F,France
STUD80C6E,1996-08-12,F,USA
STUFD65A4,1995-02-13,M,Norway
STUADEE56,2004-01-12,Other,France
STU7F14DE,2003-03-18,M,Norway
STUF869C7,1998-10-07,M,China
STUAAA231,2004-12-13,Other,USA
STUDC67F7,1996-01-25,Other,Germany
STUD9EC01,2004-07-21,Other,Italy
STUC3A274,2001-02-05,M,China
STUA7EC25,2001-05-13,F,India
STUCA5E33,2001-08-13,F,Norway
STU1C623F,2003-06-13,M,Italy
STU493182,1995-09-09,F,Lithuania
STU5317D4,2005-02-21,F,Spain
STUE30F65,2004-10-19,M,Italy
STU196820,2002-01-19,Other,Germany
STU090B19,2003-07-04,M,Germany
STU2D5827,2003-06-21,F,China
STU6104DD,1996-05-08,Other,USA
STU84716E,1997-06-22,F,Germany
STU9EDB2E,1995-04-06,Other,India
STU31A0F4,2003-07-11,Other,Poland
STU1D2A60,2003-02-28,Other,China
STU54421D,2003-01-25,F,Germany
STU2FC523,2003-04-26,Other,China
STU43F747,1995-06-07,M,Sweden
STUAE2146,2002-04-01,Other,USA
STUAE2292,2003-04-26,M,Spain
STU790A95,2003-09-10,M,Poland
STU52A5BB,2001-11-16,F,China
STU3E4161,2001-10-05,Other,India
STUB90078,1996-10-28,Other,Poland
STU7EF09F,1995-06-01,F,Poland
STUF91FC4,2004-08-02,Other,Italy
STU8DFC74,2002-05-25,F,Italy
STU2A4BEC,1999-01-28,F,Estonia
STU3F0356,1996-05-08,Other,Norway
STUB59DBF,2001-08-07,Other,USA
STUA06FAA,1999-04-04,Other,USA
STU37F2FD,2000-12-26,F,Sweden
STUBA7B54,2002-07-20,F,Estonia
STUD0287A,2002-10-06,Other,Sweden
STU4B0ED4,1997-12-14,M,Germany
STU897E0F,2002-04-06,F,Spain
STUC784F8,2002-01-07,Other,USA
STU0E150F,2004-02-19,Other,Lithuania
STU533AF8,2000-07-13,F,USA
STU8774BE,1996-05-03,Other,Spain
STUE84E82,1999-04-01,F,Sweden
STU17B95E,2003-11-28,M,Germany
STU5BF908,2004-09-15,F,China
STUE90750,2003-02-21,Other,India
STU67FF04,2001-01-12,Other,USA
STU31CA11,1996-10-04,F,China
STU6BD07C,1995-03-22,F,Germany
STU2A7FE3,1998-07-24,M,Norway
STUF6A296,1999-12-22,M,Norway
STUA720CA,1998-09-02,M,Spain
STU55663E,1996-09-09,M,France
STU94DB0A,1996-04-12,Other,Norway
STUF8BFCF,1996-07-24,Other,Germany
STU5B4668,2001-02-03,M,India
STUB84654,1999-08-13,M,Lithuania
STU224472,2002-04-09,F,Latvia
STUBE7253,2002-04-24,F,France
STU5626FE,1996-05-27,F,Italy
STU69A055,2001-05-15,M,Poland
STU404974,2005-02-25,F,Latvia
STU05B1A4,2003-06-19,M,Sweden
STU0C4FD0,2001-04-16,Other,India
STU0DF822,1995-01-18,Other,Latvia
STU1BAC39,2004-05-08,Other,Spain
STU71BCAA,1995-02-10,Other,USA
STU7BED2E,2000-08-17,Other,Poland
STU46DE6D,2001-06-14,M,Latvia
STU42753B,2003-01-22,F,Poland
STUEFE33E,2003-11-20,M,China
STU7FFB01,2005-03-10,F,Sweden
STU6B0393,1997-09-17,M,Sweden
STUF5861B,1996-08-07,F,India
STUFBD39C,2001-01-26,Other,Norway
STUEA5AC1,1998-07-27,M,Poland
STUE3E95A,1999-10-07,Other,Poland
STUCC1F33,2003-02-07,F,Germany
STU4FE0E0,1997-10-24,M,Latvia
STU4C40B1,1995-05-11,M,USA
STUFBB0C5,1998-01-25,Other,Latvia
STU26012D,1998-05-19,M,USA
STUE5F2F8,1996-07-10,F,Sweden
STUE8D783,1999-10-06,Other,Norway
STU6E86A0,1998-09-23,F,Latvia
STU56F27C,1996-04-08,Other,Norway
STU2A2466,2005-03-23,M,USA
STU7C9D48,2002-12-25,Other,Poland
STU47CB1B,2003-02-12,F,Spain
STU3DDB1C,2005-10-06,F,India
STU80B409,2003-09-08,M,Germany
STU87197A,1996-04-13,F,Poland
STU42E695,2001-01-21,M,Spain
STUFFDCEF,2003-05-03,Other,Norway
STUCC9FF7,2003-08-13,M,Germany
STUC1E080,2003-08-10,Other,Lithuania
STUC109F4,2002-03-14,Other,USA
STU11F002,1999-09-17,M,Lithuania
STU294EE7,2000-12-01,M,Estonia
STUF17A9E,1996-07-16,Other,Poland
STU14F692,1997-09-17,Other,Spain
STUAAF76F,2002-10-21,M,Estonia
STUFC5744,2005-09-11,Other,Estonia
STU40EFD7,1998-01-25,Other,Germany
STU7213C3,1997-08-21,Other,Poland
STUB62EF6,1999-07-19,F,Spain
STUE7E5ED,2004-06-08,F,Estonia
STUA8DA55,2003-12-05,M,China
STUD8D0DF,1997-01-15,M,USA
STU2C67C8,1999-09-14,M,USA
STU641592,1996-06-14,Other,China
STU804A64,1997-04-02,Other,Sweden
STU958D62,2002-09-01,M,USA
STUE9F4BA,2004-05-13,F,Lithuania
STUE3D4A9,1996-05-23,M,Germany
STU550138,2003-01-09,F,Norway
STU044CA0,1996-03-02,Other,Spain
STU3AE56B,2001-03-10,Other,Norway
STU8AFE81,1999-09-11,F,Germany
STUBF5642,1998-08-18,Other,Latvia
STU45EF1B,2001-12-03,F,Spain
STU36E126,1997-08-15,F,Lithuania
STU9472DA,2001-04-20,Other,USA
STU5A2A16,2000-11-03,Other,Spain
STU25E973,2001-09-19,Other,Lithuania
STU546ED2,2001-06-25,F,France
STUFD8BD3,1996-12-14,Other,Latvia
STU9ED962,1999-11-08,F,Sweden
STU59CFA4,1998-11-08,F,India
STU80DE56,2000-07-25,M,Latvia
STU00737A,1999-06-08,F,Norway
STUACD75C,2002-08-23,F,Latvia
STU88D86B,2000-10-05,Other,Estonia
STU2BF7C3,1999-06-17,M,Sweden
STUD978BD,1996-09-22,Other,India
STUC39E7B,1998-08-10,F,Latvia
STUE89D35,2004-03-07,Other,Sweden
STU724112,1995-05-05,F,France
STU9F5178,2000-01-06,F,Sweden
STU5B378A,2002-11-02,M,Poland
STU24D894,2002-09-06,Other,Italy
STU2375D2,2004-09-18,M,Sweden
STU4C3525,1996-12-01,M,Norway
STUA9B76C,2001-04-25,M,Estonia
STU1DCBDA,1999-01-08,Other,India
STUFF0E42,1995-05-07,F,France
STU688CCC,1996-11-06,F,Estonia
STUED6711,2003-01-17,Other,Sweden
STU8CA045,2000-06-28,M,Lithuania
STU25BAFC,2003-07-25,M,Estonia
STUD29AC4,2004-08-01,F,India
STU4411F4,2003-04-20,M,USA
STU7FB9A0,1996-04-05,Other,France
STU91ED21,1995-03-22,F,China
STU792AE0,2000-10-10,M,Italy
STUBD6CEE,1995-02-13,F,Norway
STU2D58D9,2000-06-11,F,France
STU383CA8,2003-07-07,Other,Germany
STUCFD8AA,2003-02-01,Other,USA
STUC0C755,2002-11-24,M,China
STU258408,2000-07-02,F,Italy
STU3DEB8B,2002-04-17,Other,USA
STUED82BB,1999-02-02,Other,Sweden
STUA69DC3,1995-01-24,F,Sweden
STU7EE35D,1996-07-26,Other,Poland
STU0B1C00,2005-06-07,M,Norway
STU35BB95,2001-07-01,Other,Germany
STU4B80C6,1999-05-23,F,Sweden
STUD0EC38,2004-08-23,Other,Poland
STU31AF5C,2003-02-10,M,Spain
STU562EEF,2001-10-15,F,Norway
STU0DBB0C,2000-06-09,F,China
STU1514FD,1995-07-18,M,France
STU3ECD06,1997-07-01,F,Spain
STU9EF272,1998-09-18,M,USA
STUBBC0BA,1999-10-23,Other,Sweden
STU925924,2004-07-13,Other,Lithuania
STU694799,2003-12-26,Other,USA
STU4A8A4D,1996-09-15,F,Latvia
STU949E5F,2003-01-10,M,France
STU7085B8,2005-01-07,F,Spain
STUAE20DC,1999-09-15,F,Italy
STU440F29,1996-03-26,Other,Sweden
STUBDDBDD,1996-10-08,F,Estonia
STU078F87,1995-03-06,Other,India
STU920E50,2004-04-01,Other,USA
STU38D7D0,1999-05-07,M,USA
STU4D89DC,1997-02-26,M,France
STU1D6A49,2000-06-27,F,Estonia
STU47946A,2004-10-01,M,Norway
STU06201C,1997-06-13,F,China
STU4C6C4C,2003-08-05,M,Lithuania
STU907046,2001-11-07,F,Italy
STUD7CAE1,2002-09-07,F,India
STU8648F2,1996-11-22,F,Poland
STU467C22,1995-05-04,M,Sweden
STUD5891F,2002-08-16,F,Norway
STU6E9C5E,2004-06-26,Other,USA
STU27DB97,2005-04-24,M,India
STUA2FC86,1997-05-28,Other,Sweden
STU8D9E50,2002-04-15,M,Estonia
STU9615EB,2001-08-11,F,China
STU56DB45,2002-10-04,M,Lithuania
STUCF44E1,2004-05-11,F,USA
STU3FE5FF,1995-03-18,Other,Estonia
STU98AA3C,1999-05-07,Other,India
STUCC1669,2003-03-13,Other,Norway
STU10F334,2001-10-09,M,Spain
STUB83EF8,2005-07-13,F,France
STU901D14,2003-09-14,Other,Estonia
STU60E87E,2004-07-20,M,Latvia
STUBF8A62,2002-09-14,M,Estonia
STU0F2747,1996-05-04,Other,India
STU77F3F1,1998-06-19,M,India
STUF04B08,2004-05-20,M,USA
STUCE3004,1999-05-09,F,France
STU89137B,1997-08-02,F,Germany
STU81A906,2000-05-09,F,India
STU73EB98,1997-08-18,F,Poland
STU8094E0,1995-10-11,F,Norway
STU1875C6,2005-03-18,F,France
STUF23E82,1995-08-11,M,Estonia
STUAD8090,1998-10-04,F,Sweden
STU825E0E,1995-04-15,Other,Germany
STU831FBB,2003-01-08,F,Sweden
STUE7D513,2003-10-20,Other,Poland
STUF5C7E6,2005-01-18,Other,USA
STU1F4E5B,2000-09-16,F,Norway
STUCE228B,1995-12-16,F,Lithuania
STU9BDF87,1996-04-19,Other,USA
STU15D318,2004-04-27,Other,USA
STU920A8A,1997-06-13,F,Estonia
STU026EE7,2002-12-25,F,China
STUB9CE4F,2005-07-27,M,Poland
STU7E17BE,2002-08-03,Other,Sweden
STU9B0149,1997-07-14,Other,Norway
STUCA7E16,2003-07-03,F,Spain
STUBA7F27,1998-09-13,M,China
STUC10FB5,2003-02-08,M,Spain
STU5F60AC,1997-12-26,F,Germany
STU9491BE,1999-11-27,Other,Latvia
STU8DD66D,2001-05-01,Other,France
STUF94AB3,2001-07-12,F,Estonia
STU37D21B,2002-08-01,F,Spain
STU5FEFBC,2001-05-09,M,France
STU386A2E,2004-11-11,F,Poland
STU12E422,1997-02-21,F,Sweden
STU95DBC9,1997-01-18,Other,Lithuania
STU99DFAF,1996-12-06,Other,Estonia
STU8BC718,1998-05-17,M,Latvia
STUD5C2F4,1995-01-26,Other,Estonia
STU7F90F7,1997-01-12,M,Sweden
STU6F827A,2000-01-10,Other,Italy
STUD57A57,2001-09-14,Other,Sweden
STU202536,2004-01-02,M,Estonia
STU8BDC6B,1997-04-07,M,China
STU832EB1,2000-03-26,F,Lithuania
STUDF0197,1999-02-11,Other,Norway
STU395797,2000-09-23,F,India
STU92BCC4,1997-08-14,Other,Sweden
STU835227,1996-11-26,M,Norway
STU6003EC,2002-12-27,Other,India
STUF7A1E2,1998-04-08,M,Italy
STU50C2BB,2001-10-10,M,Lithuania
STUA9BD22,1996-09-09,F,China
STU17C306,2000-08-13,F,Poland
STU345960,2001-12-22,M,Estonia
STUB56931,2000-01-24,F,France
STU5F5E57,1996-01-07,M,Latvia
STU269EDB,1999-02-21,Other,Norway
STUDFBE05,1998-11-06,Other,Sweden
STUF8B533,2000-03-07,F,USA
STUC86A41,2001-06-23,F,France
STUBE3074,2001-12-03,M,USA
STUDCECB3,1995-04-25,Other,France
STU9084E5,2001-08-22,M,Sweden
STU6DE700,1999-05-22,M,Poland
STU6E1F08,2004-09-20,M,India
STU488537,2003-10-04,F,USA
STU34C239,1998-06-07,F,USA
STU0580A3,1999-03-11,Other,India
STU4A7B3A,2001-03-27,Other,USA
STU830159,2001-12-21,M,Norway
STU4A3BF0,2003-02-27,M,China
STUA308C0,2003-05-23,F,China
STU140D4D,2000-02-08,Other,China
STUCEC9D3,1999-01-15,Other,France
STU53961D,2004-02-17,Other,Italy
STU1BC230,1995-06-23,Other,Germany
STUD63B7C,2005-05-02,F,USA
STUACDE6F,2000-05-14,Other,Italy
STU44D61B,1996-03-02,F,Estonia
STUF6B85C,1995-11-21,Other,Sweden
STU45A023,1996-02-20,Other,Italy
STU8DD38A,2004-08-07,Other,Norway
STU9C0D48,1997-06-08,M,Spain
STU255A2D,1996-06-18,F,Sweden
STU7E2DE9,1999-04-25,Other,China
STUEFD078,1999-05-27,M,Latvia
STU080630,1995-12-11,F,USA
STU196281,1995-01-19,M,China
STUE66686,1998-02-19,F,Lithuania
STUAAEAB1,2002-09-16,M,Lithuania
STUBA5911,2000-11-07,Other,Lithuania
STU8DF651,1995-04-25,F,USA
STU5C4FDC,2005-04-06,Other,Estonia
STUF0A327,1997-07-05,M,Italy
STU1FFC16,2005-06-25,Other,Italy
STUADD570,2000-12-13,M,Latvia
STU2F2A10,1999-10-16,F,Sweden
STUA15FD2,2000-12-15,Other,India
STUA3AE59,1998-04-20,M,Estonia
STUF637F8,2004-05-07,M,Lithuania
STUA731C8,2004-11-12,M,Latvia
STUDFCE8E,2003-09-12,F,Latvia
STUF0AF37,2002-09-06,Other,Lithuania
STU93A7D4,2005-10-11,F,Germany
STUF5C36A,2003-04-20,F,Latvia
STUE83B36,1998-01-22,M,Latvia
STUCBDF65,2004-09-14,F,USA
STU27BF29,2005-10-28,Other,Latvia
STUF35743,1999-07-25,Other,India
STU2E4727,1995-08-25,F,Italy
STU10A81F,2001-03-22,F,USA
STUF33D33,2001-11-15,M,Spain
STU964A54,1997-08-04,Other,China
STUC09C24,2005-09-15,F,Latvia
STUB59C49,2002-06-02,Other,Latvia
STUEFB834,1995-11-05,M,Norway
STUFF1A23,2000-11-05,M,France
STUF0F315,2001-10-02,F,France
STUB96E02,1998-10-01,Other,Sweden
STU69F7AB,1999-09-09,F,Norway
STU7BCC56,1998-10-06,M,Germany
STUA0BCEF,1999-11-26,F,China
STU352FF0,1999-01-22,F,Spain
STU8BA9F2,2005-02-19,F,Poland
STU4ACAF5,2003-11-20,Other,USA
STU23C018,1995-02-03,M,Lithuania
STUA5F430,1998-07-16,M,Estonia
STUE59AD0,2005-11-03,Other,Sweden
STUE6E73D,2004-11-09,M,Sweden
STUB5BB54,1996-11-25,F,Sweden
STU3A0B9E,2005-07-09,F,Poland
STUD0536C,1995-08-23,Other,Spain
STUEF3285,2000-03-15,F,Sweden
STU0CABA8,2000-03-23,Other,Lithuania
STU6B1429,2003-04-04,Other,China
STU9D21B1,1998-01-21,M,Poland
STUB686D9,2001-02-21,Other,Spain
STUEB5D93,1997-02-11,M,Estonia
STU65EED9,1995-01-27,F,France
STU1B145F,1996-12-13,F,India
STUD602CF,1999-04-02,Other,Sweden
STUCE2996,1995-05-05,Other,USA
STU9652D4,1998-02-13,F,Germany
STUCBEA9E,1998-03-28,F,Sweden
STU678F73,1999-05-16,M,Lithuania
STUB72D18,2001-01-26,F,Lithuania
STU453622,2001-08-21,M,Norway
STUAFCAFD,2002-09-18,Other,Germany
STUB86270,1996-05-04,Other,Poland
STU31126E,1995-01-15,M,China
STUB9704D,2004-01-17,Other,France
STUDF005C,2002-10-26,Other,India
STUF33243,1995-12-04,Other,Poland
STU11CA90,2002-01-24,F,China
STU449C3F,2001-05-15,Other,USA
STU4AAAD4,2001-12-11,Other,USA
STUD77B79,2000-08-25,F,Norway
STU6D2971,2004-01-08,Other,Spain
STUC46E7E,2001-11-15,Other,Italy
STU849904,2005-10-25,Other,France
STUA494D4,2002-10-03,M,Estonia
STU382DAC,2004-12-20,Other,USA
STU90D2DC,1998-12-27,F,Latvia
STUEF0DB8,1999-09-23,F,Italy
STUFBAC8A,1997-04-25,M,Latvia
STU5F15B6,1995-05-11,M,Spain
STUACB526,1999-04-01,F,Estonia
STU852329,2003-03-01,F,Lithuania
STUBFECD2,1995-01-05,F,China
STU3F2119,2002-06-11,F,Norway
STUBD06B9,2000-04-26,Other,China
STUF471CF,2004-07-26,F,China
STUAD5720,1996-07-07,Other,Germany
STUC15916,2000-02-04,F,Germany
STUB35CB3,2005-04-02,M,China
STU28CBCE,2000-09-06,M,Norway
STUFB95C7,1997-07-08,Other,Spain
STU0B0A19,1995-09-25,M,China
STUCBB1C0,1999-09-27,Other,USA
STU9BFA64,1995-09-23,Other,India
STUE664F8,2001-12-03,M,Germany
STU54862B,2000-09-01,F,France
STU4782DD,1998-01-13,F,USA
STU3356AB,2002-08-05,M,Poland
STU3DD80C,1997-08-04,Other,Sweden
STUED8BF3,2003-02-01,Other,Latvia
STU364E68,1996-11-28,F,Sweden
STU05C73D,2001-04-12,M,Poland
STUF42489,2000-03-14,F,Spain
STUF4035D,2005-08-04,M,Lithuania
STU4BE000,2002-01-13,Other,Sweden
STU96AC18,2003-11-14,F,Sweden
STU3DFDC4,1999-02-10,F,Spain
STU37D259,2000-10-27,F,Sweden
STU62E269,2003-10-11,M,USA
STU901146,2002-05-06,F,Germany
STU1E11CF,2000-08-15,F,Latvia
STU0BC753,2004-10-21,Other,Norway
STU4E11E5,2002-04-22,Other,Italy
STUAB9B78,1996-07-21,F,Lithuania
STU6C859A,1998-12-06,Other,USA
STU699DB1,1998-11-16,Other,Lithuania
STUA52E15,1996-05-22,Other,Lithuania
STU68D1C2,2004-06-23,Other,Lithuania
STUDDD660,2005-08-26,Other,China
STU1594E3,1996-06-21,M,Estonia
STUB1542C,2004-07-24,Other,USA
STU03BE2D,1998-03-08,M,USA
STUBD6572,1999-08-16,M,Italy
STUBA6313,2004-07-03,Other,Poland
STUF0410F,2000-11-21,Other,India
STU53E62F,2000-11-22,Other,Spain
STU977758,1998-09-25,F,Poland
STUE2825F,2001-03-25,Other,Estonia
STU0417BE,2005-01-14,M,Latvia
STU0DE9F6,2003-02-11,Other,India
STU275FC9,2001-07-02,Other,China
STUF6EE12,1998-01-19,Other,Lithuania
STUBD7C7A,2000-02-21,Other,Spain
STUBB9269,1999-04-09,Other,Spain
STU5C090D,2001-04-11,F,Latvia
STU96EFB7,1995-12-17,F,Norway
STU72497B,2004-11-25,M,France
STUB43DB1,2002-03-10,Other,France
STUBE7C0E,1996-12-14,F,Sweden
STU283687,1997-02-26,Other,Norway
STU73BB2A,1999-04-01,Other,Sweden
STUAE0AC8,1999-08-10,M,Estonia
STU180B95,2005-04-05,F,Latvia
STUFDFA98,1998-12-10,Other,Norway
STUAA3B3C,1995-10-24,Other,Germany
STU3EA959,2004-06-04,F,USA
STUF1C9C4,1997-09-23,Other,Lithuania
STU813B7D,2003-05-12,F,Latvia
STU869F31,1997-07-05,F,Norway
STUF00DC0,1998-04-04,M,Italy
STUADC8EA,2003-02-05,Other,China
STU3EEF03,2003-08-13,F,Spain
STU5AC071,1999-01-09,M,Estonia
STU3EC5BF,2002-12-09,F,Norway
STU7BFDE5,2001-06-23,M,China
STU46E898,1997-05-13,Other,Sweden
STU29AB3B,2003-06-25,M,Sweden
STUB6BEB9,2004-03-03,F,Italy
STU824B5D,1996-08-04,M,Italy
STU94D19C,2005-03-21,Other,France
STU7FA14D,2000-05-21,F,Lithuania
STUC9169C,2005-06-01,Other,Lithuania
STUEDB36D,2000-08-09,Other,Italy
STU7F7ECF,2003-01-16,F,Sweden
STU7C19D3,1999-09-15,Other,France
STU9C1048,1996-04-18,Other,Spain
STUECD810,1996-03-15,F,Lithuania
STU974CC5,2002-09-25,M,Spain
STU910DEF,2000-10-10,Other,Germany
STUD13C2C,2005-03-09,F,Germany
STUC426E8,1999-09-18,M,Sweden
STU654C3C,1995-11-07,F,China
STU68D3C5,1998-05-04,F,Sweden
STU7E5340,2000-05-14,M,China
STUC83D66,1999-02-04,Other,China
STU62DBB5,2004-11-04,M,USA
STU4DAE16,1996-05-22,F,Spain
STU723C0A,2004-11-22,Other,Poland
STU94F794,2005-03-27,Other,Latvia
STUECD81D,2005-04-26,F,Latvia
STU41BBE4,1999-05-18,Other,Lithuania
STUE1B9D3,2005-02-05,F,Norway
STUBA2BA6,1996-03-15,F,India
STUC46D55,1996-06-13,Other,Latvia
STUD0E16C,2000-04-27,Other,Lithuania
STU30B786,2004-02-22,F,France
STUBCA433,1999-08-19,F,Lithuania
STU8568D5,2003-01-22,M,Lithuania
STU1548F1,2003-10-24,M,Germany
STU43E633,2004-11-02,F,France
STU0BF16B,1996-10-20,F,Italy
STU6E43C0,2003-12-10,M,Germany
STUF41A8E,2004-04-15,F,France
STUCFCCAF,2000-03-27,F,USA
STUAA8792,2000-09-15,M,Latvia
STUD8CA4E,1995-03-08,Other,Sweden
STUF885AA,2000-07-06,F,Lithuania
STUADD883,1995-09-01,F,Estonia
STU0240ED,2003-01-22,M,Latvia
STU359455,2003-09-01,M,India
STU2D4D1E,1998-01-01,F,Spain
STUBDCE5D,2002-09-05,Other,Sweden
STUE603DC,2003-12-16,Other,Germany
STU6F1358,2005-11-05,M,China
STUC0D4B1,1998-01-15,M,Lithuania
STUD87FB4,2003-02-25,F,Estonia
STUEBF0FD,1997-03-07,Other,Estonia
STU06C444,2002-07-21,F,Germany
STU97FB36,1996-06-09,M,Italy
STU5948F9,1996-10-18,M,Norway
STU069E03,1995-11-05,F,India
STU495C33,1997-10-22,M,India
STUDFA520,2004-05-28,M,USA
STU6F4638,2003-07-07,F,Latvia
STU1FC2AB,1998-05-19,M,India
STU8A70F2,2001-04-18,Other,China
STU005D48,2005-09-16,Other,USA
STUEE8F4C,1999-10-11,F,Estonia
STU35E362,1996-01-20,M,China
STU79A586,1998-04-12,F,Latvia
STU44985F,2003-06-15,M,Latvia
STU9B5426,2005-04-09,F,USA
STU436BC4,1998-11-17,Other,Poland
STU5E2214,2001-02-22,Other,Lithuania
STUD70863,2000-06-18,F,Italy
STU6F46C7,1998-01-23,Other,Germany
STUB3EC65,2004-07-03,F,India
STU1A3941,2004-10-22,M,China
STU4AAF07,2005-10-10,M,Sweden
STU7A68F7,2002-10-11,Other,USA
STUA4EED7,1997-11-02,M,Norway
STU3C1DDB,2004-09-20,Other,India
STU978310,1996-05-11,F,Latvia
STU1DE13F,1996-02-18,Other,Poland
STU41F5C4,2002-11-06,Other,France
STU83C6E8,2000-09-10,Other,India
STU721302,2002-05-19,F,Lithuania
STU693DD2,1995-10-28,M,Sweden
STU67992F,1997-09-25,Other,Sweden
STUC92B4A,2000-12-18,M,Norway
STU6E6086,2005-03-01,M,Latvia
STU16140A,2005-11-01,F,Norway
STU193017,1995-02-19,F,France
STU6FDCB7,1998-11-22,F,Norway
STU560D74,2000-11-05,Other,Estonia
STU4B7F5B,1997-06-12,Other,China
STU0F84B6,2000-11-14,Other,Lithuania
STU924381,2003-05-14,Other,India
STUD846E1,1995-01-04,F,India
STU7425AE,2005-09-04,M,China
STU1CF2E9,1998-07-28,M,France
STU8CEC7E,1997-05-20,Other,USA
STU13168E,1999-08-22,M,Lithuania
STU7C13AB,1997-06-04,Other,India
STU52518C,1995-07-21,F,Germany
STUB17D31,1999-12-09,F,Lithuania
STU45D32B,2004-06-26,F,India
STUF37D5F,2002-03-27,F,Latvia
STUEB90AC,2002-08-10,F,Sweden
STU8C089F,1998-01-22,Other,Spain
STUA5386D,2000-08-05,Other,Latvia
STUF400D5,2004-01-20,M,China
STU8A9142,2005-01-02,Other,India
STU67F011,2001-04-09,Other,Norway
STU10EFF7,1999-11-25,Other,Poland
STU87D308,2003-01-27,F,China
STU7AD668,1997-01-22,M,Germany
STU5A8CA5,1998-01-11,Other,Norway
STU4A0BA1,2000-08-08,M,China
STU68E462,2001-09-25,Other,China
STUEC92D9,1997-09-28,F,Sweden
STU999548,2000-08-12,Other,Italy
STU8BFBF5,2000-03-11,Other,Sweden
STU6AAAA4,2003-06-13,Other,Italy
STUA151A1,1995-12-14,F,France
STU7E8CF4,2003-08-17,M,USA
STUC7EE07,2001-05-28,Other,Norway
STU777274,1996-04-02,M,Lithuania
STU9ADA57,1997-06-12,F,Sweden
STU452BA2,2005-05-11,M,Spain
STUFB3955,1999-08-20,Other,Italy
STU6C299E,1997-10-09,Other,USA
STUFD2138,2003-05-10,F,Lithuania
STU7B9C7D,1999-02-23,Other,France
STU9582C5,2000-01-11,Other,India
STU2AA4CE,2001-04-25,M,Norway
STU1722B9,1995-07-20,F,USA
STUD5B561,1996-02-17,M,Estonia
STUE3B980,2001-11-04,M,Latvia
STU52F232,2005-08-28,F,USA
STUF80CC5,2004-06-11,Other,France
STU3ACE4E,1997-03-19,Other,Poland
STUB83C52,2005-04-08,Other,Germany
STUDBEC0C,1999-02-20,Other,Estonia
STU8A5573,2002-08-24,M,Poland
STUDAD637,2003-01-28,M,India
STU895E65,2001-08-23,F,France
STUD7E5B3,1998-07-02,F,Latvia
STU824A02,2004-01-28,Other,Latvia
STUC0ECC6,2000-10-05,F,Poland
STU90191D,1999-04-22,F,Estonia
STU990283,1999-08-09,Other,Spain
STU7499C7,2005-05-25,F,Sweden
STU93A034,2003-09-19,M,India
STU8D59E8,2003-07-03,F,USA
STU7DDBCB,1996-12-17,Other,Norway
STU23C44A,2002-07-10,Other,Italy
STUE30543,2003-11-02,Other,France
STUDE70D9,1998-02-26,Other,Sweden
STU1350E8,2005-06-06,Other,Poland
STU50F9F1,2002-10-24,M,USA
STU13250F,1995-06-07,Other,Poland
STUF4C9B0,1997-07-01,F,Italy
STU94D7EA,2002-05-02,M,USA
STU49E8EE,2003-05-11,Other,Italy
STU5C994E,2003-08-14,Other,Italy
STU90AB84,2000-10-28,M,USA
STU5F2949,1997-07-17,M,Spain
STUFAB4AA,1995-08-17,M,Norway
STU5A19B5,1998-02-26,Other,India
STU3D48B2,1998-06-19,F,Poland
STU2F5580,1997-12-08,Other,France
STUE55CA6,2000-10-23,M,Spain
STUD06DC5,1997-06-23,Other,Lithuania
STUE4BBC0,1997-05-12,F,Norway
STU0AD800,1996-02-25,F,Germany
STUE2A9A8,2002-05-25,M,Italy
STU98285A,1996-05-20,M,Latvia
STU36DD3B,2001-04-05,F,India
STU324A92,1995-03-07,M,Norway
STU164B52,1999-11-02,M,Latvia
STU17FD73,1996-01-13,M,China
STU7B298E,2005-08-13,M,France
STU44B3D9,1999-04-07,F,USA
STU906B63,2001-01-06,Other,India
STU6C8834,2001-04-08,Other,Italy
STU7147FE,2001-05-03,Other,Sweden
STU5F3A32,2005-03-19,Other,USA
STUB298F6,2002-01-26,M,Italy
STU9F902D,1997-02-12,Other,India
STU6030F6,1996-05-22,Other,India
STUC6BFC4,1998-06-28,M,Norway
STU5494A4,1997-11-07,Other,Sweden
STUA8ACC5,2003-06-02,F,India
STUD18E60,2005-05-18,F,Germany
STUD6A953,2001-01-21,M,India
STU7DCD53,1998-06-10,Other,Norway
STU4E4BCC,1997-03-09,M,Italy
STU0A31CF,2000-04-02,F,Poland
STU66925C,1996-04-20,M,Lithuania
STU505412,1999-06-21,Other,Estonia
STU79B225,1997-08-12,Other,Germany
STUE5A73B,1998-05-02,Other,Norway
STU78CA18,1995-06-14,Other,China
STU841882,2005-04-08,F,Italy
STUF8222E,2000-07-08,Other,Italy
STU6A7060,2004-09-03,Other,China
STU8AD11D,1997-09-09,M,Estonia
STUE569E3,2004-08-10,Other,China
STUBFFF5B,2001-10-18,M,Lithuania
STUCFF2A2,2000-12-12,F,India
STUAFBCEE,1998-04-17,M,Norway
STU8C20A5,2004-12-05,F,USA
STU7156F5,2001-01-19,Other,France
STU36D747,1995-05-09,F,Italy
STUC3F38E,1995-02-15,F,Lithuania
STU0EEB6F,2000-07-22,F,Italy
STUED5E15,2000-09-20,Other,USA
STUF801E6,1995-11-13,F,Latvia
STUD64A23,2001-10-16,Other,India
STUA73C19,1997-03-07,M,France
STU0CCBD7,1997-01-09,M,Lithuania
STU91798C,1995-07-08,Other,Poland
STU2285DF,2004-02-28,M,Sweden
STU535698,2004-08-27,M,India
STU9885A9,1998-07-25,M,Italy
STUE81D13,2004-02-25,Other,China
STUE5B19C,1996-05-23,M,Lithuania
STU66B406,1997-09-13,M,Germany
STU9495DE,1997-04-06,Other,Sweden
STU0D31A5,2005-02-09,M,India
STU3601A8,1997-11-10,F,France
STUF780E0,1997-03-09,Other,Estonia
STU79FA2E,1997-03-10,M,Lithuania
STU1D8A39,1997-04-23,M,China
STUEAD4B7,1995-01-01,M,Spain
STU0166B3,1997-08-17,Other,Germany
STU4B666A,2003-11-22,M,France
STUBAF701,2005-04-11,M,USA
STUA3AEB5,2004-08-19,M,India
STUBD67CE,1998-06-08,M,Estonia
STU019F9F,2000-07-04,Other,Norway
STUD75B38,2001-03-19,F,India
STU0C8B89,2003-05-14,Other,Norway
STU338DFE,2001-05-02,Other,China
STU13E2F4,2004-08-15,Other,Italy
STUE027F8,1998-07-03,F,Lithuania
STU7C475C,2003-04-01,Other,Norway
STUBE0F37,1995-10-02,F,Spain
STU05EBFE,1998-07-02,M,Norway
STUCA739C,1998-02-24,F,Sweden
STU548600,2002-12-06,F,Poland
STUAA4153,2002-12-25,M,Sweden
STU6221A9,1997-10-05,F,Italy
STU7BCCEE,2004-11-18,Other,Norway
STUC4904D,2002-08-07,Other,India
STU9D09D0,1997-12-10,M,Latvia
STU6B3685,1997-02-09,F,Germany
STU515E9E,2004-03-06,M,Germany
STU8F6B74,2003-04-07,Other,India
STUD3C139,1996-04-17,F,Germany
STU0C0687,1997-04-11,Other,Lithuania
STU9F8A02,2001-03-16,Other,Lithuania
STU959403,2004-12-10,M,India
STU037E29,2005-02-09,F,Poland
STUE4CB9B,1997-05-11,M,Germany
STUD82D08,2004-03-09,F,Sweden
STUD17451,2002-11-01,Other,USA
STUB28A7D,2005-10-08,Other,India
STUC5934D,1998-12-21,F,Lithuania
STU163E60,1999-07-06,Other,Estonia
STU56F9D1,1998-04-21,F,France
STU5B3C29,1996-06-07,F,Latvia
STU24DCD6,1998-04-23,Other,Norway
STUD03A8A,2003-11-19,F,China
STU5BF70C,2004-02-24,Other,Lithuania
STU035D18,2000-04-25,M,Estonia
STUF394B1,2005-12-09,F,Latvia
STU99B871,2002-06-19,F,Lithuania
STUD7A068,2003-12-06,F,China
STUFE76EE,2002-03-08,M,India
STU27E8DC,2005-04-01,M,Norway
STUBDC263,1995-09-14,M,Latvia
STUF801FA,2001-10-27,F,Latvia
STUF0847B,1999-07-22,F,France
STU047092,2002-12-21,F,Germany
STU4B5A5E,2004-02-09,Other,Spain
STU3038B5,2000-11-13,F,Lithuania
STU33C243,2003-11-25,F,Estonia
STUB4DA74,1997-11-27,M,Norway
STU04DCF7,2005-01-24,M,Italy
STU110FF0,1997-11-22,F,China
STUD1ED60,2005-11-23,F,USA
STUAF9ADF,1996-02-24,Other,Lithuania
STUEA8E3C,2000-06-24,F,Germany
STU8A49BF,2005-05-03,M,Sweden
STUE13ADC,2005-07-15,F,USA
STUF0F28E,2003-01-26,Other,Estonia
STUB522E6,1999-01-24,F,Estonia
STUE3B5CF,2001-05-16,M,Spain
STUD2BB41,1998-07-27,F,Germany
STU69DBEE,1999-06-25,M,India
STU073905,1997-01-14,F,France
STU03B2C2,1998-03-14,Other,Poland
STU75E9DD,1999-04-10,M,India
STU285086,2005-04-16,M,Italy
STUCC17D4,1997-12-09,M,China
STUB0091E,1996-01-20,M,Italy
STUB32BD5,2005-07-18,M,USA
STU2A3B3C,1995-10-24,F,Spain
STUFDF4BD,1996-12-06,M,Italy
STUA4F4ED,1997-12-28,F,France
STUF97893,2004-08-10,F,Latvia
STU980B47,2002-01-14,F,USA
STU26A8AB,2005-11-13,F,France
STUEDF8FC,1997-09-14,Other,Spain
STU553B13,1995-08-22,Other,Lithuania
STU1541FF,2002-09-03,Other,Lithuania
STU312F9F,1996-12-02,M,Germany
STUB259EC,1999-05-17,M,Italy
STUA18042,2001-10-21,F,Germany
STU8264EE,1996-02-24,Other,Norway
STU4B87EA,1999-12-19,Other,Lithuania
STU67171E,1995-05-09,Other,Poland
STUF130E0,1995-11-25,Other,Lithuania
STUB94FA6,2002-03-23,M,India
STU3D1730,1996-12-27,F,Estonia
STUCEFF49,1997-01-10,Other,Estonia
STU7C022E,1998-01-23,F,France
STU23F75A,1995-05-03,M,Poland
STUC00F23,1995-08-02,Other,France
STU1762F4,2005-04-03,M,China
STU204CDF,2000-06-26,M,Spain
STUE8231A,1996-06-24,Other,Latvia
STU27655D,2002-09-11,M,Sweden
STUDABFA2,2001-01-25,F,Norway
STUA4936F,2000-11-04,F,Poland
STU5ACD70,1999-09-08,F,Poland
STUA1CF32,2000-07-01,Other,Italy
STUA3A6B8,1996-05-24,M,Norway
STU2076E8,2002-01-22,M,Poland
STUECF0A2,2000-04-18,F,Poland
STU7541CC,1996-06-04,M,Poland
STU93A316,2001-03-28,Other,Norway
STU127E35,1996-05-07,F,Estonia
STUB71502,1998-05-04,M,Sweden
STU2A6DF5,1996-11-28,F,Italy
STU2A3233,1995-11-09,Other,Norway
STU697A5C,1997-06-12,M,Poland
STU4B94F9,1995-08-07,F,Poland
STU927D9A,1997-03-01,F,Germany
STU7AB457,2000-12-02,Other,USA
STU2F2EB1,1999-06-27,Other,India
STUA970FE,1997-05-01,Other,Latvia
STUD7B5A7,2001-12-26,M,India
STU76BC73,2004-07-22,Other,Germany
STU74AFA0,2000-04-27,M,Sweden
STU58F0ED,1995-02-22,M,Estonia
STU2C4758,2005-10-19,M,China
STU6F826F,1996-10-04,Other,France
STU0681F0,1995-01-26,Other,Estonia
STU52FEC6,2005-09-04,M,India
STU3F084E,2004-08-23,M,China
STUFCEEC1,2004-03-22,Other,China
STUD4BB83,2005-03-17,Other,Norway
STUB80E25,1999-12-03,F,India
STUC123FA,2004-05-20,M,China
STU0EE833,2000-05-21,M,France
STUE894E0,2000-01-05,F,Sweden
STU87AAA2,1999-11-06,F,Spain
STU70603F,2003-12-14,Other,Estonia
STU9AC307,2001-07-09,Other,Poland
STUEEE6D0,1996-01-11,M,China
STUD760BE,1997-10-21,Other,Germany
STU3B04F3,2002-03-27,F,Spain
STUCF2C3E,1995-12-14,F,Norway
STU1D0FA3,2002-10-17,M,USA
STU58450F,2001-08-15,Other,Poland
STU2F6581,1995-08-01,Other,India
STUE0ED24,1997-05-02,Other,Estonia
STUDE319D,1998-11-12,M,India
STU05B161,1998-04-24,M,Italy
STU12C44F,2002-10-06,M,Latvia
STUAD80D2,1997-11-08,F,Sweden
STU981468,1996-12-13,Other,Germany
STU5222E6,1995-02-15,M,Estonia
STU3BFB93,2000-12-04,Other,Germany
STU1CC383,2001-11-27,F,Lithuania
STU936C5E,2005-09-28,F,Estonia
STU24D79F,2001-02-03,M,Latvia
STUB72BE8,1999-01-22,M,Estonia
STUDF495B,1995-12-19,M,USA
STUAFFE7E,2005-11-16,F,Norway
STU76F26B,1998-07-01,Other,Sweden
STU3F5520,1998-04-07,Other,Estonia
STU22FCD1,2005-06-02,F,Sweden
STU54F7BE,2001-11-16,F,Lithuania
STUCA724A,2000-06-01,Other,USA
STUE24F03,1995-11-02,F,Lithuania
STU067141,2005-10-02,Other,Spain
STU5240E8,1995-07-21,Other,Germany
STUD42343,2000-01-23,Other,Estonia
STU926035,2003-01-12,F,Sweden
STU804319,1999-05-26,M,Estonia
STU231CB6,2004-12-10,M,Germany
STU3A3F7A,1999-04-14,M,Sweden
STU7F5641,1995-06-01,Other,Germany
STUD2504D,2004-11-25,Other,Estonia
STU0EDAB0,1995-08-13,M,Estonia
STU2E6210,1996-11-17,M,India
STU179B8C,1999-10-18,M,Sweden
STU47FEE3,2002-09-09,Other,Lithuania
STU802F22,1998-03-27,M,Norway
STUC912B5,2002-05-19,Other,Poland
STU14BFD8,1996-08-14,F,Italy
STUE59CED,2000-01-23,Other,China
STU674C25,1995-05-07,F,Italy
STUC45282,2005-04-24,M,Italy
STUE7ED26,2002-06-21,Other,Germany
STU86DF4C,1997-10-11,M,India
STU670FF5,2003-04-27,Other,Sweden
STU7D9078,1995-04-19,M,Spain
STU5211F7,2001-08-10,Other,Sweden
STU7F5DD6,2002-06-13,F,Italy
STU828D28,1998-06-03,F,Spain
STU0750A3,1999-11-23,F,France
STU62535B,1998-10-05,F,Lithuania
STU4E3040,2003-02-06,M,Norway
STU7678E8,2003-01-25,Other,Lithuania
STU4086F0,1998-08-18,M,Lithuania
STU64D224,1996-01-08,Other,Germany
STU52F0BE,1995-09-05,M,France
STU47B3A4,1996-07-01,Other,USA
STU9472C0,2004-01-19,F,Italy
STU9044FB,2002-12-17,Other,China
STU2579E3,2000-02-13,F,Poland
STU29D0D4,2004-01-16,F,France
STU9C91E9,1999-05-20,M,France
STU8B6430,1998-10-10,Other,USA
STU5531FB,2001-12-03,F,USA
STU7911B6,1997-03-23,M,Norway
STUF2C8AD,2002-03-14,M,Lithuania
STUB7BA18,2000-05-25,Other,China
STU0287D5,1995-03-24,F,Lithuania
STU6C40C1,1997-09-21,F,China
STUF20A65,2001-06-24,F,Estonia
STU9CD7AB,1997-02-23,Other,Estonia
STUE1BD9A,2000-07-18,Other,China
STU5C0DD1,2001-05-28,Other,Estonia
STU369107,1998-04-22,Other,Norway
STUDC251D,1999-06-07,Other,Poland
STU04A713,2003-01-06,M,Latvia
STU6CA065,1999-09-15,F,Poland
STU49BDEF,2005-05-10,F,Spain
STU91A3E8,1998-11-22,F,Spain
STUC457FF,2001-11-21,M,Estonia
STU951578,1995-09-11,F,Italy
STU784013,1998-12-15,Other,France
STUF8E2AF,2002-07-25,M,Poland
STU3A3124,2003-12-07,Other,France
STU3101AB,1997-12-19,M,Lithuania
STUAE45C6,1997-05-19,M,USA
STU63E39D,2002-09-26,F,Germany
STUDE7A07,1998-05-13,Other,USA
STU4DDBE5,1996-06-03,M,Poland
STU699126,2001-08-13,Other,Lithuania
STU0D2B99,2003-10-14,M,Poland
STU6242CD,1995-07-14,F,Latvia
STU07922E,2004-08-17,Other,Germany
STUD0D8E3,1999-03-24,F,Sweden
STUCEACCD,2000-09-05,Other,Spain
STU274DA7,2003-06-09,Other,USA
STU714FC7,1995-11-22,F,India
STUA9BEB7,1999-11-11,M,India
STU6EA0F5,1998-10-18,F,Spain
STUF1CA66,2003-04-24,F,Sweden
STU719973,2001-10-25,M,Latvia
STUDA47C8,1996-05-10,Other,Latvia
STU352E3D,2001-01-05,Other,India
STUBBA5B0,2001-06-08,M,USA
STUE1786D,2003-12-08,M,Italy
STUD5DA3E,2005-04-01,F,Lithuania
STU07E11C,2002-10-26,M,Estonia
STUA0DE78,1995-05-23,Other,India
STUB83D23,2002-09-14,M,Poland
STU654CB3,2000-01-17,Other,China
STU835C56,2005-04-08,F,China
STUB4DBED,2000-02-06,Other,Latvia
STU874F1E,1997-10-21,Other,France
STUFEEEF0,2000-05-25,M,Latvia
STUF3307B,1998-04-25,F,Latvia
STUD7A353,2003-02-10,Other,Norway
STU4154E2,1999-03-12,M,Norway
STUFAA28D,1999-04-17,M,Lithuania
STU1F1DEE,1998-10-12,Other,Lithuania
STUC9F0B3,2005-12-26,M,Norway
STUE53CAA,2003-07-15,F,Italy
STU92CFCA,2000-01-02,F,Spain
STU975DBA,2000-08-26,Other,USA
STU39E932,2001-12-02,Other,Spain
STU0EF116,2001-08-07,M,Sweden
STUF2F451,1996-05-06,F,Norway
STUAD050B,1999-02-12,M,Sweden
STU5879B4,1998-03-20,F,Sweden
STU5A5244,2001-12-03,Other,France
STUFB2786,2003-12-06,Other,France
STU2DBD67,2005-04-14,F,Latvia
STU6E7217,2000-02-15,Other,Germany
STUEE7F12,2002-11-12,Other,Norway
STUA5EA62,2002-04-02,F,Poland
STU872616,1999-07-01,M,Norway
STU100069,2005-05-25,M,Estonia
STUE870DD,2001-05-01,Other,Lithuania
STU4946B9,1995-12-19,M,Italy
STU571A00,2001-11-17,M,USA
STU0263B5,2000-10-21,F,Germany
STUA50F4C,2002-09-08,Other,China
STU1030EB,2003-08-16,F,Sweden
STUE6CE12,2000-05-01,M,Spain
STU8BEEB8,1999-08-25,M,France
STU8C7E50,2000-02-07,F,France
STU91030D,2005-01-25,M,Latvia
STUB2D795,2005-03-14,F,China
STUE22DFC,2005-07-11,M,Estonia
STUBC796F,1998-11-13,F,Italy
STU16F087,2001-03-15,F,China
STU529743,1999-06-22,F,Lithuania
STU38C413,1998-05-19,Other,Latvia
STU559A3E,2004-04-20,F,Italy
STU03127B,2004-06-11,M,Sweden
STUB8B543,2005-05-21,M,Germany
STU8FE7C0,2005-01-28,Other,France
STU113965,2002-01-11,F,France
STU2D51D8,2002-07-12,Other,India
STU432E68,1998-10-22,Other,Lithuania
STUCA4D03,1996-09-24,Other,Norway
STU91DD45,2001-12-28,Other,Germany
STU969EFC,2002-01-09,M,Latvia
STU73B030,2003-06-24,M,Latvia
STU9E224B,2002-02-28,F,China
STU52678D,2003-04-09,Other,USA
STU2ECA3F,1999-04-01,M,Estonia
STU2DD39E,2004-12-22,F,India
STU4D99A6,1998-09-11,F,France
STU1D62E4,1997-05-02,M,Estonia
STUA1DF33,1999-09-25,M,France
STU83657E,2001-09-17,F,India
STUE37ACD,2005-10-23,Other,USA
STUE41B98,2004-01-18,Other,Norway
STUA603CF,2001-04-27,F,USA
STU38B3E6,1997-08-06,F,Norway
STU9E17EC,2002-02-04,F,Norway
STUBC64ED,2003-08-07,F,China
STU3D8111,2003-02-11,F,Poland
STU607D7E,2001-03-03,Other,Norway
STU6DB924,1998-07-16,M,Spain
STUA14006,2003-12-16,M,Poland
STU29A67E,1999-01-23,Other,Spain
STU97DFCB,1996-10-23,M,Sweden
STUA40545,2001-07-28,Other,Poland
STUD1F220,2001-03-10,Other,USA
STU0C3179,2005-07-20,Other,Latvia
STU015D73,2003-12-19,Other,India
STUC2DB50,2001-08-13,M,India
STUB9A1B8,1996-09-05,M,France
STUCFA8AB,2002-10-21,Other,Germany
STU1F2466,1997-05-16,F,USA
STU9A6EB2,2003-07-15,M,USA
STU92A2D7,2002-02-13,F,Poland
STUDA99D5,2005-05-17,Other,Estonia
STU6BFF3B,2000-08-20,M,Italy
STUCEE02C,2002-09-12,Other,Germany
STUF54E01,1998-06-05,Other,Latvia
STU4AA1DB,1995-01-26,Other,Spain
STU03B0F1,1999-02-08,F,Spain
STU9F2439,1999-06-09,M,France
STU2F0B87,2002-02-03,F,Italy
STU518669,2003-03-28,M,Poland
STU8B79AB,2003-02-27,Other,Italy
STUABDB87,1996-08-03,Other,Lithuania
STU92271C,2002-01-14,F,Norway
STU05B702,2005-07-22,Other,Spain
STUCBB25D,1996-04-04,F,France
STU579289,2000-04-18,M,Spain
STUC0C34C,2001-05-06,F,Italy
STUF4EE45,1995-04-12,M,Spain
STU4AE515,1997-12-03,M,Poland
STU26873B,1997-06-10,Other,Sweden
STU331739,2002-06-25,Other,Poland
STU455B69,1999-10-19,Other,Estonia
STUA9D3EA,2000-10-25,F,Norway
STU8005E3,1995-04-04,Other,China
STUF52275,2002-01-12,F,Latvia
STU9C8339,2005-12-05,F,Latvia
STU0DF28D,1998-03-02,M,France
STU40CE4A,1998-06-10,F,Sweden
STU92F915,1998-07-28,F,Estonia
STU08125E,2003-09-22,M,Sweden
STU777EF2,2003-07-08,F,USA
STU4C41BB,1999-11-10,Other,France
STU7DCB17,2004-09-04,M,USA
STUA466BD,2001-04-25,M,China
STUE2008F,2001-08-25,M,Estonia
STUD63386,1997-11-01,F,India
STU05738B,1995-05-05,Other,France
STU13450D,1997-10-20,M,China
STUDA2302,1996-02-20,M,France
STUD5BA32,2002-05-07,Other,China
STU69D766,2005-06-02,F,Estonia
STU597B40,2005-08-18,M,Lithuania
STU1CA500,2004-10-24,M,Latvia
STU0DACD6,2002-03-28,M,Poland
STU0242AE,1997-01-07,Other,Germany
STU4796BD,2004-10-17,M,Estonia
STU92C1FD,2004-01-04,F,Lithuania
STU53B66A,2005-11-12,Other,Italy
STUDC05CB,1999-08-14,M,Sweden
STU320CCB,2003-01-24,Other,Sweden
STUB68174,2003-01-08,M,France
STU744978,1995-01-28,F,USA
STU79119B,1999-07-17,M,Poland
STUE750DD,1998-02-27,F,Spain
STU3B9E4E,1998-07-01,F,Norway
STU72C3B1,1999-04-06,M,India
STUEEF516,1996-02-12,F,Estonia
STUE8BB01,2000-10-21,Other,USA
STU483A20,2005-10-05,Other,Poland
STU650199,2005-08-20,Other,Poland
STU3CF43E,2004-07-27,Other,China
STU404538,2005-01-20,M,Spain
STU59DA6E,2001-05-03,F,USA
STU61AA6B,2001-06-23,Other,Germany
STUFD0F40,1995-06-19,F,Latvia
STU55E615,2005-04-26,F,Lithuania
STUB34544,2004-01-03,F,Latvia
STUD6D720,1995-02-25,M,Italy
STU786CF4,2005-04-24,F,Lithuania
STU1A1368,2004-07-10,M,Estonia
STU28C719,1999-06-21,M,USA
STU67C5E7,1999-10-16,M,Germany
STUE647F2,1995-01-28,Other,Sweden
STU6E0230,1995-02-12,M,Italy
STUCEE661,1998-11-26,M,Italy
STU5C8DA3,1998-03-26,F,Sweden
STU084292,1997-05-22,Other,Latvia
STU255114,2003-11-23,Other,Lithuania
STUAFD89E,1999-10-16,M,France
STUDF15EF,2001-05-18,Other,Italy
STUBFBB63,2000-06-04,Other,Sweden
STUDF7616,2004-12-07,M,India
STU2FEA56,1999-01-27,F,China
STUB561EB,2005-08-25,Other,China
STU5A4F5E,1999-02-03,Other,Estonia
STU9775C3,1998-06-07,Other,Poland
STU100AFE,2005-01-08,Other,USA
STU162863,2004-02-23,F,China
STUA8D592,2001-08-15,Other,Lithuania
STUD453CA,2004-11-12,M,Poland
STU40681D,2003-06-22,Other,Sweden
STU8DF576,2003-12-02,F,India
STUB83B22,1998-10-09,M,Estonia
STU850821,1995-01-26,Other,USA
STUAD265D,2005-09-19,M,Italy
STUBCF145,2003-11-11,F,Latvia
STU1DDB08,1998-10-23,Other,Lithuania
STU8127D4,1998-08-01,M,Norway
STU1DC524,2002-04-25,M,Germany
STUA5423D,1995-06-18,Other,Sweden
STU748EE1,2004-11-23,F,Latvia
STU06893E,2000-04-23,M,Norway
STUD1FE32,1999-09-15,Other,Poland
STU7A2E03,1998-05-01,Other,Estonia
STUB95831,2000-12-21,M,France
STUECFFBF,1995-06-02,Other,Poland
STUDFB8B9,2003-02-08,Other,India
STUFAC931,2001-02-16,M,Lithuania
STUC69663,1995-05-17,F,France
STUC1A713,2005-02-24,Other,Germany
STU7A2AA3,2005-04-22,F,Latvia
STU65B4A9,1996-01-28,Other,Estonia
STUEFDC42,1999-11-11,M,Italy
STU4F4922,2000-04-23,Other,Sweden
STU1DF99E,1997-06-27,F,Sweden
STU9B730C,1996-05-09,M,Germany
STU5C27E5,2005-12-25,Other,China
STU00E7DD,2004-09-15,M,Poland
STU6CF012,1995-10-07,Other,Germany
STUCCAE9D,1996-06-05,Other,France
STU621172,1996-08-26,F,Poland
STUC69618,1996-02-28,F,Latvia
STU9BC08D,1998-03-09,Other,Lithuania
STU87C724,2004-07-24,F,China
STUA4F67D,1997-11-14,M,Germany
STU7AB2F0,1996-07-27,F,India
STU6D1DA3,2004-05-17,M,India
STU5E424B,2005-01-01,M,Poland
STUBAB8BD,1997-12-07,M,India
STU19CE82,1995-02-14,F,Estonia
STU4433B9,2001-06-12,Other,Sweden
STU2BE833,2005-08-08,M,Spain
STUAA660E,2003-12-21,M,Sweden
STU52631D,2003-05-04,F,Spain
STU5C276A,1999-05-13,M,Germany
STU75694A,2003-01-24,F,France
STU1B2E35,2005-10-21,M,Italy
STU9F72BE,1998-09-22,Other,Estonia
STUB81542,2005-01-11,Other,Estonia
STUDE0508,2000-01-20,Other,France
STU7BE128,1997-09-21,M,Sweden
STUA90BC7,2003-04-13,M,Italy
STUF8DC07,2002-08-06,M,Lithuania
STUDC4A12,2003-08-06,F,France
STU7C7C86,1996-01-27,F,Estonia
STU99E3A3,1996-06-24,F,Estonia
STU284626,2003-12-27,Other,Poland
STU6260F9,2000-06-11,M,Latvia
STUC33966,1999-10-12,Other,China
STUB34433,2000-03-20,F,France
STUD577C8,1998-11-11,M,Germany
STU86122E,1996-08-07,M,Latvia
STU62E5AC,1999-03-09,Other,Norway
STUDF0308,2005-11-06,Other,Latvia
STUC3C6DF,1995-11-06,M,Germany
STUC7C5ED,2004-02-21,F,Germany
STU224DFE,2001-06-25,M,USA
STU9CAF3D,2005-04-24,F,Germany
STU72D068,1995-05-21,F,Norway
STU520F4F,2003-02-08,M,France
STU9F83D5,2000-07-05,Other,Italy
STUC42DFA,1998-01-07,M,Germany
STUFD2978,1999-02-08,M,Lithuania
STU156575,1996-02-07,M,France
STU15E8F2,2001-05-27,F,Germany
STUC08570,1996-05-08,F,USA
STUDFA920,2002-09-22,Other,Lithuania
STU45305E,2000-06-22,Other,Germany
STU5E6DC7,1997-08-16,M,USA
STU7A45C4,1997-07-02,Other,France
STU364905,2004-08-13,Other,USA
STUDD2107,2002-10-19,Other,Latvia
STUE34F46,2002-12-06,F,Sweden
STU4913B7,2005-10-14,Other,China
STUEA76AF,1999-02-03,M,Italy
STU37A397,1995-08-23,F,China
STUDBA9D8,1999-10-20,F,Norway
STU8EB89A,1997-12-15,Other,Sweden
STU4E48CD,1998-04-19,F,Latvia
STUBC6046,1995-01-15,M,Poland
STU1F0B87,2004-05-16,F,Lithuania
STUA8BE1E,2005-06-21,M,Germany
STUDD3996,1995-02-03,M,China
STU0D956C,2002-01-24,F,Germany
STUFFC528,1997-12-12,Other,India
STU5FB864,1998-04-21,Other,Germany
STU44D123,1998-09-03,F,Spain
STU707E7E,1998-02-14,M,Sweden
STU6B0996,2001-12-28,Other,USA
STUE26151,2002-05-22,F,Sweden
STU2F7E2C,2004-08-02,F,Poland
STU9EDF24,1996-10-17,Other,Estonia
STU1E0346,2000-02-26,M,Poland
STUF557AA,2000-08-18,F,Germany
STUAFF9F9,1998-10-02,M,Norway
STUF84E2F,1996-06-21,F,Latvia
STUF84FDE,2001-01-06,F,France
STU42BD6C,1997-04-13,M,India
STUAB534A,1999-06-26,Other,Latvia
STUEC3E21,1999-12-13,Other,Estonia
STUC513C1,1998-08-03,F,Norway
STU21DB7D,2005-09-16,F,Lithuania
STU4A2AC3,2003-11-01,F,USA
STU973C76,2002-11-03,M,Norway
STU8A35BA,2003-05-21,F,France
STUCFC3DA,1995-01-05,Other,Norway
STU28F47B,1999-09-20,F,Germany
STU11F29D,1999-05-08,F,Estonia
STU5C2D6F,1998-07-13,F,Lithuania
STU90EA2F,1999-05-18,F,China
STUBE089A,2002-02-04,Other,Latvia
STU0CCAE9,1996-07-03,Other,Germany
STUB6B8A7,2002-12-15,Other,Spain
STU5EC5D7,1999-08-15,F,Estonia
STU43E242,2001-08-17,Other,France
STU514D8B,2000-12-05,F,Spain
STU980FD1,1998-11-21,Other,Poland
STUEDB976,2005-09-27,Other,Poland
STU4E2FDE,2000-07-16,F,France
STU8064DD,1996-04-26,F,France
STUAEF93E,2005-11-12,F,USA
STUA44B3F,2002-10-15,Other,China
STUC8D7E6,1995-12-15,Other,China
STU0F6ED6,1995-08-15,Other,Lithuania
STU582B92,1999-11-21,F,Italy
STU9036FC,1998-01-01,M,Norway
STU645A05,1998-02-25,F,Poland
STU1A8ACA,1997-08-06,F,Estonia
STU9E618E,1997-02-21,M,Estonia
STUB2E164,2005-09-12,F,Norway
STUE14B6B,1997-05-02,F,Italy
STU82AB7C,2000-11-21,M,Italy
STUB56715,1996-08-16,F,USA
STUE07969,2003-06-14,F,Germany
STUA5DC30,2005-07-10,M,China
STUE04BD6,1999-04-15,F,Germany
STU29E38F,2003-12-05,M,Lithuania
STU5497B0,1997-03-02,F,Poland
STU0665E6,1995-07-10,Other,Sweden
STUB9E407,1995-08-06,F,Italy
STU82DE7C,1997-12-02,Other,Poland
STUA95F44,1999-09-15,F,Lithuania
STUA2A0E1,2004-07-15,M,Norway
STUF58CC3,1997-06-02,M,Estonia
STUD31C42,1998-03-04,Other,Estonia
STUCA6790,2000-07-24,Other,Spain
STUA61B3B,1997-01-12,Other,Lithuania
STUDAC1C2,2001-12-12,M,Sweden
STU372DD0,2004-07-21,M,USA
STU675CFF,2000-09-17,F,France
STU33C845,2005-06-05,M,Sweden
STU7B454E,1999-10-09,M,Poland
STU165494,1995-01-26,Other,Germany
STU656DE9,1995-09-19,F,Norway
STU15F34D,2001-12-02,F,Lithuania
STUCF64CB,2001-03-08,M,Poland
STU473B13,2000-02-23,F,Italy
STUBFBB31,1996-10-13,F,Estonia
STUD66CEC,1997-10-14,M,Italy
STUFA0769,2003-07-12,M,Poland
STUA35B11,1999-11-26,M,France
STU03A140,1997-03-02,F,Lithuania
STUB03A0D,1999-04-03,Other,Lithuania
STU8D4E1C,2002-08-06,M,Germany
STU82B699,2003-08-09,Other,Estonia
STU6D64D7,2000-09-19,M,India
STU6A7752,2001-08-10,M,Latvia
STU267CE3,2001-01-03,F,China
STU95AA2E,2001-12-21,F,USA
STU6F2E53,2003-08-07,Other,China
STU1EBEF5,2003-01-04,M,Poland
STUC3FD27,1998-01-21,F,Germany
STUD5230F,2005-10-05,M,Latvia
STU68FC8D,1998-06-06,M,Spain
STUEB8328,2002-08-11,M,France
STU0E8F6C,1999-09-26,M,Sweden
STUD62614,2005-04-21,M,France
STU1F3373,1999-09-22,Other,Sweden
STU4F0B7A,2003-05-14,M,France
STU24A829,1996-12-06,F,Poland
STU8143A9,2001-12-24,F,Italy
STU53C1F0,2005-05-05,F,Estonia
STU0F7662,1998-04-22,Other,Estonia
STU8A7EB0,2002-01-05,M,France
STU8693D9,2005-07-03,Other,Sweden
STUD391AC,2004-12-25,M,France
STUB9D55E,2002-11-13,M,Lithuania
STUA07108,1997-10-28,F,USA
STU49B50A,2005-11-12,F,France
STU8549CE,1996-10-24,M,China
STU76DBC1,1999-04-16,F,Lithuania
STU132EE0,1997-10-22,F,Norway
STUA5B992,1995-06-01,M,Italy
STUB28455,2001-03-08,F,Germany
STUA04417,1999-07-22,F,China
STU42E901,2000-07-01,F,Latvia
STUD62084,2000-02-03,Other,Estonia
STU18E76E,1995-07-11,F,India
STUDDEB59,1998-03-28,M,USA
STUF3FCA3,2001-08-20,M,China
STU3C19BF,1996-02-27,F,Latvia
STU035905,2000-02-06,F,Estonia
STUB5AB88,1997-11-15,M,China
STUE49F43,2004-02-13,Other,France
STU3D53C6,1997-03-05,Other,Germany
STU6BCBF2,2000-04-18,F,Poland
STU46D14A,2003-08-11,F,Sweden
STUF497BB,1996-08-13,F,USA
STUCA4BC3,2002-03-06,Other,France
STUA31CE5,2000-09-27,Other,Spain
STU123B22,2001-07-01,F,Estonia
STUE07DCB,2003-04-08,Other,France
STUF5FFEA,1995-09-07,Other,China
STU0E0E22,1998-08-17,M,Sweden
STUE38516,2005-02-12,Other,Estonia
STU845666,1997-07-14,Other,Sweden
STU382071,2001-11-17,M,Latvia
STUC3D0BE,1995-08-19,F,Sweden
STU50DBA1,2000-04-02,M,Lithuania
STU94E78E,1997-03-16,F,Lithuania
STUAD3232,2004-04-23,F,USA
STU6331DE,1995-05-16,M,Estonia
STU376F01,1997-09-02,M,Spain
STU12CA36,2002-02-09,M,USA
STU20B25F,1996-04-26,F,France
STU83BA53,2002-03-16,Other,Spain
STU52316F,2004-03-21,M,USA
STUC42BE7,2001-12-23,Other,Estonia
STU6CA9ED,1999-10-11,F,Germany
STU5B1841,2002-07-24,M,Estonia
STUA04F1E,1998-12-24,M,Sweden
STU79018D,2004-09-07,M,China
STU34F8AA,1999-01-22,F,Germany
STU1FB30F,2003-02-26,Other,Italy
STUE1ED7E,2004-09-04,Other,USA
STU5380F1,2001-02-22,Other,Lithuania
STU329C91,2004-09-27,M,Estonia
STU6638BD,2003-09-24,M,France
STU34800F,1995-10-07,M,Sweden
STUCE09A5,1997-08-05,F,China
STU542482,1999-06-27,M,Germany
STUB20854,2002-06-20,F,Germany
STUF51940,2001-08-08,M,India
STU557283,2002-03-06,M,Poland
STU3AB61E,2000-06-08,M,Italy
STUB34221,1995-02-13,Other,Estonia
STU9DB1D7,1998-03-19,F,France
STU7B0D26,2000-02-03,Other,USA
STUAC385E,2001-06-27,Other,China
STUFDFD7D,1996-07-01,Other,Sweden
STUF69499,1997-05-27,Other,China
STU0572DF,2000-02-08,M,Estonia
STUB5D158,2001-07-27,Other,Lithuania
STUA0677B,2000-08-11,M,USA
STU59FA95,2004-07-13,Other,France
STUD0DBCF,2002-02-22,M,Latvia
STU3A7283,1996-04-05,Other,Lithuania
STUA3295F,2002-03-07,Other,Estonia
STU6E25AB,1996-10-23,M,Latvia
STU3850E5,1999-07-11,F,Lithuania
STU90DB8D,2001-04-14,Other,India
STU91250B,2005-09-11,M,Sweden
STU1D0134,2002-12-28,F,USA
STU34914E,2000-06-20,Other,China
STU1893BB,2004-02-20,F,Sweden
STU52AFB9,2004-08-13,M,India
STU51FA16,1997-03-07,F,France
STU553398,1999-10-23,Other,China
STUEE4965,2000-11-04,F,Spain
STU3494D3,2002-11-01,Other,France
STU53D46B,1998-11-09,M,France
STU303647,2004-02-28,F,Germany
STU0615D1,2001-04-04,F,Norway
STU89F234,2002-05-23,F,Germany
STU7FBF71,1997-03-04,M,USA
STU49589B,1999-03-21,M,China
STUACDC16,2004-08-07,Other,Poland
STUF9C581,2005-12-28,Other,Estonia
STUE256DE,1995-04-09,F,Spain
STU22864E,1996-08-11,M,Lithuania
STU10AE18,2005-03-19,F,Latvia
STU586058,1998-12-18,F,Lithuania
STUFB045C,2003-12-07,M,Germany
STUEE1646,2002-02-01,F,Italy
STUCEEA49,1998-12-11,M,Spain
STU45A659,2000-11-14,Other,Spain
STU087B1B,2005-12-10,M,Poland
STU6C67E2,2002-02-20,Other,USA
STUC41981,1996-07-08,M,China
STUDB0789,2000-05-15,Other,Poland
STUC2F563,2000-05-28,M,Spain
STU5BE164,2005-11-17,M,Italy
STU58B70B,1999-02-16,F,Latvia
STU496FD2,2004-03-23,Other,Germany
STUE6678E,1995-07-18,M,Estonia
STUFEF032,2005-10-24,F,Italy
STU94C077,2003-12-02,M,Latvia
STU71FAF3,1999-06-15,M,USA
STUFC9DD9,2003-07-19,Other,Poland
STUCA648E,2004-11-21,Other,Poland
STUD0A8A9,2001-12-06,F,France
STU2EDAF0,2004-10-07,M,France
STUC83992,2000-04-24,F,Italy
STU68A76B,1996-04-07,Other,Sweden
STU11D760,1996-04-14,F,India
STU20E94B,1999-07-03,F,Poland
STU57206E,2001-01-11,F,Spain
STU01DD1B,1998-08-22,M,Norway
STUD03BBA,2005-12-27,M,Sweden
STU6CF382,2002-02-05,F,India
STUFB40B7,1999-08-01,F,Estonia
STUD59BCC,2000-04-26,M,Germany
STU2B1E94,1996-08-26,Other,China
STUE21B40,2004-05-28,M,USA
STUF7A2B3,2005-07-20,F,Germany
STU5A8F34,2004-07-15,M,Lithuania
STUE954B0,1999-02-18,F,Germany
STUFDA93E,2004-04-03,Other,China
STUC4686C,1996-11-13,F,Latvia
STU27A112,2005-08-11,Other,India
STU427E49,2003-07-23,F,Norway
STUF4BB38,1999-01-25,M,Estonia
STUE19B69,1997-11-12,F,Spain
STU27E0F3,1996-08-11,F,China
STUAE1C05,1995-05-13,M,Sweden
STUF4F358,1996-05-23,M,Latvia
STU840261,1999-01-08,Other,Norway
STU1F88E3,1997-07-16,F,France
STU4DCEFF,2000-08-14,Other,USA
STUBE594F,1995-10-10,M,France
STU3A9DB9,1997-06-22,M,Estonia
STUCF8821,2000-07-07,F,USA
STUA1F810,1995-04-17,F,USA
STU20B73D,2000-03-17,Other,Germany
STU31A108,1998-02-07,M,Estonia
STUA3FEAD,2004-07-16,Other,Spain
STUD69007,1999-04-12,Other,India
STU43EF4A,2005-11-12,Other,Estonia
STU134BAE,1996-10-15,F,Sweden
STUB06730,1998-09-12,Other,Sweden
STUEC5F12,2005-10-05,M,Italy
STU4DBFD7,2005-12-09,M,Norway
STU546E4B,2001-04-14,F,Germany
STU42C646,2003-08-04,M,Norway
STU46FAF2,1996-07-12,M,USA
STUBE2395,2000-10-25,F,Italy
STUF9CCCC,1998-10-09,F,China
STU9BA023,1995-07-22,Other,Latvia
STUFA834D,2004-06-17,Other,Germany
STU57A974,2004-05-18,F,Spain
STU14FF14,1995-10-19,Other,Norway
STU5E3915,1997-09-11,F,India
STUE0F07D,2005-05-04,F,Estonia
STUFCBB24,1998-12-27,Other,France
STU2DA8F4,1998-02-10,Other,India
STU885C96,1996-05-06,M,Italy
STUA00FE7,1999-05-24,M,Estonia
STU506FE4,2001-08-27,F,Germany
STU378909,1999-03-18,F,Norway
STU34DCE3,1999-01-10,M,China
STU1DE7A6,2000-03-24,Other,India
STU2414CD,2002-11-23,F,China
STU881A3E,1995-04-12,F,Norway
STU73D0A2,2001-07-27,M,Lithuania
STU6F7069,2002-11-15,Other,China
STU38FB62,2004-08-11,M,USA
STU489435,2005-01-19,M,Sweden
STUC9AD1D,2005-06-25,M,Estonia
STU11AB91,1999-01-16,M,China
STU4D200C,1998-05-26,F,Poland
STU365C8F,2000-12-02,F,Poland
STUB91B31,1996-08-02,Other,Germany
STU279441,2004-03-05,M,Estonia
STUD1694B,1997-06-03,Other,Spain
STU9F11ED,2004-01-01,M,Estonia
STU188CD8,2000-01-03,Other,Poland
STU24D357,1999-08-09,Other,Norway
STUAE7AAF,1997-10-19,M,India
STU413361,2000-06-11,M,Spain
STU668A04,2002-09-07,Other,Estonia
STU42952B,1995-05-20,F,Italy
STUF46A1A,2002-12-25,F,Italy
STU29D5CE,2001-09-10,F,Germany
STU52A593,2001-04-07,M,Spain
STU36BB53,2005-09-18,F,India
STU5FA6BA,2001-06-03,Other,Lithuania
STU4B2AC8,1998-12-10,Other,Spain
STU465CAA,1995-09-05,F,Poland
STU7C2628,1998-01-04,F,China
STU2A67E1,1995-07-22,F,USA
STU39ED88,1999-10-02,M,Italy
STU836A63,2005-12-19,M,France
STU6EC55A,1996-08-22,F,India
STU350FE2,2005-04-07,F,India
STUF9EAE0,2005-11-08,Other,USA
STUAC0BA3,1995-12-27,F,Poland
STU59878C,2003-12-27,M,Poland
STU0D8E2C,2005-09-06,M,China
STU8B2188,2001-11-01,F,USA
STU6B82D6,1998-10-06,M,Poland
STU4DCDB1,2003-07-15,Other,USA
STU3E84A7,2003-02-22,M,USA
STU8F98E1,1995-09-26,M,Germany
STUC9827E,1998-09-18,M,Sweden
STU476C9A,2004-11-16,M,China
STU0B2A73,2005-03-26,Other,China
STU482C76,2000-08-20,F,Spain
STU868CA6,2000-07-10,F,USA
STUF95758,1996-02-20,Other,USA
STU344CD7,1998-06-10,F,India
STU2886B8,1997-09-13,M,Estonia
STU8F7807,2004-12-13,M,France
STUC8F212,1995-11-06,M,Latvia
STUF5CA21,1999-10-05,M,Spain
STU90FE2A,1996-08-21,F,Estonia
STU154987,1996-05-11,M,Estonia
STU3D12E7,1995-10-21,M,USA
STUFFD816,1998-10-22,F,China
STUFC566B,2002-03-17,F,Estonia
STUD3F74A,1998-10-11,M,Estonia
STUFBDCE5,2005-02-01,F,India
STU4F7794,2002-04-08,M,Latvia
STUFD5B08,1997-08-13,F,Spain
STUB4E021,1999-09-22,M,Germany
STU0FE0A0,1999-10-13,F,Latvia
STU411552,2004-10-23,M,Spain
STUE3A9CC,2003-06-18,F,India
STU633B33,2000-12-06,M,Poland
STU88F374,1995-11-04,Other,India
STU737EDA,2005-06-22,F,France
STUFBB023,1999-09-28,F,Norway
STUAE84D9,2004-03-01,F,France
STUEB823E,1995-06-04,Other,India
STUBA8BF8,2003-08-01,M,USA
STU0F6112,1997-03-04,Other,USA
STU0DBD46,2002-08-11,Other,Estonia
STUFBC13A,1995-03-12,F,India
STUC8430F,2005-10-17,M,Estonia
STU00B11A,1996-01-07,M,Lithuania
STUC0B326,1999-02-24,M,Spain
STUD7895F,2005-08-05,Other,China
STUADABCD,1996-01-05,Other,Norway
STUCE4ECA,1997-10-11,F,Italy
STUF53CB3,2000-02-05,F,Spain
STU10A21F,2002-01-21,M,Norway
STU3E0FB3,2004-07-25,Other,India
STU74E425,1998-04-23,M,China
STU8665C3,1997-03-12,M,Norway
STUA04F0F,2001-07-14,Other,Estonia
STU629E24,2004-03-04,M,Norway
STU96A671,1999-07-06,M,Spain
STU59FF74,1998-05-12,Other,India
STU10CFF3,2000-09-06,Other,Estonia
STUFD46FC,2000-07-12,F,Germany
STUD6CDFE,1996-10-06,Other,India
STU780B23,2000-10-02,Other,India
STUB37325,2004-05-28,F,Poland
STUD269C5,1999-08-12,M,China
STU436651,2002-07-28,M,China
STU3937ED,2002-09-23,M,Italy
STU306D24,2001-05-25,Other,Italy
STU7B41D3,2003-07-10,F,Sweden
STUEF944D,2001-10-12,Other,Italy
STUA6A272,2005-08-16,Other,Lithuania
STU308EF8,2000-02-18,F,Italy
STUAB03CD,1995-07-15,Other,India
STU92A1D6,2004-07-09,F,Poland
STU55BD02,1996-06-19,Other,Lithuania
STU65ABED,2000-10-05,F,Sweden
STUB31A0C,2003-08-01,F,Germany
STUC900DC,2001-05-13,Other,Norway
STU1D448A,2004-06-02,Other,Latvia
STUF1B6C3,1995-05-23,F,Sweden
STU4EEA1A,1995-12-21,F,Spain
STU5DE34F,2003-12-26,M,Latvia
STU4BB630,2000-01-23,F,Poland
STUC33234,2001-03-25,F,Italy
STUE74B47,1995-11-21,M,Lithuania
STUC3A826,2005-10-06,M,Italy
STUD121B5,1997-02-06,M,Latvia
STU5A083C,1995-03-19,Other,India
STU67B5BB,1999-05-23,F,Germany
STU26248C,2002-07-08,F,India
STU19FEE5,1996-05-17,F,France
STUE45CA9,2004-08-21,M,Italy
STU78E9BE,2005-02-05,Other,Estonia
STUFFDB9D,2000-05-12,Other,Estonia
STU9FD601,1998-12-18,F,Spain
STUEE5496,2005-04-11,Other,USA
STU9BAC02,1999-10-20,Other,Estonia
STUBE13E1,2005-10-27,M,Sweden
STUA91964,2004-06-08,F,China
STUD8AE78,2005-11-20,Other,Italy
STU12E41E,1997-03-18,Other,Norway
STUB299F8,2005-11-11,M,Germany
STU286726,1995-10-23,M,Poland
STU6F1EEA,2003-02-16,Other,France
STUA386B1,2004-08-08,M,Poland
STU8B33BE,1996-05-20,F,Spain
STU626050,1998-07-28,M,Estonia
STU704087,2003-10-23,M,Lithuania
STUC35316,2000-11-01,F,USA
STU5ADD4F,2000-10-25,F,USA
STU43123C,1996-10-21,F,USA
STU4A65A5,1999-01-01,Other,Italy
STU4D98E5,2004-08-12,Other,Spain
STU590475,1999-11-10,F,Estonia
STU5C9327,1999-03-03,M,India
STUA2B596,1999-03-01,Other,Latvia
STU37EF6C,1999-02-17,M,Latvia
STU1BD996,2005-07-11,F,Estonia
STUAA0699,1995-08-18,F,Germany
STUB8E612,2000-06-02,Other,Italy
STUF697C0,1999-02-11,M,Estonia
STU86D3D3,1995-10-07,F,Italy
STU9BD6B2,2002-08-01,F,China
STU00F701,2004-07-22,M,USA
STUAF3971,2001-02-22,F,Estonia
STUF9EBAB,1999-02-07,F,Poland
STU76620A,1997-09-09,Other,Spain
STUED4628,2001-10-11,F,Estonia
STUA7D16F,2000-09-06,F,Norway
STU9F8AB1,1995-12-14,Other,Estonia
STUAA0B87,1997-03-14,Other,USA
STU98923C,1996-06-13,Other,USA
STUCE2CDE,2005-05-20,M,Sweden
STU1DE8F6,1995-09-21,M,Norway
STU5BDA98,2001-02-01,M,Germany
STU7F2322,1998-06-27,M,USA
STU2BAA4D,1997-01-20,F,Italy
STU089552,2004-12-25,F,Estonia
STU321F7D,1996-06-25,F,Spain
STU4D7624,1999-10-09,M,Latvia
STU70A7BC,2000-11-22,F,Spain
STU986E2E,1998-08-12,Other,Latvia
STU23E651,1999-10-23,M,Spain
STU45DB37,2003-12-16,Other,Latvia
STU8F7869,2002-01-04,Other,Latvia
STUAEE3AB,1996-11-26,Other,India
STUC1177A,2005-02-04,Other,Spain
STUC97E79,1998-08-20,F,USA
STU3DDFD9,1997-04-07,M,France
STU9D3633,1998-03-09,M,USA
STUC78D0B,2002-01-22,F,China
STUD6A2AD,1996-03-16,Other,Norway
STU21F115,2004-07-08,M,India
STU13BA55,2003-08-25,Other,USA
STU9B114D,1995-09-24,M,Spain
STU63A847,2005-03-06,Other,Lithuania
STU19EA4B,2003-03-06,M,France
STU6085AB,1999-09-10,Other,India
STU414349,1998-06-04,Other,Norway
STU0E18A2,2003-09-04,F,France
STU464516,2004-06-16,M,China
STU6900C2,1995-05-05,Other,Italy
STU71C0BE,2004-10-01,M,India
STUBAEC72,2005-03-17,F,Germany
STUD36CCC,1997-05-25,M,Norway
STUA9EECD,1995-12-04,Other,China
STU15BD75,2005-04-28,Other,China
STU667514,1996-04-16,F,USA
STUFB04DA,1999-04-09,M,Spain
STU5AB00E,1995-06-24,Other,Norway
STUA2DB61,2004-03-11,Other,China
STUED10CF,2005-02-16,M,Spain
STU5BE04A,1998-06-17,M,Spain
STU6DA366,2001-09-06,M,Lithuania
STU19C9A0,1996-11-11,M,Estonia
STU3581FB,2002-10-14,Other,Italy
STU6C0D1D,1999-07-06,M,Poland
STUF43032,2001-08-01,Other,Lithuania
STU23FE15,2001-03-02,Other,Germany
STUA7DF06,1996-03-09,M,Norway
STU79420B,2005-07-14,F,India
STU901C8C,2005-11-11,Other,Spain
STUFBA4F5,2001-03-27,Other,Germany
STU15AA23,1996-12-08,Other,Italy
STU997060,1995-11-28,M,Poland
STU278E4D,1998-05-09,Other,Sweden
STUC0612F,2003-12-27,Other,Italy
STU1293AC,1995-10-05,Other,Poland
STU598161,2003-05-17,Other,Estonia
STUCC735B,1999-06-09,Other,India
STU00E1BE,2004-05-24,Other,Norway
STUC84627,1997-06-10,F,Germany
STU95569D,2005-01-10,F,France
STU7757A4,1999-03-22,M,Norway
STUF7BC40,2000-07-08,Other,France
STU1A7F23,2004-01-09,F,Italy
STUA50A31,1996-05-10,F,France
STU4D9212,2001-12-26,F,Norway
STU3FAFE1,1999-09-03,F,India
STUFDB50C,2000-03-11,M,India
STUBEDD21,2003-09-18,Other,China
STU4C8256,2001-05-13,F,Lithuania
STUD0DA88,2003-10-08,M,France
STU709DB3,1998-02-16,Other,France
STU855706,1997-02-08,Other,Poland
STU494672,1998-07-23,Other,Estonia
STUCD0C28,2002-06-09,Other,Spain
STU1849F3,2004-04-16,F,Norway
STU12F16C,1997-12-25,F,India
STUCFB444,1996-06-09,M,Germany
STU12DC2E,1999-02-06,F,China
STUAD3795,1995-12-07,Other,USA
STUC4B270,1998-05-25,M,Germany
STU89ADE1,1999-08-05,M,Spain
STU878D95,2002-03-02,F,France
STU11914F,1996-10-16,F,Spain
STU23CB37,2002-01-22,M,Sweden
STU24D474,1998-03-08,Other,Estonia
STU7F891E,2003-11-21,Other,Norway
STU6C0264,2002-04-08,F,Germany
STUDA75AD,1996-01-17,F,Latvia
STUB1C7F0,1998-11-15,F,Italy
STUBA58E3,2005-09-26,M,Sweden
STU11E629,1998-03-03,Other,Estonia
STUEC8DCC,1999-06-04,Other,Lithuania
STUD08EE8,2003-09-12,Other,Estonia
STU4BBF7D,2004-09-23,Other,Poland
STU16E9CE,2003-02-04,Other,Estonia
STUAF1AA3,1999-03-18,M,Norway
STU16BB5A,2003-04-10,M,China
STU78CC2B,2005-01-14,F,Spain
STU894A74,1998-11-19,Other,USA
STU4BB9B4,2000-06-07,F,Spain
STU475D6B,1998-05-19,Other,Norway
STUB6FCC4,1996-10-15,M,USA
STU5A1045,1995-05-02,Other,USA
STU6E73B8,1998-03-10,M,France
STUE4D2C6,1998-11-25,M,Lithuania
STUDEC617,2004-11-03,Other,India
STU0C9625,2002-04-04,F,Spain
STUC25093,1998-03-10,Other,Spain
STUD31B88,1995-11-17,Other,China
STU2B3C04,2005-08-25,M,France
STUBD12E9,1999-08-17,M,Estonia
STU9AA182,1995-08-04,M,Poland
STU32BA99,1997-06-16,Other,China
STU8915BB,2003-10-14,Other,Poland
STU344AF6,1995-03-10,M,Estonia
STU893FA0,2003-11-06,F,China
STU6D3014,1997-05-10,Other,Estonia
STUFF6F48,2000-03-02,F,Sweden
STUDE42A6,2004-10-21,M,Italy
STUD0E0DD,1997-09-07,M,Poland
STU645A16,2004-08-16,Other,Estonia
STUAEB3EA,2000-02-14,F,Italy
STUFB7DEC,1995-02-18,M,Lithuania
STUD02E4A,2000-05-10,M,China
STUC2129D,1997-08-15,F,Lithuania
STUD47265,1996-11-28,M,Spain
STUA38165,1996-07-05,F,Norway
STU3DCC3B,2000-02-01,M,Lithuania
STUAA2ABF,1998-07-28,F,China
STU79AC3A,2003-06-16,F,Spain
STU440E2B,2004-08-21,M,Latvia
STU4196E1,1999-08-21,M,India
STU63F7A8,2003-05-26,F,Latvia
STU0C5D20,1996-07-08,M,Germany
STU7D8497,1996-03-19,M,Latvia
STU1A831C,1997-04-14,M,Norway
STU983F55,1997-06-27,M,Poland
STU53EFCF,1997-10-22,Other,Lithuania
STU6E35B5,1998-12-03,M,Germany
STU0DC375,2001-03-08,F,Lithuania
STU9546D3,2000-01-13,F,USA
STU464017,1999-09-24,M,USA
STUB122B0,2000-03-28,M,Estonia
STU329A0D,1997-06-10,F,Italy
STU4C0CAD,2005-05-16,F,Spain
STU249F3C,1996-07-20,M,France
STUD48C5D,2000-06-20,M,Spain
STU46A5C1,2001-06-08,F,India
STU65859D,1999-03-27,M,Norway
STU02731F,1997-05-14,F,Norway
STUAE568A,2001-12-28,M,Germany
STU1FD41C,2001-12-16,F,Poland
STU0FBB46,2002-05-21,F,Estonia
STUAD8261,1995-05-26,F,China
STUAF416E,2000-03-25,M,France
STU4C0B19,1997-12-02,F,Estonia
STU1BA19D,2001-05-05,F,France
STU98E6FD,2004-08-18,M,Sweden
STU5492C1,1999-04-16,M,Estonia
STUC0FFCE,2005-07-02,Other,USA
STU0B39A7,1998-05-28,Other,Estonia
STUD9937E,2002-04-03,M,Sweden
STUA4A8BD,1995-02-12,F,Italy
STU99A739,1998-10-20,F,Germany
STUBD7E3C,1996-02-25,Other,USA
STU6FD321,2005-06-09,M,France
STUF3A61F,1995-02-12,M,USA
STUCF6303,1999-04-27,Other,Norway
STU15EDD1,2004-01-23,Other,Sweden
STUD91F21,2003-01-17,Other,Spain
STU179F4A,2000-09-23,Other,Italy
STU7FB576,2000-09-21,M,Sweden
STU44B824,1999-06-09,Other,Latvia
STU6E65AD,2002-06-25,Other,Norway
STU1C3DA8,2004-10-25,Other,Norway
STU088D15,1999-03-12,Other,France
STU36ED77,1997-11-19,Other,Lithuania
STU7544C1,1999-04-13,Other,Germany
STUF346C7,2002-06-13,Other,France
STU88B45A,2004-08-22,Other,Italy
STUD8D545,1995-12-15,Other,USA
STUE605EF,2001-08-06,F,Spain
STUAB26A2,1995-09-04,F,Latvia
STUDBD93D,1995-09-28,F,Norway
STUE3FCBB,2003-11-25,Other,France
STU01CFE6,2000-02-04,Other,Spain
STU01D7FA,2005-03-26,F,Sweden
STU12C7E9,2002-02-21,Other,USA
STU4D1721,2004-10-19,M,Norway
STUAE84DA,2000-03-07,F,Poland
STU5DFC83,1995-01-24,M,India
STU796B68,2004-06-28,Other,USA
STU07DE85,2001-04-11,M,China
STUB28877,2003-08-12,F,Lithuania
STUB464F8,2000-04-27,M,Lithuania
STU4E715B,2004-12-08,F,Poland
STU6F8D85,1998-11-21,M,Poland
STUE6B1F1,1999-05-26,F,France
STU7D357D,1996-10-16,M,India
STU361801,2004-11-10,M,USA
STU0495D9,1995-04-14,F,Italy
STU922400,2003-01-13,Other,China
STUE88C9A,1998-03-23,Other,China
STUBB47DC,2003-10-09,M,Poland
STU7AEBDB,1996-08-03,M,Lithuania
STU07C5D3,1998-12-16,M,Estonia
STU925A72,2002-02-17,F,Sweden
STUACA220,2002-10-02,Other,Norway
STU7AF111,2002-12-08,F,Spain
STUD4ABDF,2005-02-14,Other,China
STU9CF505,1997-08-12,Other,Germany
STU83E82F,2002-05-14,M,Poland
STUC67099,1995-01-13,Other,Estonia
STU4BD737,2005-08-16,F,Lithuania
STUACF51F,1995-10-23,F,Lithuania
STUAFC58D,1996-09-07,M,Italy
STUFA3B09,2005-11-23,F,Sweden
STUD64F5A,1996-09-01,F,Poland
STU63877A,1995-09-11,M,China
STUDB017D,2002-01-01,F,Lithuania
STU188BD8,1995-02-01,M,China
STU70553F,1997-03-24,M,Germany
STUE5C073,2001-09-27,M,Estonia
STU3B2D6C,1995-06-04,Other,Lithuania
STUE5CE7A,1996-02-25,Other,Poland
STU5EFDD4,2001-10-07,F,India
STUF3CF0A,2004-02-01,F,Norway
STU976DA2,2001-10-17,F,Poland
STU806008,1995-02-10,Other,France
STU49DCBC,1996-02-26,F,Spain
STUB727EC,1997-09-05,Other,Germany
STU4D98F4,2000-02-19,F,France
STUA385CF,1997-10-11,Other,USA
STU4BF025,2001-02-14,F,Germany
STUC8E1C6,1996-02-28,F,Lithuania
STU725F74,1997-06-09,F,China
STUCA9CAA,2004-07-11,F,Lithuania
STUB457A0,1997-12-09,Other,Germany
STU3500CD,1996-09-22,M,Italy
STU844399,1999-11-17,M,Italy
STU3AC96B,2002-06-20,F,Lithuania
STU16F083,1997-05-05,F,USA
STU90C151,1997-07-07,M,Italy
STU27F8A7,1997-04-04,Other,Norway
STU407B7A,2005-06-10,Other,Norway
STU679063,2002-02-28,Other,Spain
STUBD31BE,1997-01-05,M,Sweden
STU5616E5,1996-12-07,Other,China
STU1D0B11,2005-03-01,M,Poland
STU49EB36,2003-07-15,F,India
STU84AC02,2002-05-10,Other,Germany
STUC29BB0,1997-09-24,F,Latvia
STU36F85D,1995-08-07,Other,Lithuania
STUB1FFA7,1995-05-20,F,Spain
STUB86D74,1995-12-19,F,Sweden
STU60CC58,2001-08-25,F,Germany
STU10395D,2004-07-02,Other,Germany
STU4D9E9E,2004-07-21,F,Estonia
STU21D12D,2004-02-21,M,France
STU8946EE,2002-02-14,F,Estonia
STU20FA46,2000-05-27,F,USA
STU73F28F,2003-05-24,F,Sweden
STU76B742,2000-08-15,Other,Poland
STUF5C9FE,1998-12-27,Other,Norway
STU478667,1996-06-07,F,Germany
STU7F9973,2002-09-24,Other,Spain
STU44EF27,2005-03-17,F,China
STUC1D0DA,1998-03-26,M,China
STU300A80,2002-07-14,F,France
STU6F5156,2003-11-10,M,Norway
STU2DB9E5,1999-10-25,F,Sweden
STU451C36,1999-06-21,F,USA
STU3D4CB6,1995-04-24,M,India
STU34C0F3,1995-03-21,M,France
STU88DFC6,1998-07-14,F,China
STU0D1F06,2004-05-12,M,Latvia
STU8462BA,2003-03-07,M,Spain
STUAA5E8E,1999-06-24,M,Spain
STU3E0745,2000-07-14,Other,China
STU6C9277,1997-03-25,Other,Estonia
STU60A832,2001-06-25,F,USA
STU065FAA,2000-05-20,Other,Germany
STUFAABDF,2005-01-26,M,India
STUF718E5,2004-09-01,M,Spain
STU6E7B9E,1998-11-15,Other,Sweden
STU7DCDE9,1996-10-03,F,USA
STU8C7A1D,2002-08-01,M,France
STU508C1E,1996-02-03,F,India
STU484280,2003-02-21,F,Germany
STUA83255,1998-02-12,M,Estonia
STUAD1C2F,1999-03-18,M,Poland
STU67FC91,2000-09-15,Other,Sweden
STUF1D9B5,2000-01-19,M,Sweden
STU21CD37,1998-10-15,Other,Italy
STU9DA37F,1995-06-15,Other,Estonia
STU31C5C5,1997-02-28,F,Poland
STU7B291E,1995-11-20,Other,Poland
STUED75E0,1995-01-21,Other,France
STUC6A648,1999-04-01,M,Germany
STU223C56,2002-08-08,M,China
STU626763,1995-11-13,F,Sweden
STU1123EC,2004-05-05,F,USA
STU86CF19,2001-11-07,Other,Lithuania
STUB2C3DC,2005-09-06,F,Spain
STU587AA7,1997-07-26,F,Sweden
STU63F2D1,1998-12-21,M,Poland
STU522060,1999-04-03,Other,Lithuania
STU036183,2002-06-08,Other,Latvia
STU9B02E7,2002-02-09,M,France
STUF47F59,1997-07-24,F,Germany
STUA38995,2004-04-01,F,USA
STUF4F330,1999-12-13,M,France
STUB689C1,1998-09-24,M,India
STUE4BBA2,2003-12-03,F,Norway
STUA30914,1999-12-24,M,India
STU284272,2003-12-20,F,France
STU213BD0,1995-06-18,F,USA
STUF17C2F,2002-05-08,Other,China
STU864AC2,2004-05-16,F,Germany
STU525E70,2003-10-16,M,USA
STU58CC28,1999-06-27,Other,Norway
STUB8ED7B,2004-09-19,Other,Germany
STUCF0F92,1997-05-11,F,India
STUF56C77,1999-01-24,Other,France
STU2AC84E,1997-02-01,M,Poland
STUF85932,1999-11-19,Other,Sweden
STUD51559,1996-02-25,F,Norway
STUBCD853,2003-06-26,F,Italy
STUAFF140,1998-10-24,Other,Lithuania
STUE319BB,2000-08-23,Other,Latvia
STUEC95BF,2001-07-05,Other,Sweden
STUA98EE0,2004-03-28,M,Spain
STU51942D,2004-06-26,M,India
STU6DC320,1995-01-24,Other,USA
STU0940CE,1997-11-12,Other,Italy
STU99B724,1998-10-11,Other,Germany
STUCF016D,2005-06-13,Other,Spain
STUA60486,2002-08-22,Other,Spain
STU092458,1996-03-27,F,Germany
STUEACEEF,1999-06-17,Other,Norway
STUD558FB,1995-02-08,M,India
STUFF0CB3,1996-02-15,F,Poland
STU8C936E,2002-04-22,M,Italy
STU0FCD07,2003-04-14,M,France
STU82EC90,2004-11-06,M,Italy
STU99CB57,1996-06-14,Other,France
STUE105A5,1999-04-18,F,Latvia
STU73064F,2002-02-15,M,Spain
STU6EB323,2000-11-20,M,Italy
STUE5907E,2005-09-22,Other,Poland
STU5138A4,1995-06-26,F,Latvia
STUAFCED5,1997-06-14,M,India
STUB0C02D,2002-04-20,F,China
STU6C3071,1999-04-22,M,Poland
STU85FDFD,2001-02-25,M,Lithuania
STUAE503B,2005-10-20,M,Latvia
STUB860BC,2001-11-18,Other,India
STU3EFEB2,2002-09-10,M,USA
STUB7A83A,2002-08-11,M,Italy
STU796532,1998-07-22,F,China
STUB9307B,1997-01-23,Other,Norway
STU9F0E80,2000-01-27,F,Sweden
STU55F3D8,2004-10-04,Other,USA
STU7EDA2B,1997-12-18,F,India
STUA4658F,2001-09-11,Other,France
STUD7E498,1999-02-14,F,Estonia
STUF49AF2,1998-04-04,M,Poland
STUC865F7,2000-07-25,Other,India
STUB504A9,2003-06-10,M,Germany
STUFE9C2B,2001-12-27,M,Poland
STU1C6D04,2003-01-13,Other,India
STUF2A9EE,2005-01-23,M,China
STU697D7C,2001-04-06,M,USA
STUB9AF74,2000-12-04,Other,Italy
STU17010C,1997-03-20,Other,Poland
STUE10B5D,2001-06-13,M,Spain
STU14B0D3,1995-08-24,M,China
STU48D20B,2004-09-15,M,USA
STU65BB44,2005-05-17,F,USA
STUCD77DF,2000-05-10,M,Lithuania
STU62E55B,1995-08-21,F,China
STUEF2C7B,2000-11-25,F,India
STUEA3473,2002-08-10,M,USA
STU0B86DB,1999-07-27,Other,China
STU0E376C,2000-02-17,M,Poland
STU98EA27,2001-04-07,M,Italy
STUF9F75E,1998-04-23,F,Spain
STUE9A6B1,1995-06-15,Other,Italy
STU075320,2002-12-17,F,Sweden
STUAACB7E,1995-08-02,M,Italy
STU4E9D16,1995-08-24,F,Sweden
STUFF1BE0,2001-01-13,Other,USA
STUB6B749,2005-06-01,Other,Italy
STU6968A9,1997-07-03,M,Sweden
STU0F0E09,2003-10-14,F,Italy
STU289ED7,1998-03-13,F,Norway
STUB9988B,1999-02-21,Other,France
STU65CD4D,1996-03-22,F,Lithuania
STUF55871,2005-05-07,Other,Sweden
STU59C72C,2003-05-17,M,Italy
STUBD3BCE,2004-07-02,M,Lithuania
STUE7561F,1996-09-22,Other,Germany
STU7453D2,1995-09-16,M,Sweden
STU3EE51D,2005-04-17,Other,Poland
STU6B1D1B,2004-04-23,Other,Estonia
STU2C2701,2005-11-05,F,Poland
STU4DDE24,2004-02-17,Other,Estonia
STU902629,1998-09-27,M,Estonia
STU0A258D,2003-08-20,M,Poland
STU98FED9,2001-06-01,M,Latvia
STU1E60F2,1996-08-24,F,Norway
STUE13438,2001-12-01,M,Latvia
STU5365AD,1995-09-14,Other,Norway
STU3ADE91,2005-06-24,M,Germany
STUC0FFE9,2001-03-10,Other,China
STU97B3B3,1996-06-05,Other,Latvia
STUFF3B7E,2004-04-06,Other,Poland
STU0B866A,2001-07-11,Other,Poland
STUEE33B0,2002-08-07,M,Spain
STU451595,1996-10-25,F,France
STU599354,2004-04-04,M,Italy
STU9D8CBA,1997-12-26,Other,Norway
STUBD994A,2005-07-26,M,China
STU3CAB1E,2000-06-20,M,Norway
STUE001F5,2001-11-12,M,Poland
STUA37893,2003-03-11,F,China
STUEADA4F,2001-11-25,F,Poland
STUFC4789,2001-04-20,M,Norway
STUFAA05B,1997-08-04,F,France
STUFDDF01,2003-12-07,F,Germany
STU58ECA1,2003-02-28,Other,Spain
STUE6E4CD,1999-02-08,F,Lithuania
STU38E9C1,1998-04-10,F,Lithuania
STUEE7028,2002-05-19,F,USA
STU488C27,2003-08-11,F,France
STU05EE7A,2005-12-10,F,India
STUDCBEB2,2000-05-23,F,Latvia
STU9D1544,1997-02-17,F,Spain
STU8620D2,2004-09-22,M,Poland
STUEA7919,1997-06-11,Other,Latvia
STU3EAFF0,2002-08-09,M,China
STUD06F40,2000-01-07,M,Italy
STU6C30AC,1996-04-10,Other,Sweden
STU3BEEE1,2000-01-18,Other,USA
STUCD607C,2001-06-23,F,Estonia
STU4D5D16,2004-07-23,Other,Spain
STU5E4F16,2003-08-26,F,France
STUCC6250,2002-08-03,M,France
STU78CDAC,1996-03-11,Other,Spain
STU5B23C2,2005-09-27,Other,China
STU3F871D,2005-04-09,M,Lithuania
STU7DE884,2001-06-25,F,Germany
STUA65C2D,2004-12-24,Other,Norway
STU6C07E6,2001-07-12,F,China
STUFD911F,1997-12-25,M,Sweden
STU17733A,2002-11-02,M,Estonia
STU306BBA,1998-04-13,F,USA
STU478EDE,2002-08-09,F,Poland
STU480466,1995-12-22,Other,France
STU29EF8F,1998-10-16,M,India
STUF84997,1996-09-06,Other,Lithuania
STU121B45,1995-04-22,F,Lithuania
STUA57872,2004-12-08,F,India
STUE82A7F,2003-03-16,Other,USA
STUD4680D,1996-08-07,Other,India
STUF86072,1997-01-07,M,USA
STUE8A18D,1995-07-13,F,France
STU9FCE3A,2001-12-12,M,Latvia
STU5D3E25,1999-08-17,Other,Norway
STU5DF8AF,2005-10-15,Other,Latvia
STUDEC7E8,2003-05-12,Other,USA
STUAAD48D,2002-10-24,F,Norway
STU069E5F,2004-08-03,M,France
STUDB3FEF,2004-02-15,Other,France
STU4507D1,2001-02-21,Other,Lithuania
STU240088,2001-10-23,M,China
STU5FF237,1998-11-23,Other,China
STUA0413A,2000-02-01,Other,USA
STUD6A060,1998-03-25,F,USA
STUD6C9E5,2003-07-13,Other,Sweden
STUD63000,2003-11-20,Other,Latvia
STU46F304,1999-03-01,M,Spain
STUD4832C,1997-07-26,F,Lithuania
STU518E34,2005-04-02,F,Germany
STU7EB4E8,1999-02-04,F,China
STU3CFC33,1997-01-24,F,Sweden
STU4C4471,2000-02-26,M,Spain
STU9ED065,2000-03-27,Other,France
STU28740F,2004-06-16,F,Lithuania
STU025935,1998-12-21,Other,Sweden
STU7566B6,1996-01-18,F,China
STU93A45D,2005-11-19,M,China
STUB83BDB,2004-08-02,F,China
STU05B4D6,2000-04-17,F,Latvia
STU6B5C04,2002-07-03,M,India
STUE4AB11,2004-08-14,F,Sweden
STUD478A3,1997-02-21,M,Italy
STUF919A3,1999-11-11,F,China
STUF2D848,1996-05-24,M,Poland
STU8E388C,2000-12-07,Other,Latvia
STUA5F43C,2005-04-22,F,Latvia
STU239746,2005-10-28,Other,India
STU77CE92,2000-04-03,M,Lithuania
STU224717,1995-09-25,F,Estonia
STUADEA1E,1995-05-02,M,Germany
STU20480D,1999-02-22,F,Lithuania
STU0DDBC0,1998-07-23,F,Germany
STU2402EF,1998-08-24,M,Spain
STU040143,1996-04-10,Other,Germany
STUDFB6A5,1999-02-10,Other,Norway
STU07F15D,1996-09-19,F,Sweden
STU7B7D5A,1997-02-25,F,China
STU5F5C72,2002-10-28,Other,India
STU79ADCF,1999-12-05,Other,Estonia
STU3FC32F,1997-02-02,M,Norway
STU6EA38F,1997-08-09,Other,China
STUFCF9C3,1997-02-23,F,Poland
STU28D72A,2002-06-01,Other,Norway
STUAA1152,2005-10-14,M,Poland
STU96BB25,1998-03-09,Other,Lithuania
STU4B61ED,2005-12-09,Other,Sweden
STU78BD60,1996-10-14,Other,USA
STUF3C2DE,2005-06-03,Other,Sweden
STUAEE8FC,2001-03-16,M,France
STUD939C2,2000-08-02,F,Italy
STU76B45D,2003-12-14,Other,Sweden
STU2C62B9,1997-04-15,Other,Italy
STUC770AA,2002-08-04,Other,Norway
STUF80EAA,1996-03-03,Other,Estonia
STU5594C5,2004-04-28,Other,USA
STU9EAB48,2004-02-16,F,India
STU650521,2002-01-22,F,USA
STU799EDB,1995-01-05,M,USA
STUE7A3A1,2002-10-28,F,China
STUAA90A0,1997-12-09,F,Italy
STU4459E1,1997-08-17,F,Spain
STU7CCBFC,1995-12-01,M,Estonia
STU815478,2003-08-17,Other,China
STU8ED40B,1995-07-26,F,Sweden
STU5E30D6,2000-10-10,Other,Estonia
STUAFE6D2,1996-11-25,Other,Sweden
STU5427F0,2003-11-24,F,Estonia
STU52B432,2005-09-16,Other,France
STU7F9FE7,2004-12-07,Other,Germany
STU30995A,1995-04-24,Other,Germany
STUC9FF74,1997-07-18,F,Latvia
STU1FA06F,2002-01-21,Other,Spain
STUD72D9A,2002-06-12,Other,China
STU1D2A4D,2002-09-12,F,Italy
STUC5DD4C,2002-12-23,F,Italy
STUC9A6ED,1998-01-19,M,France
STU9F6415,2001-05-07,M,Latvia
STU16CF6A,1996-04-05,M,Germany
STU6EACB7,2000-08-12,M,France
STU67D6DB,1996-03-06,F,Sweden
STU209E62,1999-04-23,F,India
STU5F54F4,1995-10-09,F,Italy
STU1C1CDA,2005-11-15,M,Poland
STUAB1470,1999-10-05,Other,Sweden
STUF05CE7,2001-03-05,Other,France
STUCED9BA,2002-08-14,M,Spain
STU4C8D7F,2003-03-26,Other,Latvia
STU8558D5,1995-08-03,M,Lithuania
STU45D434,1997-05-11,Other,China
STU3E3A5F,2003-11-25,F,France
STUFCCAA0,1996-11-15,Other,Estonia
STU9E1576,1998-10-20,F,Estonia
STU314AA2,2002-10-08,Other,China
STU1C4B6A,2005-04-25,Other,China
STU05F5DE,1998-04-17,M,India
STUE1A7AD,1998-09-15,F,Latvia
STU74D9B9,2003-04-18,Other,China
STU94A20B,2001-09-19,Other,Germany
STU3376D7,2000-09-04,F,Spain
STU090F15,2003-12-14,Other,Poland
STU740B73,2001-06-06,Other,Germany
STU819881,1998-06-02,F,China
STU1B00D0,2005-10-27,Other,USA
STUDBE689,2004-04-16,Other,Norway
STUE6C41A,1998-12-21,F,Germany
STU0A8E10,1996-10-20,Other,Lithuania
STU0E9E28,2001-09-09,Other,Sweden
STU72F88A,1995-11-07,M,France
STUFF1BED,1997-10-27,Other,India
STU96E879,2000-01-18,F,Norway
STU8DA5FC,1997-12-05,F,USA
STUEFF13F,2005-07-06,Other,Poland
STU2C1F50,1995-08-13,F,Norway
STU0C1056,2002-09-28,F,Norway
STU7B6072,2005-12-08,Other,Estonia
STU1CF322,2002-02-18,M,Estonia
STU38CCD3,1995-06-21,Other,Norway
STU9A5FFD,1999-07-17,Other,Estonia
STU5339D1,1998-04-02,F,Spain
STUBE192E,2002-05-02,Other,Sweden
STUE19819,1997-05-05,F,Poland
STU1103FC,1995-12-08,M,Germany
STU0AD83F,1999-09-23,F,Norway
STUE536AC,1998-07-12,M,Latvia
STU142CC8,2003-05-25,Other,Poland
STU0E3D8C,2004-09-27,F,China
STU1AE876,2001-02-07,M,Estonia
STUF12AC1,1999-01-13,M,Italy
STUA49C83,2002-03-09,F,Sweden
STU7C0C47,1998-10-18,F,Norway
STUD66B23,1997-07-22,Other,Latvia
STU85D066,2000-01-01,F,Germany
STU7DB6E0,2003-11-23,F,Spain
STUA98108,2003-11-23,Other,Italy
STUC2FAB3,2003-01-01,Other,Estonia
STU737A5E,2004-09-14,F,USA
STU0D50C4,2004-03-26,Other,France
STUF22F02,2005-06-23,M,Italy
STU7E9857,1996-05-20,M,France
STU06C92E,2003-08-24,M,Italy
STU4C383E,2004-08-12,F,Spain
STU3798A1,1999-06-08,F,France
STUA971D5,2004-10-13,M,India
STU529D76,1995-08-16,Other,Estonia
STU80C21C,2004-11-15,F,Germany
STU4A8C91,1997-03-05,Other,Sweden
STUD2381F,1999-07-24,Other,Poland
STUF30E6C,2000-04-08,M,Lithuania
STU9CE804,1997-08-01,M,Norway
STU1F0D2C,2000-12-02,F,Sweden
STU76A912,2004-08-25,Other,Sweden
STUCC7AF3,2004-04-28,Other,India
STUCC8F5C,1995-06-04,F,Italy
STUF75E2F,1998-09-13,Other,Estonia
STUE0E595,2005-01-04,F,Latvia
STUAA94F5,1996-03-25,M,Norway
STUCAD740,2000-01-02,M,Sweden
STUEA02B5,2004-10-22,M,Italy
STUD5464B,2000-09-12,Other,Spain
STUC647D7,2004-11-06,M,France
STUB85733,1999-06-12,F,Italy
STUEDFE8B,1997-04-06,M,Poland
STU2CF24C,1999-12-18,Other,France
STU7ACDD4,1999-02-07,Other,China
STU6E64FE,2004-10-12,Other,Poland
STU5FEB17,2002-07-19,Other,Spain
STUA8CE5C,1998-01-08,Other,Poland
STUDB9AFA,2000-07-19,F,Estonia
STU4F6217,1995-08-01,F,India
STU117E3B,2005-11-25,F,Estonia
STUC85C38,2000-12-03,M,Sweden
STU36CF28,1998-07-04,Other,China
STU45899F,1996-03-17,F,France
STU0A3BE5,1995-12-26,Other,USA
STU154CDE,1996-02-15,M,Lithuania
STU0456D4,2005-07-19,Other,Spain
STUE99822,2003-03-03,F,Italy
STUB0D8C5,1997-09-15,Other,Estonia
STU1EE797,2004-10-19,F,Germany
STU86945A,2003-10-08,M,China
STU1D46B2,2005-03-18,F,Lithuania
STUC93699,2000-03-03,Other,Italy
STU9402DB,1995-06-13,M,Latvia
STU144D97,1998-12-04,Other,Poland
STUACEF23,1997-11-14,M,France
STU450360,2003-06-24,Other,Estonia
STU3F4697,2001-06-09,Other,Latvia
STUA252D0,1996-09-09,F,Lithuania
STU515B67,2004-04-18,F,Italy
STUA33AC5,1999-08-03,Other,China
STUF171D0,1997-08-21,M,USA
STU7FF79F,2000-05-17,F,France
STUD04D0D,2003-08-02,F,Sweden
STUA8BC4F,2001-03-08,M,China
STUE397B5,1995-06-13,M,Estonia
STU86BB38,2005-05-09,Other,Sweden
STUDD1FBF,1996-06-01,M,Germany
STU77D7E0,2005-12-08,F,Lithuania
STU935C29,2001-07-21,F,Sweden
STUCE0BB6,2001-01-28,F,Lithuania
STUB35276,2000-10-01,Other,Italy
STUFD7037,2005-06-23,F,Sweden
STU2C5363,2000-08-18,Other,Spain
STU8B8CEF,2002-10-23,M,Estonia
STU2DABBF,1996-10-10,F,France
STU8A5F0A,1998-08-05,Other,Estonia
STUC76E48,1995-12-07,F,Germany
STU57912C,1996-12-26,Other,India
STU320B16,2001-01-19,M,Lithuania
STU72C226,1997-08-14,F,Norway
STU9E6EC3,1996-05-06,F,USA
STU0D56EE,2005-04-06,M,Poland
STUBC505A,1996-11-19,M,Germany
STU857838,2001-11-14,Other,Germany
STUB4657F,1998-08-15,M,USA
STUAC5D45,2003-02-26,M,China
STUAD69A3,1998-01-20,Other,Spain
STUC5A0B8,1996-05-12,M,Spain
STU86B780,2002-09-25,M,Spain
STU17E006,1999-07-07,M,India
STUCA6EFD,1997-09-15,F,USA
STU3D1804,1997-06-14,F,Sweden
STUF44644,2003-07-14,Other,Lithuania
STU1F62E4,2005-06-18,M,Lithuania
STU6F7B61,1995-12-12,Other,Estonia
STUFC17DD,2005-06-23,M,Latvia
STU42AE24,1996-06-16,F,Lithuania
STUCFA127,1996-06-09,M,USA
STU9BFAC8,2003-12-24,F,Norway
STU9CAF36,2003-02-18,Other,Lithuania
STU280580,2002-08-20,Other,China
STU40C294,1999-10-24,M,China
STU6AC850,1999-09-17,M,Italy
STU508379,2005-11-26,M,France
STUEF355D,1999-07-14,M,Estonia
STUE07F38,2005-10-11,F,Poland
STUAE8BAB,2002-02-02,M,Sweden
STUC06BF6,2000-07-27,M,Sweden
STU877AA3,2001-07-18,Other,Italy
STU081CE4,1999-06-22,F,Spain
STU77B0EC,2005-11-13,M,Norway
STUBD1A52,2002-07-14,F,Estonia
STUE8088E,2004-06-20,Other,Lithuania
STUE64D0C,1997-11-08,F,France
STUAEBB34,1997-04-26,Other,Poland
STUDDF010,2001-03-06,F,Sweden
STUAE78FA,1999-09-28,F,Estonia
STUD4CED4,2005-02-17,Other,Sweden
STU36ED02,1996-05-13,M,Latvia
STUF595F6,2003-04-13,M,India
STUD3AC2F,2000-09-02,Other,Italy
STU23B833,1998-04-03,Other,Italy
STU2C95D8,1996-11-07,M,USA
STU02D743,1998-06-14,M,Poland
STU4E9495,2002-01-06,F,Latvia
STUE5F2EC,1999-08-07,F,France
STU8B2239,2002-10-26,M,Norway
STU67BE0D,1997-12-06,M,China
STUC22F6C,2004-12-04,F,China
STU21EA3A,2001-02-20,Other,Sweden
STUC19D1C,2003-03-06,F,Latvia
STU9ED61C,2003-06-22,Other,France
STU74B391,2005-04-04,M,USA
STU5638D7,2000-12-22,Other,Norway
STUE34597,1999-01-17,F,France
STU64800A,2002-05-01,F,Spain
STU730AEF,2004-08-05,Other,USA
STU18C45E,2001-02-24,F,Italy
STU1DC52E,2001-06-15,F,Estonia
STU8D9BDC,2004-01-13,M,Latvia
STU76E12F,1998-12-10,F,Germany
STUB84718,2000-02-03,Other,Lithuania
STU6196D2,2004-06-09,F,Italy
STU31C86D,1996-10-22,M,France
STU82A6AA,1996-06-05,Other,Sweden
STUD37351,1998-05-18,F,Lithuania
STUD83D63,1996-07-28,M,USA
STU8641BD,2002-01-27,Other,USA
STU55E010,2001-05-20,M,France
STU9CD398,1999-06-07,M,Norway
STUFA7176,2000-03-01,M,Italy
STUCF9C12,2001-10-04,F,Sweden
STU44A428,2005-02-13,Other,France
STU703D3C,1996-06-16,M,Spain
STU193586,2002-07-17,F,Lithuania
STUF50098,2004-02-07,F,Poland
STU491B2F,2005-08-17,M,Lithuania
STU9B40FF,2004-01-16,M,Estonia
STU527D41,2000-08-21,M,USA
STU6C852A,1999-06-04,F,Estonia
STU0F910F,2000-02-09,Other,India
STU9A2419,2005-06-11,Other,China
STU57E84E,1998-09-16,M,Sweden
STUBA4B20,2003-01-28,F,Germany
STU2631D1,2004-07-14,Other,Poland
STU9F3961,2003-01-18,F,Spain
STU8BE9F8,2003-09-03,F,Latvia
STU04FAB6,1999-09-05,F,India
STU303EA3,1997-04-21,M,Estonia
STU354FF0,2004-01-15,M,China
STU4D88DA,1999-12-13,F,France
STUD5F21F,2000-01-08,M,USA
STU304C78,1995-07-22,M,France
STUA5903A,2000-12-24,M,USA
STUD49CA6,2004-10-02,Other,Poland
STU143AE0,2003-08-08,M,Lithuania
STUA6B095,1995-03-16,Other,Sweden
STU25C8EA,1998-12-05,F,Germany
STU49E4E9,1997-04-26,F,Spain
STUE82EED,2001-10-28,F,Lithuania
STU93C25D,1999-04-05,Other,Sweden
STUC5095F,1995-06-19,M,France
STU14179B,2002-04-12,M,Italy
STU8676B6,1997-03-14,Other,Italy
STU52B822,1999-10-07,M,China
STU6CD620,2000-04-19,F,Spain
STU31E8E2,1999-06-04,M,USA
STUE99385,2005-06-26,Other,Estonia
STU2DCA66,2001-05-05,F,Lithuania
STUE2AE7D,2005-07-27,M,India
STUCCD926,1995-10-18,Other,India
STU32D19A,2002-03-15,F,Lithuania
STU788221,2000-02-09,Other,India
STUFA1FF7,1998-02-28,F,France
STU4C3FF2,1996-02-20,Other,Poland
STU6E1963,1998-07-12,F,France
STUE06372,1995-11-25,M,India
STU5A4ACB,2000-05-27,M,Sweden
STU6BE2E2,1995-01-14,M,Latvia
STUC8BEBD,2005-10-22,M,Germany
STU336E61,1998-09-09,M,Italy
STU95B65A,2002-10-20,M,Latvia
STUB62073,2005-10-11,Other,France
STU15E3A5,2000-09-19,M,Germany
STUD32A3E,2000-02-21,F,France
STU845D30,2002-06-06,Other,France
STUC45550,2004-08-15,F,Sweden
STU4BE678,2000-06-04,M,Latvia
STUA08F89,2003-11-20,Other,Italy
STU3AFBCB,2001-04-18,M,Sweden
STU1D3E51,2002-07-14,F,China
STU35359C,2002-01-07,M,India
STU5AE61C,1995-02-06,M,USA
STU90A544,1996-04-08,Other,China
STU91B290,2003-08-12,M,USA
STU047DF9,2005-05-06,M,France
STUBEAC5B,1999-12-17,M,China
STUEEE5D9,2000-05-22,F,China
STU706C2B,2002-05-19,Other,Latvia
STU2D049E,2005-04-20,F,Latvia
STU6F0BC5,1998-09-23,M,Italy
STUFA4671,1997-06-28,F,Spain
STU684766,1995-10-28,M,Italy
STU266F69,1998-06-06,M,Italy
STU561AC6,1996-08-07,Other,France
STU2BFE6D,2001-07-28,M,China
STUB84FB2,2001-09-24,Other,USA
STU3A53B6,2004-12-24,M,India
STUE3CE34,1999-08-04,F,Norway
STUD8DF8D,2000-07-04,M,Latvia
STU4530CE,1995-11-03,M,China
STU6C8853,1998-01-06,M,Poland
STU2F3C6E,1997-04-19,F,Italy
STUFA3FB3,1996-03-04,F,Estonia
STU9041D8,2003-04-05,M,Germany
STU2E7B90,2003-06-09,M,France
STU0E2EA4,1997-03-14,M,USA
STUD73D77,1997-07-24,Other,Germany
STUB5B681,1996-05-09,F,Spain
STU550908,2002-02-11,Other,Lithuania
STU7D0A05,1999-06-04,Other,Sweden
STU44FD28,2002-09-28,F,Norway
STUF2F5C4,2003-09-26,M,China
STUA3C255,1996-11-04,Other,Italy
STU544383,2004-02-07,M,Sweden
STU77B99C,2003-05-06,M,Germany
STUEAB6A3,2005-07-07,F,Italy
STU94285E,1999-07-20,Other,Lithuania
STUA4D8CC,1998-04-23,F,India
STUCF0346,2004-12-07,M,Lithuania
STUAF90C6,2000-08-03,Other,Norway
STUB6B8D8,1998-03-07,Other,Latvia
STU3669F1,1996-06-10,F,Italy
STU486A99,1997-08-18,Other,Norway
STUAB7FAA,2001-11-25,M,USA
STU9A25E7,2001-01-06,M,Italy
STU389FD9,2001-05-01,Other,Estonia
STUE7EB10,1998-01-20,Other,China
STUAAE626,2004-09-14,Other,Estonia
STU2F82B9,1996-10-24,F,Lithuania
STUF34B20,2002-12-18,F,Norway
STU8118CB,2004-07-19,Other,Estonia
STU94DB3C,2004-04-22,Other,Poland
STU1F130F,2004-11-04,Other,Estonia
STU36E134,1999-09-27,Other,Norway
STUA72C1B,1999-07-04,M,Spain
STU4E6EBB,2005-02-20,Other,USA
STUD76F5F,1995-01-05,F,Poland
STU16BB71,2000-06-04,F,Italy
STU4868C1,2003-07-07,F,Spain
STU7E2FFD,2000-04-07,M,Norway
STU22CB0A,1995-03-17,Other,Estonia
STU9A3A2C,2001-07-14,Other,Sweden
STU391B59,2003-06-27,Other,India
STU9A62B2,1999-04-03,M,Sweden
STU6F591C,1997-02-02,Other,USA
STUDB346C,2001-06-28,M,France
STU1EC2E5,2004-05-27,F,Spain
STUF1E58C,2004-07-24,F,USA
STU91C66C,1999-12-07,M,Lithuania
STU1AF0C9,2000-06-15,F,Poland
STUAE704C,2005-01-07,Other,Lithuania
STU7F6FE5,2005-03-15,F,Estonia
STU88B0E9,2001-01-18,Other,Latvia
STU4BA56B,2004-06-18,F,Estonia
STUCB6C0B,2002-10-07,F,Latvia
STU94C117,1999-04-09,M,Spain
STUCFAB49,1996-05-19,F,China
STUD461EF,2000-03-24,M,Germany
STU9017A3,2000-12-28,Other,Sweden
STU0C72B3,1995-07-05,Other,China
STUB1AFA3,1995-10-17,M,Latvia
STU24292D,1995-11-09,M,USA
STU3EDF0C,2004-12-24,Other,Estonia
STU34500B,2004-02-11,M,China
STUE4FD29,1999-12-04,F,Lithuania
STUD91B1B,2000-01-18,F,Lithuania
STU4EA368,2005-02-23,M,USA
STU5465D8,1999-08-21,F,India
STUAE45D0,1997-10-23,F,Spain
STU346F91,2001-05-03,M,Germany
STU463F9D,2001-05-15,M,Italy
STU8C21A6,1999-12-08,Other,Estonia
STU71A114,1997-05-11,M,Estonia
STU4657A3,2001-01-28,F,Germany
STU09893E,1999-01-18,M,Norway
STU27C70B,1999-12-21,F,Germany
STUF30457,2000-11-08,Other,India
STU7250F2,2001-09-21,F,China
STUAAA10E,2005-03-15,F,Latvia
STU988892,1997-01-19,M,Latvia
STU9702EC,2005-09-04,M,Germany
STU5FBE81,1999-07-13,M,France
STU4C7695,1997-09-02,Other,China
STUA91CCD,2002-01-06,M,Estonia
STU756762,2002-10-23,M,Estonia
STUA70AE4,2001-11-08,F,Poland
STUCEA272,2005-06-20,M,Poland
STU0D813D,2002-06-21,M,Spain
STU775670,1996-08-02,M,USA
STU30E8FF,2000-04-08,F,Estonia
STU8430C0,2002-01-18,F,Lithuania
STU2FF775,1999-11-08,F,China
STU5E7604,2002-06-18,F,Germany
STUDA321F,2000-04-15,M,Norway
STU41BA4C,1997-01-22,M,Italy
STUE55797,1998-04-08,M,Lithuania
STU749980,1998-03-11,F,Estonia
STUF33F4D,2001-05-15,F,Poland
STU56DFA4,1998-04-03,M,Italy
STU307B30,1996-10-14,Other,Spain
STU823552,2004-05-18,Other,France
STUA675EE,1997-03-14,Other,Sweden
STU977D7E,1998-02-12,F,Spain
STU2148EC,1995-10-27,Other,Lithuania
STUDC6E49,1998-11-21,F,India
STU58C5F0,2004-02-08,M,Italy
STUBEA386,2001-11-11,M,India
STU670406,2001-07-16,M,Spain
STU587DE8,2001-05-14,Other,Spain
STU59AADF,2000-02-24,F,Italy
STUA1170F,1997-03-17,Other,Germany
STU063392,1998-03-11,Other,Spain
STU981CE4,1999-09-22,F,India
STU68DCA7,1997-12-20,F,China
STU7DF307,2004-10-07,Other,France
STUE6BC27,2004-07-12,F,Norway
STU368E9B,2000-09-08,Other,Spain
STU88BD9F,2000-03-04,Other,Estonia
STU9D97BA,2002-01-22,F,France
STUFCB027,1995-07-10,M,Germany
STUBED776,1998-12-26,Other,USA
STUA59264,1996-06-09,M,Germany
STUD448CC,1999-05-15,Other,Spain
STUAA24B2,1995-08-11,M,Poland
STU97FAC3,2001-04-05,F,USA
STU6CAEDA,1995-04-21,F,Estonia
STU0C41E3,1996-05-04,M,USA
STU48550D,2000-03-13,Other,USA
STUB25895,2001-04-27,F,France
STU4CBF14,1997-08-05,Other,Poland
STU35A905,1997-07-09,Other,Italy
STU508627,1999-04-13,F,Sweden
STU4ED7CA,2003-11-25,F,Estonia
STUA03686,2001-08-22,F,Sweden
STU6ACDA9,2002-11-28,M,Sweden
STUDC61B0,2004-09-14,Other,Spain
STU91E137,1995-02-23,M,Spain
STUEC7E04,1998-03-16,Other,China
STU448EA3,2003-12-26,Other,Latvia
STUF07F16,1997-02-27,F,Lithuania
STUB4F089,1997-11-14,Other,Norway
STU3DB457,1996-10-19,F,Poland
STU4FBFDA,1999-10-10,Other,Poland
STU700162,2003-06-04,F,India
STU8998A2,2002-06-14,M,Sweden
STU789A1E,1995-04-18,F,Estonia
STUB151DD,2000-12-05,F,Lithuania
STU4DEB2D,2001-09-06,M,Latvia
STUF2C57A,2002-10-11,Other,Sweden
STUD404C7,1996-05-25,M,China
STU21A4FA,1995-10-13,F,Poland
STU5801AC,2005-06-20,M,Estonia
STU89FB32,1998-03-24,F,Norway
STUC632B5,2003-10-02,Other,Latvia
STUCB20D6,2000-01-14,Other,Lithuania
STU8C9882,1998-01-27,Other,China
STUBA1808,1998-05-24,Other,Norway
STU235773,1996-02-06,M,Germany
STU7EFBFD,2002-04-01,Other,Germany
STUC3E407,1998-09-21,F,USA
STU4C8D6F,2004-06-23,M,India
STU1396CA,2005-03-19,Other,Germany
STUC2BE0B,1995-08-05,M,Spain
STU93C0C6,1995-04-08,F,India
STUFA3C3D,2003-03-08,M,Estonia
STUAADAB3,2003-10-22,F,Poland
STU11151B,1996-12-04,M,USA
STU05F993,2004-10-16,Other,Norway
STUE5B0B9,1998-09-27,Other,Norway
STU2283A4,2004-03-15,Other,Norway
STU7C6E83,2001-08-18,M,Spain
STU81BF1A,2001-01-21,Other,India
STU2244F7,1999-03-05,Other,China
STUECA2D1,2001-07-11,M,France
STU9D2C23,1999-11-09,Other,Sweden
STUFE5616,2000-08-09,M,Lithuania
STU8918A5,2001-03-27,M,Sweden
STU40A062,2003-02-10,Other,USA
STU5DB75F,2003-11-10,Other,Estonia
STU441598,2005-02-19,Other,India
STU20DFCD,2002-03-02,M,Estonia
STU20B5CD,2003-02-03,M,Lithuania
STU94AB83,1995-09-09,M,USA
STUB37500,1998-10-04,F,Poland
STUBAD81F,2004-12-18,M,China
STUA795D2,1996-12-21,F,Estonia
STU49CAE9,2001-04-07,M,USA
STU816154,2000-01-15,F,Estonia
STUE0DCAB,2000-01-28,F,France
STUEB8C54,1998-03-15,M,Estonia
STU5C3E9A,1997-10-18,Other,Lithuania
STU9368CF,1997-12-17,F,USA
STU4EC312,1999-02-26,F,Poland
STU29AA66,2005-07-19,M,USA
STU52685A,2001-03-09,M,Latvia
STUA0A80D,2003-06-28,M,USA
STU220B7F,2005-07-08,M,Spain
STUBD7B88,2003-02-07,F,Lithuania
STU235ABC,2000-08-23,Other,France
STU4C94D9,1996-01-08,F,Sweden
STUA6C1B4,1997-03-14,Other,Italy
STU31B150,2004-05-04,Other,Italy
STUD28096,1997-06-26,Other,Spain
STUBE0090,2003-06-03,F,Spain
STUCD5C0B,2000-08-17,M,China
STU62E955,1996-07-10,F,India
STU5FBEA1,2001-07-27,Other,France
STU0038AD,2002-02-27,M,Germany
STU717C7B,2005-10-02,M,China
STU09B219,1995-03-27,Other,USA
STU60651B,1996-06-17,Other,Italy
STU44382C,2005-02-27,M,Latvia
STUF3FE59,2000-09-03,M,Lithuania
STU0DC19C,1996-05-13,M,Germany
STU9E8874,1998-12-12,M,Italy
STUA1EF62,2005-10-13,Other,Germany
STU3C0A60,2003-10-01,M,China
STU61829E,1999-01-18,M,Germany
STU35B82B,1998-06-14,M,China
STU4D054C,1996-07-16,F,Sweden
STU8271AF,1995-03-15,M,Sweden
STU2A6861,2003-10-06,F,Latvia
STU9864CA,2005-09-18,F,Norway
STU229526,2003-11-26,F,Poland
STUBE358A,2003-02-28,Other,Spain
STU72CE73,2003-04-10,F,USA
STU3B13BC,2002-12-02,F,Poland
STUADFD35,1995-11-27,Other,India
STU1900F3,1999-08-08,M,USA
STU6C305A,2003-01-06,Other,Germany
STU7D214E,1996-04-04,Other,Poland
STUA74B79,1999-09-06,F,USA
STUDE0FF4,1996-12-10,Other,Spain
STUBB5C20,1995-05-25,F,France
STU72B96E,2001-10-15,Other,USA
STU2EF7C8,2004-05-05,F,Estonia
STU9AE958,2001-04-10,Other,China
STUAA5FB1,1995-01-03,Other,Norway
STU528557,2001-09-24,Other,Estonia
STU05EBE5,1998-04-09,F,Lithuania
STU408D46,1995-05-04,Other,Italy
STUE1869B,1996-11-03,M,USA
STU606F21,1995-04-01,F,China
STUCE809C,2001-07-03,F,Lithuania
STU2DAC85,2001-12-04,F,USA
STU513776,2001-09-24,F,Sweden
STUFED02A,1999-12-18,Other,Germany
STU503599,2005-01-20,Other,Norway
STU699C30,1997-09-10,Other,Poland
STU6564F1,2003-02-18,F,Estonia
STU0AF1F7,2001-10-05,M,China
STU76140A,1999-05-09,M,Italy
STUFB913A,2000-08-05,F,Norway
STU4192A3,2002-03-03,M,China
STU63AAC9,2004-07-28,M,USA
STU814153,2001-03-01,Other,Estonia
STUE26C61,1996-07-01,Other,France
STU7086C2,2004-11-10,M,Norway
STUDF77DA,1997-04-03,Other,Lithuania
STUC5311B,1996-08-02,Other,China
STU77B0AE,2001-07-27,Other,Sweden
STU1CF25D,1998-08-05,M,India
STUC2939F,2003-06-26,Other,Estonia
STU93A0B1,1998-06-17,F,India
STUEC2D54,2005-01-26,F,Norway
STUDDE60F,1995-06-23,F,Poland
STUE3E845,1997-07-11,F,Italy
STU1695E7,2001-12-09,M,USA
STU6A176D,2001-06-13,F,Sweden
STU490ED7,2002-02-11,F,China
STU5E58AF,1996-02-27,M,Germany
STU09317E,1995-08-01,M,Latvia
STUD3DADB,2005-01-23,F,USA
STU3587D9,2003-10-07,F,Estonia
STU881119,2001-08-21,Other,China
STUCE07DD,1997-07-06,F,India
STU206D8C,2000-03-12,F,Sweden
STU46178E,1996-06-01,Other,India
STU369F2C,1998-04-12,Other,China
STUCE0C25,2005-09-21,F,Latvia
STUAC4960,1995-09-14,M,Latvia
STUBBBE54,2001-11-25,Other,India
STU6D4891,2005-09-24,M,China
STUC7B13A,1995-05-07,F,Germany
STU0D3F3C,1997-10-20,Other,Norway
STUB8F1D2,2003-06-07,M,Poland
STUB3BE3D,1995-02-23,M,Spain
STUA9B134,2004-09-19,M,Lithuania
STU1269BC,2004-01-09,M,Lithuania
STU5F8846,1998-08-27,F,Italy
STUA8B7B1,2003-05-27,Other,USA
STU6F87B7,2004-11-27,M,Poland
STU7FFD7B,1999-01-11,F,Italy
STU7710DB,1995-03-27,F,Norway
STU39A382,2003-08-02,Other,India
STUDD0CC2,2004-01-20,F,Estonia
STU1029F3,1995-03-22,F,India
STUCDF1E2,2004-10-01,F,Sweden
STU4298FD,1998-07-20,M,China
STU48F73F,2004-10-04,Other,China
STUD1B2ED,1998-09-14,F,Latvia
STU976B1B,2003-04-13,M,Sweden
STUEFF8CD,2004-07-03,F,India
STU6FB700,1998-07-15,Other,Norway
STU0CF391,1996-08-23,F,Italy
STU47580D,1997-10-14,Other,USA
STUCE7686,2004-12-10,Other,China
STUE00923,1997-12-13,Other,Poland
STU941BDC,2000-05-23,Other,USA
STUA3A45E,2004-08-18,Other,India
STU98BACC,1996-11-21,F,Poland
STUA9901C,1997-05-11,M,China
STUF039E6,2002-08-02,F,Lithuania
STU1B4F19,2003-08-11,F,Lithuania
STU8D3339,2000-07-06,F,France
STU3362F1,2003-02-18,Other,China
STU206F66,2003-09-22,F,Norway
STU390A33,2003-10-23,F,Lithuania
STUD5E117,1996-04-19,M,Estonia
STU9537E0,1998-09-15,M,Norway
STU66A767,1999-12-03,F,Germany
STU38F33C,1995-02-08,F,Estonia
STU8D6290,2005-09-28,F,Spain
STUC5C2CC,2003-12-06,Other,USA
STU2BCFC6,1996-05-01,F,Sweden
STU5C407E,1997-05-16,Other,Sweden
STU61BFC3,2005-12-07,F,Norway
STUDC78DB,1997-04-14,Other,Germany
STU53FF81,2002-04-08,M,Latvia
STU84436E,2005-10-01,M,France
STUE47642,2000-05-10,F,USA
STU718178,2003-05-26,M,China
STU4146DB,1997-02-24,M,Estonia
STU87E065,2000-05-20,F,Latvia
STU6E352F,2001-02-16,F,China
STU4E100B,2005-04-02,F,Estonia
STUD88816,1995-10-20,M,India
STUC86642,2004-10-21,Other,USA
STU21A175,2003-05-13,F,Sweden
STU37D57C,1996-08-01,Other,Estonia
STUE3E22A,2000-02-03,M,Spain
STUBE6FAF,2000-07-24,M,Italy
STU9FD506,2002-12-13,M,Poland
STUA47569,1995-12-21,Other,Lithuania
STU16B159,1997-09-01,F,Norway
STUAB99BA,2004-12-11,F,Lithuania
STUBD06EF,1995-01-25,F,France
STU625100,1999-02-12,F,China
STU9D2750,2001-11-08,M,Italy
STU2534E4,2002-03-16,F,Sweden
STU547894,1997-03-01,M,Poland
STU2DB582,2002-06-18,Other,Germany
STU53018E,2003-04-19,Other,Lithuania
STU03915B,2000-04-15,M,Poland
STUCD4F7A,1998-11-16,Other,Sweden
STUF19797,1995-11-15,M,Lithuania
STU22E56B,2005-04-05,Other,France
STUB44667,2003-10-07,M,Spain
STUE12350,2005-08-16,F,Sweden
STU9E325E,2002-08-20,F,Sweden
STU57ED81,2001-09-11,M,Germany
STU08E73C,1999-02-25,F,Latvia
STU7C37CB,1999-03-14,Other,Latvia
STU6BF961,2004-09-18,Other,Lithuania
STUF99A85,2002-08-12,F,USA
STUB00D7F,1999-07-26,F,Latvia
STUBEA177,2000-11-24,F,Latvia
STU03E184,2000-07-27,F,Italy
STU4F7A62,1996-12-19,M,France
STU6E003D,1997-08-19,M,France
STUBFCE59,2001-09-22,M,USA
STU047D97,2004-11-18,F,Poland
STU75B647,2001-06-05,M,USA
STU60E039,2003-08-07,F,Poland
STUB30C03,1996-09-15,F,Latvia
STU0D0CFB,2001-04-09,Other,Poland
STU44360B,1999-05-18,F,USA
STU501F37,2002-08-10,F,Sweden
STUDB8840,1998-10-15,Other,India
STUC85F11,1996-01-07,M,Latvia
STU5D279F,2003-08-28,M,Norway
STUF8038B,2002-10-14,M,Sweden
STU5B9DF5,2005-09-17,Other,USA
STU3744DA,2001-08-22,Other,China
STUD44E86,1999-12-06,M,Italy
STU058DE5,2005-12-01,Other,Italy
STU8FF209,2002-09-10,F,Germany
STU65F8D8,1997-02-13,M,France
STU90608B,2001-06-03,Other,India
STU3D0A6B,2001-06-25,M,Italy
STU7DEF38,1998-02-05,M,France
STU8A34C5,1996-11-28,M,India
STU27D3E5,2003-03-21,Other,Latvia
STU9E7A23,2005-08-20,M,Latvia
STUB57EFC,2001-11-17,F,Italy
STUE39D89,1996-11-09,F,Sweden
STU0B6D98,1995-02-16,M,China
STU6E1C6A,2000-10-08,Other,Sweden
STUCDFAF3,2002-01-04,Other,Italy
STU50CDC9,2000-12-28,M,Germany
STU4408AA,2001-05-03,Other,Germany
STU4CF518,1999-07-12,F,Germany
STU3CB762,2005-12-20,F,India
STU24CAA4,2002-09-15,M,Italy
STU2F2F9A,1996-07-18,M,Germany
STU0EC11C,1995-03-06,F,India
STU85198D,1996-02-07,Other,Poland
STU3CE54A,2003-01-02,M,Poland
STUC5FC0E,1999-10-17,M,Lithuania
STU0A43B3,2003-05-15,Other,Italy
STU9D4FFA,2000-06-15,Other,Norway
STUFB2FBF,1998-05-22,Other,Spain
STUA0A4E5,1997-09-06,M,Estonia
STU2570A2,1996-04-05,Other,India
STUEA708C,1996-09-26,Other,Spain
STU83CA76,2001-07-19,Other,France
STU7C3786,2004-09-08,F,Estonia
STU5201FF,2003-11-01,Other,France
STUF265B6,2001-10-17,F,Spain
STU736BD8,1997-10-26,F,Italy
STUF8868E,2003-05-25,F,Sweden
STUA466D5,1997-08-04,Other,Spain
STU89BC0E,2002-01-21,M,France
STUCFD4E8,1999-07-28,Other,Latvia
STU69C4B5,1999-06-19,Other,Estonia
STU550F6A,1995-10-02,F,Sweden
STUB2BF56,1995-10-10,F,Latvia
STUECE909,1998-01-27,F,Germany
STU97F2FC,2001-05-13,Other,Italy
STU6F17B3,2003-09-19,Other,Latvia
STU7B3D55,2002-03-09,F,China
STUA77DBC,1999-07-08,M,Germany
STUF92D1C,2003-11-09,M,USA
STUB765BD,1995-10-06,F,France
STUA04031,2004-04-22,Other,Lithuania
STUA8E2AA,2004-09-03,Other,Poland
STU28FE94,1997-03-02,M,China
STU458A04,1996-06-21,M,Germany
STU49AB5B,2005-11-17,F,Poland
STU344AAA,1998-07-17,F,Lithuania
STU68CD4A,2000-05-27,M,India
STU57B3FE,2001-11-11,M,Spain
STU91601B,2002-01-01,Other,Norway
STUB7F62E,2002-08-12,M,Estonia
STUD27B84,1995-01-07,M,Germany
STU589F4E,2001-01-16,M,France
STUF1512E,2002-09-24,F,Spain
STU25293D,1997-07-15,F,Latvia
STU533DF7,1999-07-09,Other,Spain
STU51ABDF,1996-01-27,M,Germany
STUB57220,1998-04-18,Other,China
STUC5E8E2,2000-05-08,F,India
STU8D3268,2001-08-08,M,India
STU63A11F,2000-09-11,Other,Germany
STU2F1674,1996-10-14,Other,France
STU282DC3,2000-10-20,F,Latvia
STU68F24A,1997-03-09,M,Poland
STUFCECA8,1997-11-22,M,Germany
STUAB35A4,2000-06-17,Other,Estonia
STU2B1D81,2003-04-24,Other,Germany
STUFC3A18,1998-01-16,Other,Poland
STUAB7840,1999-02-05,F,Norway
STUFC7FDF,1995-11-14,F,Lithuania
STU7AC65E,2002-08-27,Other,India
STU246E33,2005-12-24,Other,USA
STUABC210,1997-05-09,Other,Italy
STU822FE8,1999-12-27,F,Italy
STU1D3C63,2005-10-15,M,Poland
STU82C815,1998-02-12,Other,Sweden
STU94D88B,2003-08-07,M,USA
STU61D809,1995-03-10,M,Sweden
STU02244C,1999-06-20,Other,China
STU1B9C4C,2001-04-19,F,Sweden
STUD62B6C,2003-05-12,Other,Spain
STUBDAE22,1996-01-26,Other,Lithuania
STU9BFA93,1998-06-18,Other,Italy
STU9132C1,2003-12-16,M,Sweden
STU32F61A,1998-11-06,Other,China
STUADD1B3,2002-06-02,M,Norway
STU02B2F3,2005-02-20,M,Sweden
STUE60089,1999-03-04,Other,Lithuania
STU7FEBE1,1997-04-18,F,Germany
STU2F9836,2003-09-01,F,Spain
STU36D5F2,2001-07-24,Other,USA
STUCA43B9,1999-10-16,M,Sweden
STUAD1FB6,2005-10-27,F,Estonia
STU0430A5,2004-01-24,Other,USA
STU1441C0,2005-02-19,F,USA
STU1EF50B,2005-05-08,Other,USA
STUF90732,1998-06-14,M,Spain
STU1DFBE9,2004-06-26,M,Germany
STU0CA327,1996-02-28,M,Latvia
STU32169D,2002-01-22,M,Lithuania
STU2E912F,1995-09-28,M,Germany
STU48DF7C,1997-01-12,M,Germany
STU2C2D9D,1997-01-18,Other,Spain
STUE4E2FB,2004-12-12,F,China
STUB65B7E,1995-09-19,Other,Lithuania
STU707F04,1999-07-13,M,Norway
STUBE3B1C,1996-01-28,M,France
STUACAB7D,2002-09-06,F,China
STUA32A7A,2002-06-19,Other,India
STUFAE3CA,1996-02-16,M,Estonia
STU00ED27,1995-07-14,F,Lithuania
STUEBFFFD,2001-09-17,Other,India
STUE08C1C,2003-06-15,Other,Sweden
STUBDE549,1995-03-15,M,Poland
STUDAF279,2001-01-08,F,Lithuania
STU99D7C7,1997-12-10,F,Lithuania
STUB0FBD0,2001-04-05,Other,Norway
STU087720,1995-12-23,Other,Italy
STUD3F488,1997-05-03,Other,Sweden
STUA0C8E0,2004-05-25,Other,India
STU8F4354,2000-07-10,F,Latvia
STU9E39B3,2001-07-15,F,China
STU8041F9,2005-11-24,Other,France
STU820779,2001-10-28,M,France
STU51C8CB,1997-12-17,F,Lithuania
STU52A45A,1995-01-27,M,India
STU0E4B22,1996-04-25,F,France
STUFF0166,1998-08-17,F,Norway
STU4BF9B0,1996-01-25,F,Spain
STUC53E6F,2003-03-07,M,Germany
STUD12D86,2000-12-22,Other,Latvia
STU9F1483,1998-04-16,F,China
STU07083B,1997-11-24,M,Spain
STU6BD4E2,1998-05-11,M,Poland
STUCC2BB9,2000-05-04,F,Norway
STU32D546,2001-06-15,Other,Sweden
STU7CA56A,2001-02-02,Other,USA
STUDFC197,1995-01-01,F,Estonia
STUCB73D5,1996-02-17,F,Germany
STU176B41,2005-12-09,F,Estonia
STUD619FA,1998-10-07,Other,Spain
STU17AF24,1999-09-22,Other,Poland
STUF15827,1999-01-05,F,Estonia
STU50C9E3,2005-11-13,M,Poland
STUF7B114,2000-12-12,Other,Italy
STU7D2AF8,2005-09-02,Other,Lithuania
STU721C47,2003-08-12,F,China
STU1B4C22,2000-08-11,M,India
STU029301,1998-02-17,M,India
STU77058D,2003-03-07,F,Lithuania
STUC286AC,2005-12-18,F,France
STU71F556,1999-07-18,Other,Italy
STU3E1DD3,1995-02-22,M,USA
STUA16655,2003-02-08,Other,Italy
STU45607E,2005-05-28,M,Latvia
STUE1E46F,1999-03-20,M,Germany
STU7E0F4E,2001-12-09,F,Norway
STUAA1457,1995-02-16,F,Spain
STU4C4715,1998-08-22,M,Poland
STU60C80B,1995-07-12,M,Sweden
STU65A486,1995-06-10,Other,Estonia
STU2FFD25,2002-02-06,F,Estonia
STUF6A899,1998-02-21,M,Latvia
STUF47938,1997-07-06,Other,USA
STU89C89D,2002-08-11,F,China
STU6704BB,2004-10-23,Other,India
STU06FADF,1995-07-23,M,France
STU0D9341,1996-09-14,Other,Sweden
STU3D7429,1995-10-12,F,Sweden
STUD0FA05,1996-02-27,Other,Latvia
STU921499,1997-09-19,M,Poland
STU8B9DC3,1995-08-11,Other,Sweden
STUB26A0C,1999-04-12,Other,China
STU1C96DC,1998-01-19,F,Italy
STUB736DC,1998-04-23,F,Spain
STUFEA747,1996-05-19,M,Latvia
STU49E667,2005-10-14,Other,Poland
STU38326C,2003-11-13,M,USA
STU0AF7B5,2002-06-21,F,Latvia
STU5241B4,2001-04-09,F,USA
STU5844FF,1999-10-13,F,USA
STU0C98BF,2005-03-06,M,Sweden
STU22E04F,2004-10-22,M,Italy
STU6F57E1,2000-09-25,M,Lithuania
STUD2751E,1995-04-26,F,Latvia
STUBE8C93,1995-11-23,Other,Latvia
STU166B56,2002-06-13,Other,Spain
STU1B258D,1999-12-10,Other,Poland
STU9FF643,1995-09-17,F,Spain
STUF38C85,1999-09-18,M,Poland
STU02A0C5,2004-03-15,Other,Germany
STU75C225,2002-08-17,M,France
STU0ACF0F,1995-08-19,Other,USA
STU1285F6,1998-03-17,M,Latvia
STUBB6430,1996-07-22,F,Poland
STUAEF551,2002-08-22,M,Poland
STU092F9C,1995-04-10,M,Germany
STU6A84B3,1995-08-28,M,Sweden
STUD48C97,1996-08-10,F,Norway
STU5E9FC5,1999-02-16,Other,Estonia
STU6BAB9A,1996-09-09,Other,Latvia
STU22B396,1995-01-26,M,Lithuania
STUEF840E,1995-02-08,M,Lithuania
STU9E0845,2005-11-06,Other,Poland
STU8471FE,1999-09-19,M,France
STU362ABF,1995-02-03,Other,Spain
STUC2AE73,2005-10-06,M,Italy
STU633476,2005-11-18,Other,Poland
STU115474,2004-03-15,F,Germany
STUAD5886,1999-05-08,Other,Norway
STU3BF12F,2001-05-11,F,Poland
STU4E2828,2003-12-24,F,Sweden
STUCC4872,2003-10-04,F,India
STUD2D6A3,2005-09-24,M,Spain
STUF0BF1D,2001-06-20,F,France
STU241803,2002-01-21,Other,Poland
STU445CDB,1999-09-15,Other,India
STU51D17D,1996-10-06,Other,USA
STU44C7EF,2004-01-28,Other,China
STU7B8649,1998-04-17,M,India
STU8A08CF,2001-06-14,M,Estonia
STU72F325,2002-09-21,Other,Sweden
STU314534,2003-02-05,F,Sweden
STU07D207,2001-11-20,Other,Poland
STUDECC8A,2001-12-28,Other,Estonia
STU40A45E,1997-12-23,F,Norway
STU1E0CC5,2005-01-22,Other,China
STU8D6A19,2005-07-23,F,Italy
STU364F95,2002-05-18,Other,Sweden
STU7F6521,2000-10-15,F,USA
STUEBF81F,2000-10-15,F,Sweden
STUC51340,2002-04-23,Other,China
STU8A9855,2005-09-01,M,Norway
STU23AAA1,2000-01-24,F,Latvia
STU8BF6FD,1997-04-21,Other,Spain
STU055AB4,2002-04-27,M,Estonia
STU9AF8CD,1998-05-15,F,India
STUB01969,1996-11-24,M,Sweden
STU40069B,2002-09-17,F,Italy
STU935707,2002-01-15,M,USA
STU7FCF5A,2003-06-09,F,Lithuania
STU0CDAEE,2000-03-03,F,Spain
STU0A36DE,1997-02-08,M,Lithuania
STUB455D7,2005-06-17,F,USA
STU49AAE5,2003-10-06,Other,Latvia
STU4F62BD,2003-01-06,Other,China
STU570CD3,2005-03-19,Other,Italy
STU027039,2000-08-13,Other,China
STU5B128D,1998-01-17,Other,Latvia
STUE260BB,1998-08-27,Other,Lithuania
STUB3AB84,2002-10-24,Other,India
STU9F8C92,1996-12-22,Other,China
STU7388B3,1995-07-05,M,USA
STU0CAB9C,2005-11-03,F,India
STUB37D18,1999-04-25,F,France
STU25BFEC,2004-02-19,F,France
STU0360E0,2002-01-21,Other,France
STUD5A7D1,2003-12-13,F,Poland
STU58E128,1996-12-15,M,France
STU749747,2004-09-21,F,Estonia
STU5B37D5,2001-04-09,M,Sweden
STUFA9BA7,2000-12-28,M,Estonia
STUE92B37,1999-02-14,M,USA
STUCC1A41,2001-08-06,F,Lithuania
STU74ABE4,2003-10-13,M,Latvia
STUE02084,2005-08-02,M,India
STU327D82,1998-03-28,M,Italy
STU440834,2001-07-15,M,Poland
STU05D8A8,2005-10-03,Other,Norway
STU6B975F,1996-08-04,M,France
STU5F5F7A,2000-12-20,Other,China
STUC28EB0,2004-03-23,M,Norway
STU86B80D,1996-09-28,Other,Latvia
STU2758D9,2005-01-05,M,Poland
STU5AC744,1998-02-18,Other,USA
STUFA2592,2001-01-11,M,Spain
STU8F72C0,1999-07-04,Other,Poland
STU1180EC,2002-04-10,M,Norway
STU5C6550,1999-02-09,F,Italy
STU4C47E4,2000-05-11,M,China
STUCAC2EC,1997-04-28,M,Italy
STUCF15A1,2000-10-03,F,China
STUB2324F,1999-12-20,M,Italy
STU28B806,2005-07-13,M,Lithuania
STUDDE887,1998-07-07,M,Latvia
STU0C8B5F,2001-12-10,Other,Sweden
STUFE26A6,2000-01-02,F,France
STU06177A,1999-04-11,M,China
STUAEF424,2000-11-01,M,Estonia
STU8D9B91,1996-07-12,M,Sweden
STUB85928,1999-08-01,F,USA
STUE63554,2001-10-14,Other,China
STUA2791D,2005-08-16,Other,USA
STU74F291,1996-04-09,M,France
STU73E748,2000-03-09,F,Latvia
STUA1AE41,2001-05-25,Other,Poland
STUCB4E6C,2005-06-07,F,Lithuania
STU27D4AC,2004-01-22,F,Spain
STUC92C09,2000-12-25,M,Latvia
STU46F643,1999-01-13,M,Estonia
STUAFC1FB,1997-10-23,F,USA
STU9B5D79,2001-06-04,M,Germany
STUFA5CBC,2002-02-02,M,France
STU3568EB,2004-11-19,M,Germany
STU1851B2,2001-05-25,M,Latvia
STU0D05C6,1999-08-23,M,India
STUC76E9A,2004-09-04,Other,China
STU3E4D41,1997-11-01,F,Lithuania
STU68EA46,2004-02-13,M,Spain
STUA5B2A9,2004-11-24,M,USA
STUC18482,1998-07-05,F,Estonia
STU544C0C,1998-03-28,Other,Sweden
STU43E419,2000-08-24,M,Poland
STU6AA24F,2004-03-23,F,Estonia
STU707A90,1996-03-17,Other,China
STU22EA80,1998-01-01,F,Germany
STUF83A5F,1998-09-04,Other,Spain
STU64389A,2005-10-06,F,Italy
STU553BAB,1996-07-16,Other,Poland
STU54E8CE,2002-08-13,M,USA
STUB97DB7,2004-07-01,F,Estonia
STU0C8891,1996-02-16,M,Estonia
STU17276D,1997-04-08,Other,Italy
STU394EFC,2004-02-08,Other,Spain
STUF7B1A2,2000-04-03,F,Spain
STUE25F2A,2000-07-06,Other,China
STU8E077E,2003-08-24,M,India
STU4FCAEA,1999-06-23,Other,Lithuania
STUC44341,1999-12-23,M,Estonia
STU470DFC,1999-02-09,F,USA
STU3BB496,2002-02-25,F,Latvia
STUADBC7A,1997-09-22,Other,Latvia
STUBEA7A3,1997-02-18,Other,Germany
STU83DBE9,1999-05-13,Other,Germany
STU3D5934,1996-07-07,F,Germany
STU5308EE,2004-08-01,M,Latvia
STUB6D2DB,2001-11-10,Other,India
STU3E2B97,2005-11-21,F,Spain
STU45066A,1997-12-06,M,Germany
STUAE4E99,1997-05-06,F,Spain
STUC587BB,2002-09-24,M,Sweden
STUD5C1F1,2003-12-03,M,Italy
STU1AA06B,1999-02-10,F,Germany
STUD962EE,2003-08-27,Other,France
STUD92463,2002-06-20,M,France
STU72499D,1999-08-10,Other,Poland
STU40EA26,2002-07-10,M,France
STUAFBF68,1999-02-01,F,Norway
STU2CB261,2004-05-22,Other,Lithuania
STU2606DD,2001-12-11,M,China
STUD4522E,2000-04-06,Other,Spain
STU68CAD1,2005-03-09,F,France
STUA0C1E4,2005-09-25,M,France
STU9A0B0E,2000-02-19,Other,Italy
STU4A85D4,2000-01-25,Other,USA
STUD264A4,2004-08-16,F,China
STU9B390E,1999-08-05,Other,Latvia
STU2D51F0,1996-12-11,Other,Norway
STUBCA29D,1995-07-14,M,Italy
STU3A3668,1995-02-23,F,Germany
STU8EBC22,1997-01-10,M,USA
STUFBCE73,2002-08-04,F,Estonia
STU95CDB8,1999-09-16,M,France
STU985551,2003-05-19,M,Sweden
STU426171,1996-06-06,Other,China
STU88D03C,2005-11-08,M,Italy
STUBEF258,2001-09-05,Other,Lithuania
STU2DF6A5,2003-01-17,M,Lithuania
STU122F73,2002-11-17,M,Estonia
STUDEBD87,2003-09-06,M,Lithuania
STUE9333D,2004-03-12,M,USA
STU5E06B8,1996-01-21,Other,China
STU98417E,2004-05-25,M,Spain
STUBAA2E4,2005-06-22,F,Norway
STUEC2ECC,2004-02-07,M,India
STUFBAB64,1997-08-28,Other,Germany
STU8EAE7E,2004-10-01,M,Italy
STUB254BE,1996-01-01,Other,Germany
STUD2ADEB,1997-08-20,Other,China
STUD635A6,1997-06-27,F,Estonia
STUB95F95,2004-09-17,M,Italy
STU4395D0,2004-12-26,Other,USA
STU8F71D1,1999-04-06,F,China
STU0A3891,1995-04-06,M,France
STU3C068A,1995-09-01,Other,Norway
STU1A18A7,2002-11-02,M,Spain
STU370D5F,2002-09-04,F,Poland
STU5154B6,2000-01-13,Other,Italy
STU1060F7,1997-05-13,M,Latvia
STU6522A8,2003-09-26,Other,Italy
STU4B59A2,2004-03-22,M,Latvia
STU2E0DE1,2000-02-12,M,China
STU662D6C,1997-03-21,Other,Sweden
STUB68689,2001-01-01,Other,Estonia
STU29D8F9,2004-12-15,Other,France
STU58ED75,2004-05-04,M,China
STUE9C025,2002-02-12,Other,Lithuania
STU518BDB,1998-07-10,Other,India
STU2CC7F6,2002-04-16,M,India
STU118AC0,2000-10-22,Other,China
STUB376B9,1995-02-05,F,Estonia
STU70613E,2004-07-17,F,Latvia
STUF759CF,1998-05-25,M,India
STUA65F12,1997-10-22,Other,Norway
STU886552,2003-11-14,Other,Norway
STU814D93,1996-06-10,Other,Germany
STU4345E7,2004-12-25,F,USA
STUD43D17,2004-10-25,F,China
STUE22E2B,2002-02-26,Other,France
STUEBBFBE,2002-11-28,Other,Norway
STU4C8A38,1995-01-15,M,Estonia
STUFB6736,1996-12-21,Other,India
STUA42606,1995-04-12,M,Spain
STU0A5A14,2001-04-12,Other,Germany
STUB099B1,1996-11-16,M,Spain
STU676922,1999-01-11,Other,Poland
STU7BA0EE,2000-06-18,Other,Latvia
STU66B496,2005-07-14,M,Poland
STUFAD43B,2005-11-09,Other,Spain
STUE3DFC6,2003-08-02,F,Poland
STU5C2CDB,1996-06-10,M,Poland
STU736E2B,1996-12-17,Other,Estonia
STU655C3B,2000-10-09,Other,India
STUCFE930,1996-10-05,Other,India
STU66AFFE,2001-06-22,Other,Italy
STU68624E,1996-08-07,M,Sweden
STU797D1A,2005-07-14,F,Latvia
STUCAE790,1996-05-08,M,Spain
STUFFACFF,2002-05-01,Other,Lithuania
STU249B0E,1996-10-18,M,Poland
STUCDA311,1996-01-14,M,Latvia
STU91BE48,1997-03-09,F,Spain
STU23F725,1997-07-12,F,Estonia
STU362794,2000-02-22,Other,Estonia
STU836A13,2005-11-17,M,USA
STU7FF22C,2004-08-17,Other,USA
STU8B8446,2000-06-03,F,Estonia
STUCBF99F,1996-06-10,M,Sweden
STU870AC7,2004-09-26,M,USA
STU74337B,1998-05-12,Other,India
STU575978,1999-09-20,M,Lithuania
STUC29AEC,1999-10-09,M,Latvia
STU9C7B44,1995-10-03,M,Lithuania
STU0BFC91,2001-10-11,F,Estonia
STU4AF343,2003-02-20,Other,India
STUCD3C4A,1998-04-07,M,Sweden
STUED4B8A,2002-10-25,M,Sweden
STUF0C8C3,2001-05-01,Other,Spain
STUFB3AC3,1995-08-12,M,Italy
STUB704BF,2004-10-19,M,USA
STUB54A8A,2001-05-01,Other,Poland
STU8A417F,1995-07-15,M,Lithuania
STUE6A6DD,2004-02-15,Other,Sweden
STUCDB1B8,2000-02-01,F,Estonia
STU3904F6,1997-01-18,F,Italy
STU564744,1998-12-16,F,Estonia
STUFEA72F,1999-06-23,F,India
STU5EC8A3,2003-04-20,M,Poland
STU70AB13,2003-06-28,Other,Sweden
STUBC46BD,2001-12-23,F,France
STU1203C0,2004-04-09,F,Latvia
STU90E946,1996-03-25,F,Latvia
STUBD3356,2003-09-24,M,Lithuania
STU5235A7,2002-11-26,Other,India
STUB9449D,2003-07-23,Other,USA
STUFAFAA3,1998-03-02,M,Estonia
STUA5A06B,2002-01-21,M,Lithuania
STU667E38,2002-11-25,Other,Poland
STU0EA1B4,2002-12-14,M,Spain
STU2CD1EC,1997-06-11,Other,Latvia
STU3F49F3,1996-02-21,Other,India
STU5298F1,2004-11-04,M,India
STU50E28E,2002-08-14,M,Italy
STUD5CA28,1996-09-01,F,Latvia
STU4B948A,1999-05-05,F,Sweden
STUC2FB3D,2002-07-26,Other,China
STU0421BC,1995-01-09,Other,Germany
STU571683,2000-10-15,F,Italy
STU4CA07E,2002-02-06,F,France
STU450EE1,1999-06-18,F,China
STU276F05,2002-10-22,F,Poland
STU786FCB,2004-07-03,F,Estonia
STUA14B05,2004-01-28,M,USA
STU095E6C,1999-01-23,Other,Lithuania
STU9995BA,2000-05-21,F,France
STU9A648E,2004-07-06,Other,India
STU749C57,2000-03-27,M,Sweden
STU834F84,2000-04-18,Other,Norway
STU6C5331,1998-10-26,Other,Lithuania
STU3875D3,2002-07-13,Other,Sweden
STU87A017,2002-06-23,M,France
STUA70E98,2005-05-06,M,Spain
STU13FD85,1996-06-16,Other,Estonia
STUC2A994,2002-01-13,F,China
STUA19D3D,2003-02-04,M,France
STU272418,2000-01-26,F,Norway
STUAC03FF,2003-04-14,M,Italy
STU1715AD,1995-11-26,Other,Sweden
STUD84456,2003-01-28,M,Estonia
STUF0AEC6,1997-03-15,M,China
STU7905B9,2001-07-06,M,Estonia
STUC64656,2005-04-12,M,Sweden
STUF40A26,1995-02-15,Other,Norway
STU0A2E67,1997-07-11,F,Latvia
STU17BD34,1996-04-05,F,Poland
STUBCA79C,1998-06-21,F,Germany
STU07EECF,2002-01-03,Other,Latvia
STUD13577,1997-04-07,Other,China
STU26FF34,1997-11-21,M,Lithuania
STUD16ADC,1997-06-28,Other,Spain
STUF90598,1995-05-27,Other,Sweden
STU7D4D84,2002-12-10,M,China
STU914D7C,2002-02-18,Other,China
STUD07FCC,2000-04-08,M,China
STUD395BA,1996-06-13,F,India
STU0DBABD,2003-04-11,F,Germany
STUC7348B,2003-08-11,M,USA
STUA315D4,1996-09-09,Other,Spain
STU9196EA,1998-07-10,Other,Germany
STUE0CBC4,1996-06-05,Other,Estonia
STU2FBAC4,2001-05-12,Other,Norway
STUFDB761,1996-07-13,M,USA
STUC10B56,2004-04-23,M,Spain
STUDDD56B,1997-03-04,F,China
STU6B6BC8,2003-12-26,Other,Lithuania
STUEB55C7,2002-01-04,Other,Germany
STU60055A,1996-12-27,F,Italy
STU655745,2002-05-26,Other,Poland
STU872DD6,1997-06-04,M,Poland
STU789A26,2003-09-07,Other,Spain
STUF22D18,1999-01-28,Other,Poland
STUA8982E,2002-10-23,M,Estonia
STU329395,1999-05-23,Other,Italy
STU7F0EB1,2005-06-16,F,India
STUA6C4A3,2001-10-25,Other,Sweden
STU184F69,1997-06-07,F,Norway
STU57F0BA,1996-02-16,M,India
STUAEFFDA,1997-01-08,F,Italy
STUF9A214,2002-12-09,M,USA
STU1E2E15,2002-06-13,F,China
STU4B4E7C,2004-12-06,M,Lithuania
STUA2C19D,1995-03-06,F,Germany
STU7FA650,1997-04-15,M,Sweden
STU73811B,2001-05-08,M,USA
STU7CA1EC,1998-12-26,Other,Italy
STU3C274C,1996-10-20,Other,Norway
STU4F7F82,2005-12-06,M,Poland
STUFB6994,1996-06-05,Other,Germany
STU99014C,2002-01-27,Other,USA
STUE1FF0E,2004-04-24,M,Sweden
STU5323AF,2002-07-21,F,Germany
STUCA4335,1995-11-23,Other,China
STU48173E,1996-12-25,M,Norway
STU4D1229,1998-02-02,M,Lithuania
STUB26CCF,2004-02-01,Other,China
STU9BA255,1999-07-02,M,Italy
STU4A24AC,1997-11-02,F,Estonia
STU8C63C8,2000-07-14,Other,China
STU9AB9B9,2001-12-12,M,Lithuania
STU9AB08F,1998-09-27,Other,Italy
STUAFFFE7,1998-08-22,Other,Germany
STUD02609,1997-08-25,Other,China
STUC968E4,2003-04-27,Other,Germany
STU192989,2004-01-06,F,China
STU6A09EB,1998-03-10,F,Latvia
STU242F01,2003-09-28,M,Norway
STU1E33B4,2001-10-27,Other,India
STU5542CC,2001-06-15,F,China
STUC264EC,2001-06-10,M,Estonia
STU8CBCC3,2000-10-06,Other,Estonia
STUD9F696,1996-05-14,M,China
STU482BBD,1996-03-28,Other,China
STUD696D8,1999-06-22,M,France
STUAEF853,2002-05-19,Other,USA
STUD9BC49,1996-02-13,M,India
STU7B5EB7,2003-05-22,F,Latvia
STU49D020,2005-02-18,M,Germany
STU5CF316,1997-04-21,Other,France
STUF4B0B5,2005-05-21,Other,China
STU93743C,1999-05-15,Other,China
STU164F09,1999-09-10,Other,Italy
STU03DCAE,2005-07-25,Other,China
STUE9A8F4,1999-05-11,M,India
STU55C1B3,1999-03-04,Other,Italy
STUFE424D,2002-03-20,Other,Estonia
STUB2B3CD,1996-05-05,F,India
STUAFA4F1,1995-08-03,M,Spain
STU952CB8,2004-02-09,M,Latvia
STU40F6EF,1997-08-13,F,USA
STUE7F65B,2001-02-25,M,Spain
STU2565E2,2004-06-11,F,Italy
STU455EDC,2005-03-11,Other,Estonia
STU611185,1996-04-15,M,Lithuania
STU769DB9,2001-08-15,Other,USA
STU1AFE24,1998-01-20,Other,Norway
STUFC73CA,2003-01-08,Other,Estonia
STUD5C207,1998-05-13,Other,Sweden
STU87E989,1997-01-23,F,Italy
STU322268,1998-10-04,Other,Poland
STU9E5FE3,2005-11-19,M,Latvia
STU40CFCB,1997-09-22,Other,Poland
STU6B1D0B,2003-12-07,Other,Italy
STU50E5A1,1995-08-08,Other,Latvia
STU0FFD8B,1999-09-21,F,Italy
STU333455,1995-06-02,F,Latvia
STUB288CF,1996-06-04,Other,Poland
STU1F6A11,1999-07-05,F,Latvia
STUC0D9EB,2000-07-25,Other,Sweden
STU5D64EB,1997-02-16,Other,China
STU624700,2001-03-22,F,India
STUF9F8D5,1997-05-08,Other,Poland
STUDD279F,1999-05-28,F,Sweden
STU170E7C,2000-02-23,F,Estonia
STUE38A1F,2004-08-11,M,USA
STU878560,1995-02-10,F,Sweden
STUFCEE3D,1998-04-18,F,Italy
STU91B1CD,2000-05-11,M,Poland
STUF1EF67,1997-11-05,M,Poland
STUB32190,2004-11-26,Other,USA
STU4048E1,2003-05-18,M,Spain
STU9DAD30,1996-03-02,F,Estonia
STU9EFF49,1998-01-18,Other,Latvia
STUA51E88,2004-12-08,M,Estonia
STUFAF44E,1997-11-06,M,India
STU78BCDC,1995-03-23,F,Poland
STUADBB27,2002-07-14,Other,Norway
STUD966A3,1995-11-13,Other,Spain
STU10F7A9,2003-03-18,M,Sweden
STU8A3A8A,2001-08-10,M,USA
STU150650,1995-11-01,Other,USA
STUAF7E8D,2002-08-08,F,India
STU05841A,1999-10-22,F,Germany
STU2D8E16,2000-11-27,Other,Italy
STU976169,2004-01-24,M,Germany
STU431E40,1996-04-12,F,Spain
STUF24BAC,1995-02-06,F,Spain
STU91F5C0,1999-11-07,F,India
STU36B68A,1999-07-14,Other,Spain
STU51D528,2002-01-14,F,USA
STU5F0B90,2000-07-10,F,Lithuania
STU7AC326,1998-11-03,F,Latvia
STU1CCD8D,1997-03-04,M,Estonia
STUD6FDFC,1999-06-25,Other,Norway
STUC128E2,1997-01-28,F,Italy
STUA53D45,2000-04-06,M,Sweden
STU3933DE,2005-09-27,F,Italy
STU9B8B92,2000-01-05,F,Estonia
STU00FDE8,1999-06-01,F,Latvia
STUD1BB09,1998-12-13,M,Norway
STU4D5BA9,1997-03-18,Other,France
STUC7CABD,2004-10-07,Other,Germany
STUB5C3A9,2003-11-18,Other,India
STUF47389,2001-07-17,Other,Latvia
STU21DBC9,1995-02-01,F,USA
STU0681C1,2005-06-25,Other,Germany
STUFC1945,2003-06-10,F,India
STU7BD15E,1998-01-11,M,USA
STU774969,1998-12-14,M,France
STU2E809B,1996-07-27,M,USA
STUA8D412,2002-01-15,Other,Germany
STU3FC789,2002-05-23,M,Lithuania
STU72986A,1995-11-27,Other,Italy
STUF0FC1E,1995-03-21,Other,France
STU8F2AC1,1995-08-19,Other,Spain
STU266FA1,2004-08-16,Other,Latvia
STU86CE8B,2003-02-02,F,Latvia
STUD34136,2000-10-04,F,China
STU8B884A,2004-01-24,F,France
STUCF024C,1997-05-18,F,Latvia
STU08214F,1999-11-02,F,Poland
STU9D145F,1999-08-04,F,Lithuania
STU32E931,2005-09-28,Other,Norway
STU0F87DD,2002-10-25,F,China
STU8B67DB,1996-06-23,F,Estonia
STU96C732,2004-03-05,Other,Poland
STU4B7A28,2005-04-15,Other,China
STU777ED7,2004-01-21,M,Sweden
STU4EB560,2003-09-10,Other,Lithuania
STU4A142F,1999-12-16,F,India
STU629CFD,1998-04-01,Other,India
STUFE8945,2004-05-16,Other,Estonia
STUA0BA97,1996-05-04,F,USA
STUAEF39A,2004-03-25,Other,France
STU8FCBD3,1997-08-13,F,Norway
STU0D4BAC,1999-02-14,F,Spain
STU1947A1,2002-05-14,Other,Sweden
STU8EB8D9,2002-09-11,F,Spain
STUB3EBAE,2005-08-04,F,France
STU6DDCB1,1998-07-03,Other,India
STU7047E2,1996-02-13,Other,Italy
STU098323,2004-06-05,F,Poland
STU137CB0,2002-02-14,Other,Norway
STUE5C8C1,1999-08-18,M,Italy
STU193027,2001-11-08,F,India
STU278C5B,1998-03-11,M,Lithuania
STU03EC99,1996-02-01,M,USA
STUDEE13B,2003-09-07,Other,Poland
STU84E9DC,1999-10-22,M,France
STU1893F6,1996-01-03,M,India
STU4E4A7A,1997-01-26,M,USA
STUD5F6B1,2002-05-15,F,India
STUE480F7,2003-02-11,Other,Norway
STUB2CBD0,2004-07-04,Other,China
STU84B92F,1999-03-07,Other,Lithuania
STUF678BD,1997-12-03,M,France
STU8EC2E4,2000-12-18,M,France
STUFE918E,2002-12-01,Other,Lithuania
STUC16C2C,2002-01-19,M,Norway
STU3EE26C,2003-11-26,F,Norway
STU51AB2E,1999-12-07,F,India
STU31FFB9,1999-03-11,F,Germany
STU9824D0,2005-05-22,F,Lithuania
STUA68E1A,1997-07-20,M,USA
STU9C924A,2000-11-10,F,Sweden
STU73D846,2001-10-21,M,Lithuania
STUD83685,2002-12-06,Other,Norway
STU0FACCA,1997-03-26,M,India
STUF97674,1996-12-17,Other,Norway
STU9BF230,1995-09-14,Other,Spain
STUB0CB4B,1998-05-25,Other,France
STU5FAB8F,2000-04-19,F,Italy
STU0C50AE,1995-09-06,Other,USA
STU85C200,1995-12-07,Other,India
STUE3319B,2000-07-23,Other,Latvia
STU6C1D2D,1995-03-18,F,France
STU07F3F6,1995-03-15,Other,Spain
STUF0D160,2001-12-05,Other,Sweden
STUDA5ACD,2003-12-09,Other,France
STUB3FE4F,1996-11-22,F,China
STU22E9EE,2002-10-02,F,France
STUF2C055,2002-06-03,F,Spain
STUA7C79A,2002-11-20,M,Sweden
STU8B0E19,2005-01-27,F,Lithuania
STU3BE58F,2003-03-08,Other,Latvia
STU6B9B7D,1997-01-22,M,Lithuania
STU6C3A12,2005-11-06,Other,Norway
STUC6733B,2003-01-14,Other,Norway
STU12B2D0,2003-03-21,F,Sweden
STU0665A5,2000-11-11,M,Lithuania
STUF2CAED,2004-03-05,M,Germany
STU07E23F,1996-03-17,Other,Poland
STU5F327A,2001-10-01,M,China
STUAC5525,2000-09-27,M,China
STUAB130D,1997-12-05,M,Germany
STUAA1C7C,2002-03-08,F,France
STU4B3526,1997-05-03,F,Lithuania
STU255101,2003-04-18,Other,USA
STU61ACD3,2005-02-09,Other,Estonia
STU8B5E7D,2005-10-09,Other,USA
STUD56818,1997-11-06,M,USA
STUB5231A,1998-03-06,Other,India
STUA552F9,1999-07-25,F,Poland
STU95E9A9,2004-10-19,F,Poland
STUCBA4C2,1995-09-23,M,China
STUDEF150,2003-07-07,M,Poland
STU1F30DC,1998-11-08,F,China
STUDB9609,2000-12-22,M,Poland
STUB760C9,1999-06-22,F,France
STUC3EA9F,1999-08-05,M,Norway
STU8F6815,1995-12-02,F,Latvia
STU7FB9E6,2004-11-21,Other,Norway
STU9646A3,1999-05-06,M,USA
STU871CE9,2000-10-22,F,Spain
STU57F9B5,1995-04-16,F,Latvia
STU88020F,2000-11-02,Other,Spain
STUEE1508,2002-05-28,M,Germany
STUA888A5,1995-01-13,Other,Lithuania
STU9579F9,2005-09-08,M,USA
STUB8608A,2002-08-08,F,India
STU8CB919,2005-07-16,F,Latvia
STU01411D,2000-10-17,F,Norway
STUE58725,1996-12-24,Other,Italy
STU21E875,2002-04-08,M,Italy
STUBB397E,1998-09-07,F,China
STU07F24C,2004-01-06,M,Latvia
STU2C131F,2004-05-26,Other,Lithuania
STUF29BCA,2000-07-20,Other,France
STUF369D1,2005-08-13,M,Estonia
STU9C4A9A,1997-08-24,Other,Poland
STU607245,1997-12-22,M,Norway
STU6947E3,2004-11-13,M,France
STUF65561,2003-01-19,Other,Italy
STUEE2FFE,1997-03-09,Other,Germany
STUD3ECAD,2002-06-14,M,Norway
STU0D93FD,1998-08-05,M,Poland
STU6780FE,2002-12-23,M,Poland
STUAB6B4F,1996-08-11,Other,Italy
STU50190B,2000-12-13,F,Norway
STUB97F7A,1999-08-08,F,Poland
STU53C786,1995-07-15,Other,France
STU8833E4,1999-05-23,Other,China
STU68BCF2,2004-09-19,M,China
STUD7BEE2,2002-02-23,F,Norway
STUBCE10A,2005-08-17,Other,India
STU01FD3C,2003-01-08,M,China
STUEF8DA1,1997-05-25,Other,Germany
STUF27FF6,1998-11-22,Other,Lithuania
STU1F6E70,1995-09-07,M,France
STU50A8EF,1996-09-16,M,China
STU59D4C8,2000-12-11,Other,Lithuania
STUC73880,1998-10-21,M,Lithuania
STU2B9F9E,1998-09-28,M,Spain
STU181C56,2000-05-07,M,Spain
STU713C10,2002-12-08,M,Germany
STUA4E675,2004-06-26,Other,Lithuania
STUD0E2A6,1999-09-17,Other,India
STU3D18FD,2003-02-25,Other,Latvia
STUA5422E,2002-12-12,Other,Estonia
STU4B1E09,2002-04-05,Other,Germany
STU679C0D,2005-10-05,F,Latvia
STUFAC401,1995-10-19,M,Latvia
STU5F11F7,1998-12-22,Other,Latvia
STU199511,2001-04-28,Other,Poland
STU8233EE,2005-01-14,M,Lithuania
STU99B7F9,1999-07-27,F,Latvia
STUDBF612,2001-04-02,M,Latvia
STU1ED501,1996-07-19,M,Estonia
STU16EE5F,1999-09-13,F,Lithuania
STU763CEE,2002-11-13,Other,Estonia
STU6E3008,2003-12-14,F,France
STU8A2565,1999-10-03,M,Latvia
STU28E1C3,2000-02-02,M,Italy
STU2E6EF4,1999-11-06,F,China
STUBD5FDD,1997-06-11,F,Spain
STUB57671,1995-12-04,Other,India
STU219F06,1995-09-16,M,Italy
STU7D2A3F,2003-05-06,M,Lithuania
STU8DA62C,1997-03-21,Other,Norway
STUE72845,1997-08-23,F,Germany
STU2DB4FA,1996-11-12,M,Norway
STU9CDC76,2005-03-08,M,Poland
STU60E70B,1999-04-10,M,India
STUA9DB7A,2001-07-28,M,Latvia
STUCD5761,1997-07-15,F,China
STUAB3478,2000-10-15,M,Norway
STU023AAC,2002-08-04,Other,Estonia
STU7C57A3,2003-12-09,F,Lithuania
STUA81367,2000-04-23,F,Sweden
STUE108CD,2000-11-15,F,China
STUA08AFF,1995-10-13,Other,Spain
STU2D3908,1999-12-21,Other,Sweden
STUAB9166,2005-10-17,F,Poland
STUBE6ADA,2001-12-10,F,China
STU7453D2,1997-10-05,Other,Poland
STUF6E8B8,2002-08-25,M,Sweden
STUB917F1,1995-06-08,Other,Lithuania
STU216235,2003-02-03,M,Lithuania
STU9CF440,1995-08-28,Other,Norway
STU3D75C6,2003-04-04,Other,Germany
STU84028F,2001-04-16,Other,France
STU6A1726,1996-10-18,F,USA
STU06D90C,1995-04-06,M,Italy
STU9EAD98,1995-12-17,M,Estonia
STUC481A8,1998-04-20,Other,Germany
STU3A0FDC,1997-08-28,F,USA
STU3FA167,1999-06-09,Other,India
STU930E09,2000-12-10,F,Norway
STU85ED9A,1997-08-17,F,India
STU86BC9F,2004-03-10,F,China
STU863AC4,2002-11-24,Other,Norway
STU224489,1996-08-10,M,Sweden
STU240DF9,2001-09-13,F,Estonia
STU5C0401,2004-12-09,M,Lithuania
STU0A74C5,2005-07-04,M,Norway
STUB42AC4,2001-10-18,M,Spain
STU80F0CA,2002-07-03,Other,Germany
STU7820FF,2000-12-20,M,Lithuania
STU200A58,2003-08-17,F,Estonia
STU15D803,1995-10-03,M,Latvia
STU3C8D5E,1996-03-03,M,Sweden
STUA867FD,1998-06-26,Other,China
STU759F3E,2003-02-12,F,Norway
STU364718,1996-01-06,F,Germany
STUDBF572,1997-12-11,Other,Poland
STU8FAF24,2004-04-07,F,Sweden
STU5848F7,1997-09-28,F,France
STU2E7AED,1998-08-22,M,China
STU8FE606,2003-03-17,F,Lithuania
STU57A3C7,1996-03-12,Other,Germany
STUB94E98,1995-01-09,M,Germany
STU551078,1995-10-03,Other,Germany
STUD45EF0,2003-11-04,M,France
STUD3E68F,2002-10-13,Other,Sweden
STUFD5A51,2001-11-15,Other,Spain
STU71ECF0,1995-04-04,F,Germany
STUB7FAA2,2004-12-09,M,Estonia
STU76C7E9,2004-04-16,F,Poland
STUCFAFBF,1998-08-14,Other,Latvia
STUEE7F11,1999-09-04,F,India
STU8AD6E6,2005-02-23,Other,India
STU9A3028,2001-08-19,Other,Poland
STU22D474,2003-05-27,F,Poland
STUB31F22,2004-03-01,Other,India
STU31E353,1999-10-24,F,Italy
STUB23458,1998-09-11,M,Estonia
STUD338F3,1999-01-12,F,Latvia
STU137B99,1999-11-12,Other,China
STU2096B3,2004-04-23,F,Lithuania
STUE7209F,1996-01-27,F,Italy
STU5EED14,1997-09-15,Other,Estonia
STU8A2A9B,2004-08-06,M,Italy
STU4147A1,2002-12-22,Other,Italy
STU402821,1995-03-06,F,Estonia
STU90958A,1998-12-26,M,USA
STU69FDE6,1997-03-16,M,Italy
STU36FB17,1999-05-22,Other,China
STU86D08C,2000-06-21,M,Spain
STU550205,2005-01-15,Other,Italy
STU6E0534,2003-03-11,F,China
STU252560,2001-08-15,M,Spain
STU3EEB04,2004-07-15,Other,Norway
STU9A805C,2003-04-19,M,Norway
STU3A0340,2000-02-14,M,Latvia
STUFE3095,1995-07-14,M,Sweden
STU0776AF,2002-10-10,M,Estonia
STUF82894,2004-01-15,M,Norway
STUB2BD72,1997-03-20,Other,Poland
STU9E9051,2002-07-09,Other,Lithuania
STU6448C7,1998-07-03,F,USA
STU833DC8,2005-06-10,F,Lithuania
STU2C0899,2005-12-06,Other,Poland
STU0D5397,2004-06-13,F,Lithuania
STU764D1B,2005-06-24,Other,France
STU72432C,2003-05-03,Other,France
STU53F74F,2004-03-26,M,Latvia
STU13F30E,1998-06-23,F,Lithuania
STU7A26BD,1997-03-27,Other,Spain
STU2BD373,2000-02-03,Other,Norway
STU40ADC6,1999-09-21,F,Spain
STUFB73A3,2001-10-08,Other,India
STU2CC0AA,1995-06-18,F,Sweden
STU5B09F6,1995-08-01,Other,China
STUB9676C,1999-04-11,Other,India
STUCC3414,1996-08-12,Other,Spain
STU62AC2B,1996-08-06,F,Poland
STU50570A,1995-09-22,F,Italy
STU77404F,2001-04-21,M,China
STUF57AC9,1999-08-22,Other,Sweden
STU834FF3,1996-03-14,F,Lithuania
STUBF6064,2003-09-23,Other,Estonia
STUC0A7EC,2002-06-11,Other,Italy
STUB79330,1998-08-19,Other,USA
STU37B618,2002-09-17,M,Sweden
STUF6201B,2001-09-21,M,Estonia
STUCC03BE,2001-06-03,M,Estonia
STU25BDB3,2003-09-18,F,France
STUCCCC5D,2005-05-23,F,Spain
STUF5254D,1997-02-16,Other,Norway
STUECDFA4,2003-06-10,F,Norway
STU2F4E95,1999-08-22,F,Lithuania
STUB91991,2001-01-17,Other,China
STU7CCDF0,2000-12-11,Other,India
STUDFA85A,2003-11-07,F,Latvia
STU9B4CBC,2000-07-10,Other,Spain
STUF69CCC,1997-08-23,F,France
STUD918BD,1996-02-24,F,Sweden
STU8179F8,2000-03-16,F,Lithuania
STUFEE5CC,1996-11-12,F,Germany
STU9A9C30,2001-07-25,Other,Estonia
STU09B4ED,2003-02-18,M,Italy
STU1D2281,1997-08-26,Other,Germany
STUAA6786,1995-01-18,F,France
STUB5ECD7,2001-04-27,M,Sweden
STU93FC47,1999-12-14,M,Sweden
STU399E5C,2005-07-21,F,Estonia
STUE4259D,1998-03-08,F,Italy
STU330CBA,2000-12-27,Other,Spain
STUC8C585,2003-09-07,Other,China
STUE9CA43,1998-04-21,M,France
STUC64700,2004-04-21,M,Italy
STUE9DD48,1999-09-11,Other,USA
STU77ADFD,1997-09-26,Other,Germany
STU1FF6F0,1995-07-14,F,Italy
STU2F0740,1998-05-16,Other,Norway
STU29E20D,1996-01-19,M,Lithuania
STUD8EED9,1997-09-03,M,Lithuania
STUFE61EB,1995-04-06,Other,Sweden
STUABB7E4,2001-07-28,M,Norway
STUC11ED1,2003-01-17,Other,Latvia
STU86FABC,2001-05-10,Other,Estonia
STU26129B,2004-02-13,M,Norway
STU100C7B,2002-07-12,M,Germany
STUD5D53D,2004-05-25,M,Italy
STU6265C4,1995-02-05,M,Estonia
STU9E9715,1996-06-07,F,Spain
STU91EED7,2002-06-19,M,Norway
STU2F947D,1996-10-15,F,India
STU432065,2001-02-13,M,France
STU6C1C53,1997-10-25,M,Spain
STUDCA5B2,2003-01-04,Other,Lithuania
STU6A6F5D,2002-11-02,M,Norway
STU6BD900,2002-05-10,F,Lithuania
STU5E99BD,2003-04-10,Other,Sweden
STU036680,1999-10-04,F,India
STU342894,2000-01-15,Other,China
STU4586A6,1998-02-05,M,Spain
STU1724ED,1996-06-28,Other,Spain
STU530EC3,1999-10-16,F,Germany
STU3531F8,1996-08-10,M,USA
STU2C99BE,1995-11-08,F,Italy
STUA24DFE,1996-05-04,F,France
STUC15AEB,2003-12-24,F,India
STUA12382,2001-09-22,Other,Latvia
STUBE5D5F,1997-04-20,Other,Norway
STUA646C4,2005-04-21,M,Norway
STU4B3B53,2003-07-02,M,China
STU20505C,2003-05-23,Other,China
STUECCB4A,2001-04-12,F,Italy
STUCB255E,2005-11-01,M,Germany
STU1CDA8F,1996-11-20,Other,China
STUF4D1FB,2004-02-09,Other,Estonia
STUFA2D9B,2004-06-05,F,Spain
STUF5207B,2000-10-12,M,Lithuania
STUE4ACB0,1996-10-13,F,France
STU595F2C,2004-12-16,M,Italy
STU9B5EA5,2004-05-09,F,USA
STUE30F24,2005-10-19,M,France
STUED8C0F,2000-03-25,M,Lithuania
STU778FB0,1997-01-21,M,Latvia
STU5050E3,2003-11-16,M,USA
STU7E8EDC,2002-02-08,Other,USA
STUF8C6FC,2001-01-28,F,Germany
STU6DFFE6,1996-03-04,M,Lithuania
STU85D452,1999-07-18,F,Estonia
STU129AD7,2002-06-05,M,Lithuania
STUC21B8C,1995-09-10,Other,Sweden
STU9813BB,2000-05-06,F,USA
STU464CAF,2000-12-14,Other,Latvia
STU913157,2001-03-06,M,Estonia
STU523EF0,1995-12-21,F,China
STU163EE6,1999-05-26,M,Norway
STU3D8889,1996-01-12,F,Norway
STUF348B4,1998-10-24,M,Estonia
STU3D8081,1998-12-28,Other,Sweden
STU8D19B8,2004-01-15,M,Sweden
STU4B173D,1999-11-17,Other,Norway
STU1F463A,1997-12-08,F,China
STU07CA17,2003-12-07,Other,USA
STUDC7560,2004-11-22,F,Poland
STUBCC904,2002-06-21,M,Lithuania
STU5F3705,1999-08-16,M,Lithuania
STU2030C9,1999-09-07,Other,Lithuania
STU4029B3,2005-08-13,M,Norway
STU0C289A,1998-03-12,F,Spain
STUBE4ADC,2003-03-15,Other,France
STU582C71,1998-09-08,M,India
STU215841,2001-03-28,M,Italy
STU79E250,1995-07-28,M,France
STU983446,2003-04-15,M,India
STU6A6AD6,2005-12-05,M,Lithuania
STU6629AF,1996-05-14,F,Sweden
STU6A2764,2002-06-25,M,Spain
STUFF61B5,2003-01-26,Other,Italy
STUB7E235,1999-02-18,F,India
STUFCC7C7,1997-01-07,Other,Norway
STU968198,1996-01-27,M,India
STUC23DBC,1995-05-25,F,Spain
STUA9FA38,1998-01-12,M,Estonia
STU50B0E5,2003-01-27,Other,Estonia
STU2EE21E,1998-05-02,Other,Estonia
STUDCE6BF,2001-12-01,M,India
STUA563CB,2003-08-13,Other,France
STU0AAEB5,2005-09-13,F,Italy
STUD679BB,2003-11-10,M,Germany
STU59C050,2000-03-28,F,Norway
STU306FB7,2001-09-12,F,Italy
STU6DDD42,2000-12-14,F,France
STUA74875,1997-10-06,F,Norway
STU792BD8,2000-01-03,Other,Spain
STUE0A67B,1997-06-05,Other,Sweden
STU243290,2002-05-20,F,Germany
STU356DB0,1997-03-03,F,Sweden
STU71AF54,1995-10-12,M,Spain
STU2AEBDB,2003-02-09,Other,Latvia
STU089DAB,2002-02-23,F,Germany
STUBB9FCC,1995-12-23,M,USA
STUB7F663,2000-08-16,F,Estonia
STUFAEF0E,1998-02-06,F,Lithuania
STUC1421E,1999-10-08,Other,Sweden
STU5C224C,1998-07-05,M,Poland
STUEDA224,2002-06-21,F,Spain
STUD18E26,1998-12-15,M,USA
STU3649C8,1999-08-15,Other,Sweden
STUE64101,1998-01-28,Other,Sweden
STU88E01C,2000-09-12,Other,Germany
STU4AB679,2002-07-12,F,China
STUD45AA7,2005-07-28,Other,Estonia
STU475F04,1996-06-22,Other,Latvia
STU0E0023,2004-08-08,Other,Lithuania
STU4AFA62,2005-04-23,F,China
STUCC5A2A,2003-06-17,M,France
STU126E3C,2005-11-23,Other,France
STU77DCC4,2005-03-19,Other,India
STU205937,1998-07-18,F,Sweden
STU3AF1B5,1996-10-01,F,Italy
STU03418B,1995-06-13,M,Poland
STUD7D206,2000-06-12,M,Lithuania
STU7CF486,2002-05-26,Other,USA
STU9957A6,2003-02-18,Other,Sweden
STUBC0FE6,2004-07-04,M,Italy
STU88508C,2003-09-20,M,Poland
STUEC13FF,2002-02-24,Other,Norway
STU1C61B8,1997-10-15,M,Poland
STU87B935,1997-07-17,M,USA
STU7F0CD4,1996-06-25,F,Germany
STU76FF5F,2005-05-06,M,Sweden
STUB77FAD,1995-06-21,M,China
STU10B37A,1996-07-20,F,Sweden
STU51B831,2004-01-11,F,Spain
STU02A61E,2000-03-28,F,Latvia
STU324709,1997-12-25,M,Estonia
STUA575B8,1999-12-15,M,Estonia
STU7F018E,1995-12-05,Other,Spain
STU1CC02B,1997-08-23,M,Lithuania
STUD54513,2002-04-05,F,Norway
STU833583,2000-10-27,M,Poland
STU75E399,1997-04-26,M,China
STU77FD03,1998-05-17,Other,Estonia
STUCE2089,2005-01-11,F,India
STUE4343B,1999-04-03,F,Germany
STU45723A,1996-12-02,Other,USA
STU174FBA,1999-07-07,M,China
STU631493,1996-09-23,F,China
STU0E7BA4,2002-01-21,M,Estonia
STUC2A559,2003-08-18,M,Italy
STU7B4F04,1995-11-11,F,France
STU1E8FF0,2000-10-07,M,Latvia
STU70CF6D,1996-04-04,M,Italy
STUF37E56,1999-08-01,Other,Estonia
STU5E18D6,2002-04-09,M,Spain
STU4B3378,2000-11-28,M,Italy
STUEA9CF1,1999-12-01,F,Sweden
STUC0F8AE,1999-08-04,Other,Latvia
STU1F9C7B,2005-07-23,M,USA
STU078DB1,2004-05-07,F,Latvia
STUF20D68,1996-04-03,F,Italy
STUDA33B7,1998-10-10,Other,USA
STU09DD4F,1995-08-27,M,China
STUA69EBB,1995-08-25,Other,France
STU910E26,2000-11-17,F,Italy
STU1C5725,2003-05-02,M,Germany
STU244085,1997-08-24,F,Sweden
STU931D24,2005-01-05,M,Latvia
STU410025,1995-07-25,F,Norway
STU812AB0,1997-06-06,F,Estonia
STUEBADDE,1998-12-24,F,France
STU04AE97,1999-06-04,Other,China
STU86E1BB,2004-01-13,F,Norway
STUDA5699,1999-11-05,M,India
STU2ED0D9,1995-09-07,M,Sweden
STUC441E5,1998-12-09,F,Spain
STU0AE2FF,2002-02-01,Other,USA
STU4BDE6B,2003-05-06,F,Norway
STU2523CE,2000-05-06,M,Norway
STUBD8E3A,1998-06-07,Other,France
STU132DEA,2004-08-05,F,Latvia
STUD2933F,2001-09-20,Other,USA
STU65AA75,2005-12-07,M,Germany
STUF7241D,2000-04-11,M,Germany
STU316C08,1997-08-15,F,USA
STUD8B48D,2001-11-19,M,Spain
STU8BB7B8,1998-09-09,F,Poland
STU0F2D9F,1998-08-01,F,Latvia
STU0A8472,2002-11-23,F,India
STU8CED7B,2000-03-06,M,China
STU94962F,1996-11-21,Other,Germany
STUE94F8F,1995-01-24,F,Lithuania
STUC7F4FE,2005-03-07,Other,France
STU759FCD,1997-01-07,M,USA
STU14A6F0,2003-08-21,M,Latvia
STUA7C8B9,1999-06-25,M,Italy
STUB5FE62,1995-01-05,M,Italy
STU401F0F,2005-12-14,M,Latvia
STUEB2397,1998-07-13,F,Estonia
STUF0BFBB,1999-11-25,M,Sweden
STU081AF4,2000-09-13,Other,Estonia
STUFBC36F,1999-10-03,Other,Estonia
STU4791A2,2002-09-23,F,India
STU3D81A4,1996-04-23,Other,France
STU68E60B,1999-06-24,F,Spain
STU2DDAFA,1997-10-13,F,Norway
STU384466,1998-08-28,F,Estonia
STUF56620,1999-03-18,M,Poland
STU803A0A,2003-11-18,Other,USA
STU8B6646,2001-02-13,F,Sweden
STU3945C1,1998-04-27,F,Germany
STUF38672,2003-01-20,M,Poland
STUFB837A,2000-05-24,M,Sweden
STUF9765D,2003-03-10,Other,China
STUBBBF1D,2002-08-01,F,USA
STU7C7F58,1999-11-19,M,Poland
STUDF2040,2005-11-09,M,Sweden
STU779A32,2000-11-09,F,Sweden
STUB17956,2000-02-06,F,Norway
STU700C2A,2005-11-26,Other,India
STUBCAF49,1999-10-01,F,Italy
STU4F97D1,1998-06-04,M,Latvia
STU52A5B0,1998-05-12,F,Germany
STUE33672,2004-04-08,F,USA
STUCB02DA,2004-06-14,F,Poland
STU54E44A,2000-12-18,M,Germany
STU705935,1998-01-20,F,Norway
STU7014EA,2001-01-11,Other,Sweden
STU8E14B2,2002-07-24,F,USA
STUBB4288,2001-02-06,F,Estonia
STU20595C,2003-11-07,M,China
STU575275,1999-05-04,F,Sweden
STU8E4A6E,2002-10-27,F,Estonia
STUBA7990,1998-09-19,M,Italy
STUC78E28,2005-03-28,Other,Poland
STU627905,1999-11-20,M,Norway
STUC53550,1998-06-21,Other,USA
STU466F01,1997-10-02,Other,Spain
STU9D0608,1996-12-03,Other,Sweden
STU44E523,2005-09-14,F,India
STU889E24,1999-05-25,F,Latvia
STUF0E513,2001-09-15,M,Germany
STU25A387,1995-08-03,Other,Poland
STU71C81A,1996-07-20,F,France
STU1B6BC1,1996-11-18,M,Sweden
STU1DF8B2,2004-08-22,M,Latvia
STU966DEB,2002-11-02,Other,Poland
STUC9D79A,2000-04-24,Other,Latvia
STU931F16,2005-08-09,M,Italy
STUFF9F5A,1999-02-19,M,Estonia
STU2CB4AE,2004-10-10,Other,India
STU0F7BB0,2004-09-21,F,USA
STUDCEAE9,1996-02-16,F,Germany
STU8AD401,2001-02-10,M,Germany
STU998A6C,2002-05-01,F,Italy
STU241E2C,1996-03-27,M,Latvia
STU359E9C,2005-06-28,Other,Estonia
STU286DDD,2005-04-21,F,Lithuania
STU332CC5,2003-02-02,Other,Spain
STU201845,2000-08-22,F,Spain
STU349E46,1996-09-19,M,Lithuania
STU47928C,1995-05-21,Other,Germany
STU9E97AD,1999-07-02,M,Germany
STU7181BF,2003-11-12,F,USA
STU4B4B15,2005-10-19,Other,China
STUB655CD,2005-08-06,F,China
STU4BFC41,1998-02-21,F,Lithuania
STU4BECB5,2003-02-01,Other,Sweden
STU9E3422,2001-08-27,M,France
STUFABCB7,2005-03-24,Other,Italy
STU45E350,2005-08-20,M,Spain
STU27FDE3,2000-05-22,M,Sweden
STU3BE3E0,1999-03-24,Other,Latvia
STU7AC4C7,1997-04-28,F,Estonia
STU56345C,2003-05-26,Other,Latvia
STU8DAEF4,2002-07-20,Other,Poland
STUA30A14,2003-12-26,F,France
STU6B95A3,2003-12-10,M,Germany
STU3C55C9,1996-03-08,F,Estonia
STUE7F1B2,2001-01-12,Other,USA
STU17F708,1998-08-02,Other,Sweden
STUC24EC1,1997-08-05,M,Italy
STU9DDB11,1997-07-09,Other,China
STUCF441E,1998-07-03,M,Spain
STU87867E,2003-09-16,M,India
STU3B7269,2000-08-04,F,Germany
STU575301,2004-09-09,F,India
STU8951F8,2000-05-17,F,Lithuania
STUA067A4,1995-10-14,F,Sweden
STU379586,1996-05-13,Other,Estonia
STUE637EF,1999-09-08,Other,USA
STU83EF6F,2000-07-24,M,Poland
STU9196BB,2001-07-17,F,Latvia
STU3F5263,2001-08-26,F,Latvia
STU5CAE4F,2004-06-08,Other,Germany
STU3B48E1,1999-10-15,F,China
STU804E08,1998-10-07,M,Spain
STU903F64,2005-07-03,Other,Estonia
STUD3C658,2004-04-05,F,India
STUE7F132,1995-04-26,Other,India
STUD66FA6,2001-02-21,F,India
STUED2930,2002-11-26,F,Germany
STUCF8A2F,1998-07-18,M,Norway
STUBF5A7F,2003-01-22,M,Norway
STUF43637,1996-08-03,Other,Sweden
STU576FF5,2000-09-18,M,Norway
STUAF4910,1999-07-26,M,India
STU9E5432,1997-01-09,F,Italy
STU5CBA04,1999-06-13,F,Sweden
STU6FCE3B,2001-04-23,F,India
STU7E7BFC,1998-07-07,Other,Latvia
STU16B2DB,2005-02-07,Other,Germany
STU43D072,2005-03-06,M,Lithuania
STUF47857,1999-03-04,M,Spain
STU21B3F3,2002-10-24,Other,Latvia
STU5055CA,1997-01-10,Other,Latvia
STU628B0F,2002-10-23,Other,Spain
STUA926BC,2002-12-02,M,Germany
STU8C89FD,1998-04-11,F,India
STUB42250,2004-12-07,Other,Norway
STU0E2F5E,2005-08-23,Other,Italy
STUA2DC7A,2004-01-03,M,Estonia
STU2C9571,1997-10-27,Other,Estonia
STU9D4B9F,1997-10-05,M,Poland
STU62E426,1998-04-15,M,India
STU313BD4,1999-06-16,F,India
STU623AAD,1995-11-18,F,Lithuania
STU03E03F,2002-12-10,Other,USA
STU4EA0DD,1996-02-08,Other,Germany
STU5EBB27,2003-03-07,F,Estonia
STU14D38F,2001-12-10,Other,Spain
STUCA79C1,2003-03-25,F,Latvia
STU37EF04,1998-02-08,Other,Lithuania
STU5E5AC5,1995-12-22,M,Spain
STUD68490,2003-04-27,M,Sweden
STU7C684E,2002-12-25,M,India
STU93E499,2001-02-10,Other,Lithuania
STUAAE1B5,1999-08-22,F,Poland
STU6A2120,2004-05-12,F,Poland
STU9BC782,2005-12-11,Other,Poland
STUCF1525,2003-02-21,M,Lithuania
STU6EF2EC,2001-12-20,Other,France
STUDD4463,2005-03-26,Other,Germany
STU0C47AC,1997-04-03,Other,Estonia
STU11C88E,2002-12-17,Other,India
STU48FBB9,2000-12-22,Other,Estonia
STU4B87A9,1998-11-21,M,Lithuania
STU957E28,1996-01-22,Other,Estonia
STU84CE9E,2003-12-03,M,Norway
STU9CD563,1997-04-05,Other,China
STUC371C7,1997-11-28,Other,Norway
STU2D82CE,1999-12-15,Other,Spain
STU7CF97B,1995-02-20,F,France
STUC5BC80,1996-01-17,Other,Spain
STUBA72C0,1999-05-09,M,Italy
STU2836C6,1998-08-10,M,France
STU663E67,2004-05-03,F,Latvia
STU54FF27,2000-09-09,F,India
STUC7A51C,2002-01-05,M,Estonia
STU4400A3,1997-09-22,Other,Spain
STUF45134,1996-01-20,M,Italy
STUDB9F6B,2002-02-20,M,Lithuania
STU3C68A3,1999-11-08,Other,Estonia
STUACEEE1,2002-10-23,M,Spain
STU09FD82,1999-02-01,Other,India
STUB6350C,1997-05-05,F,Lithuania
STU695FDA,2000-10-22,F,Spain
STUC6BD61,1996-01-13,M,Sweden
STUEF63FB,2003-05-10,M,Latvia
STUB089AB,2002-08-26,F,USA
STUA3E842,2003-10-14,M,India
STU950E8F,2002-07-21,Other,Norway
STUC680C2,1997-10-14,M,India
STU1C94C6,1995-05-06,Other,Norway
STU0C9EF9,2000-12-18,Other,Poland
STU3F2937,1995-02-23,F,Poland
STU40EE8A,1995-12-01,Other,India
STU3E5055,1997-06-19,Other,Germany
STU9F0536,1998-01-13,F,Poland
STU3ADE54,1996-08-14,Other,Germany
STU1C08BC,2000-02-11,M,China
STU6E97B7,2003-09-01,M,France
STUD24C41,2004-07-01,F,France
STU675A28,2001-10-01,F,Lithuania
STU00AF60,2003-05-21,Other,Estonia
STUEFB7E8,2000-11-03,F,India
STU5B5396,1995-05-05,M,China
STU4EA6E7,1999-08-07,M,Latvia
STUB4B32A,2002-09-18,F,Italy
STU60D559,1997-07-08,M,Germany
STUEF7C52,2003-05-10,M,Spain
STU910E39,1998-11-07,F,Latvia
STUFC4312,2005-01-28,M,USA
STUD545DF,1996-01-07,F,India
STU5D6AE8,2002-01-01,M,Spain
STUEDBE62,1998-06-18,M,Spain
STU63C7BA,2000-01-14,M,Norway
STU540AF3,1999-11-03,Other,China
STUAE8B85,2000-08-02,Other,Latvia
STU53CFAC,1998-03-17,F,Lithuania
STUAE5379,1999-02-13,M,France
STU3BD3A2,1998-06-27,F,Spain
STU372CE5,1999-10-04,Other,China
STU1E644F,2005-12-17,Other,Germany
STU438FA4,1999-06-22,F,Norway
STU07AB32,1999-11-14,Other,France
STU2E4326,1998-04-08,M,France
STU64F2CF,1995-04-02,Other,USA
STU8539FF,2000-09-25,M,Latvia
STU1CB139,1996-06-22,Other,Italy
STUD18913,1998-06-01,F,Germany
STU52D159,2004-03-12,Other,USA
STU711947,1995-12-24,Other,China
STU280F68,2004-05-20,M,Estonia
STUC24484,2005-05-25,M,Norway
STUA44E9B,1998-04-07,M,Germany
STU460451,2004-04-23,Other,Sweden
STU461DE4,2000-06-13,Other,Italy
STU61AE7D,2005-01-28,M,Germany
STU5E28A9,1995-11-18,M,Italy
STU3492E2,1998-09-23,F,China
STUC83EA8,2002-11-22,Other,India
STUBE5FBB,1997-08-20,F,Poland
STU3551F7,1998-03-25,Other,France
STU7E7B6C,2001-06-03,Other,Spain
STU02D93A,2005-06-20,M,France
STUCFCB63,2001-02-21,M,Lithuania
STU445F18,1996-12-09,M,India
STUCA6FA8,2002-10-17,M,France
STU0F8448,1995-01-15,F,China
STU51B70B,1996-11-21,F,USA
STU944AF0,1995-02-24,M,Latvia
STU63863B,1998-02-28,F,China
STUA25775,1998-05-27,Other,India
STUF86272,2004-07-07,M,Poland
STUCFA497,2000-06-08,Other,China
STU6B6472,1998-10-26,F,Italy
STU98B5BF,1998-02-16,F,Germany
STUB745B0,2003-07-04,M,USA
STU9855C7,1997-05-01,Other,USA
STU2E78EA,1995-01-05,F,Estonia
STU287B03,1998-08-27,Other,Italy
STU9BF19E,2003-02-18,M,Italy
STU5F52AD,1995-11-02,M,Germany
STUE0B3B9,2003-08-24,F,Lithuania
STUC2BE59,2005-09-19,F,Italy
STUF346F1,2005-08-23,Other,India
STU493CB1,1999-03-08,F,Poland
STUE4FEEE,2005-09-22,M,India
STUC87D8D,1997-07-10,M,Poland
STU8C65B8,2005-05-19,M,Latvia
STU1D2399,2003-05-03,F,India
STU454DBD,1998-12-09,F,Norway
STUEA954E,2002-11-19,M,Norway
STU6A6DA7,2005-10-14,Other,China
STUC92BD2,1998-10-22,M,Lithuania
STUA43E41,2000-06-27,M,China
STU0077DE,2000-12-21,F,Lithuania
STUF4CF9D,1999-06-28,Other,Spain
STU73173A,1998-01-10,M,France
STU87BB34,2004-05-18,M,Italy
STUE021C0,2004-09-17,M,India
STU792201,2001-09-16,F,France
STUC36D4C,1998-04-22,F,Spain
STU712859,1996-05-21,M,Germany
STUB25EA9,2004-01-08,M,Lithuania
STU1C18F4,2003-02-26,Other,China
STU4E7DDB,1995-04-20,M,Poland
STU137B0A,1996-11-10,M,Norway
STUEFCF90,2000-06-19,F,Latvia
STU533631,2001-03-03,F,Spain
STU0F387E,1999-09-10,Other,India
STU1BF59D,1999-04-02,F,Spain
STU4EC98F,1999-05-25,Other,Norway
STU9C094A,2000-06-01,Other,Germany
STU3B1A11,1998-09-05,Other,USA
STUD3B955,2003-09-04,F,Poland
STUB43FE0,1998-08-21,M,Estonia
STU195463,2000-11-17,Other,China
STU95EEE9,1995-08-08,M,Norway
STU45A033,1996-05-13,M,Italy
STU3BB48B,2000-05-05,Other,France
STU0FFFDB,2001-09-27,F,Spain
STU3E218D,2005-12-25,Other,Norway
STU8EE704,1997-01-07,M,Spain
STUF109B2,2003-04-25,M,China
STU49E4EC,1997-08-02,F,Estonia
STU9FD283,1999-04-05,F,India
STUF0F121,1999-01-06,F,Italy
STU748789,2000-09-11,Other,Germany
STU273230,1999-06-18,M,Germany
STUDD56B2,1998-12-24,M,Poland
STUBB0167,1995-09-04,Other,Italy
STUD53965,2005-05-24,Other,India
STUC632BE,1995-06-24,Other,China
STU2D5305,1996-05-08,Other,Latvia
STUF864D6,2003-12-06,F,Spain
STUC287A6,2002-11-25,F,Estonia
STU66CC0B,1995-10-19,F,USA
STUCD59B1,1999-08-03,Other,USA
STU7091C6,1996-12-07,M,France
STUF4FC61,1995-07-05,M,India
STUC3D1B3,1999-07-04,M,Spain
STUA8859A,2000-05-15,M,China
STUAAEA92,1998-08-02,M,China
STUD4A2DC,2000-06-12,Other,Sweden
STU7A3F9B,1998-05-21,Other,Poland
STU863978,1999-02-28,Other,Italy
STU4FA488,2002-08-22,M,Latvia
STU31A0AB,1995-12-15,F,Estonia
STUCF9910,1997-03-25,Other,USA
STU936B86,1998-10-27,F,Sweden
STUDDD95F,2000-03-18,Other,Italy
STU1DF73E,1996-11-09,M,Estonia
STUF49AA0,1995-09-25,M,China
STUA54691,2002-05-11,Other,Norway
STU1DE3B3,1999-06-14,F,Estonia
STU4081B0,2005-10-05,F,Lithuania
STUF7B4CC,2002-07-28,M,Spain
STU85181E,2002-12-26,M,Sweden
STU278C58,1999-04-12,M,Norway
STUD6A8B1,1996-03-04,F,Sweden
STU442562,1998-01-16,M,USA
STU860C09,1995-10-11,Other,Spain
STU563332,1995-05-06,Other,Sweden
STU5C53A1,1998-03-08,M,Lithuania
STU99E8D9,1997-07-12,Other,Italy
STUCE3EA0,2002-05-16,F,USA
STU643714,1999-10-07,F,Sweden
STU6E87DD,2002-04-11,M,Poland
STUB789B9,2001-01-17,M,France
STU467CFB,1995-03-27,Other,Estonia
STU520033,2002-05-25,M,Estonia
STUE7E2B5,1998-11-19,M,France
STU332DF6,2004-12-23,F,France
STU8B81D6,2002-10-07,F,Spain
STUD2F799,2004-12-26,F,Sweden
STU6E81B2,1997-02-24,F,France
STU3701AC,1997-12-26,F,Germany
STU109452,2001-08-28,M,Latvia
STU2D7ECD,2003-10-27,Other,Germany
STUE5CC3D,2001-12-16,M,Poland
STU1F1B25,1998-07-03,Other,Poland
STU247E29,2001-07-15,M,Germany
STU21ADA2,1997-02-23,Other,USA
STUDDD7C4,2002-11-25,F,Italy
STU4B3FA8,2004-05-26,M,France
STUBB2AAB,1999-08-16,Other,Germany
STUCDD6E9,1995-05-11,M,Spain
STU2AC506,2002-12-26,F,Estonia
STUF9352A,2002-10-04,Other,Sweden
STU364B5C,1997-08-13,M,China
STU64121E,1999-04-19,F,USA
STU2A1709,1995-07-08,M,Lithuania
STU9F1E0F,2002-10-17,M,Spain
STU7D3F3E,1998-11-25,Other,Latvia
STU681F84,2004-02-16,Other,Norway
STU7DBAE8,1998-11-21,F,Sweden
STU1D53B8,1998-10-06,M,Poland
STUF23A04,2003-08-18,M,India
STU71D158,2001-03-13,Other,Estonia
STU84BA56,2003-08-15,M,Italy
STUF09F91,2005-02-02,F,USA
STU4FD3B8,2005-10-15,M,France
STU57F6A3,1999-07-17,F,China
STUFADDBB,1995-01-20,F,Norway
STU6BBD8D,2004-11-09,F,China
STU07D237,2005-10-06,Other,Spain
STU445C63,2005-07-25,Other,Poland
STU34A99A,2001-07-28,M,India
STUF6B2CC,2004-01-18,F,Estonia
STU1FE5BF,1997-10-13,Other,Sweden
STU3ED50A,1998-11-26,F,India
STUABED7C,2002-08-27,F,Spain
STUE86F22,2004-07-13,M,Italy
STU377E49,1997-08-08,F,Lithuania
STUB2657E,1995-08-12,F,Lithuania
STUFDF925,1999-01-21,Other,France
STU52D1E5,1996-12-07,Other,Spain
STU9B4A93,2003-10-02,M,Poland
STUBE5C69,2002-06-05,Other,USA
STUDD1A8A,1997-01-26,Other,Norway
STU4F7057,2004-01-16,F,USA
STUF79FDF,2004-11-17,Other,India
STUB44571,2003-11-13,M,Latvia
STU92A51B,1997-06-14,Other,Poland
STUF2725D,2001-07-09,M,Germany
STU3AB9C7,2003-11-01,M,Latvia
STU9FB13C,1995-03-06,M,USA
STU0C89A0,1999-05-27,F,Sweden
STU0EEF56,1996-12-14,F,Poland
STUA5C606,2002-12-27,F,Latvia
STU98762D,2001-07-14,M,Sweden
STUA6D786,2000-08-27,M,France
STU944FFE,1998-09-26,Other,Spain
STU3A4688,1998-10-06,M,USA
STUD55F1B,2003-05-01,Other,Estonia
STU01EAC9,1996-03-25,F,Estonia
STU679B9B,1996-08-13,F,Estonia
STU3C6B9E,2003-06-15,F,France
STU8A2212,1997-08-07,F,Estonia
STUF06993,2003-05-02,Other,USA
STUBE23A0,2005-08-01,Other,Italy
STUDC397C,1999-08-05,M,China
STU1BAE51,2004-03-14,F,Sweden
STU490417,2000-03-19,F,Norway
STU82391D,2004-05-16,M,Latvia
STUEB9BCD,2004-02-23,F,Sweden
STUAA0B5F,2003-01-16,M,India
STU774A67,1996-12-02,M,Poland
STU134F53,2002-10-16,F,Sweden
STU81FC5D,2001-11-02,M,Germany
STUF7C71F,1997-01-01,Other,Spain
STU5DC967,2001-05-25,M,Spain
STUB0C672,2003-03-05,M,Italy
STU4F3D9F,2000-03-05,M,Estonia
STUFADA99,1999-02-06,F,Italy
STU46B8B0,2005-12-13,M,USA
STU351F35,2005-02-05,Other,Lithuania
STUC0C42C,1997-06-09,Other,Lithuania
STUB39ED0,2004-05-04,M,Spain
STUD10986,2004-07-11,F,Italy
STUE51E03,1997-06-23,F,Poland
STUBF90F2,2002-07-11,F,India
STU0209EC,2004-09-08,F,France
STUA71BBC,2004-06-01,Other,USA
STU27BBF1,1997-07-05,Other,Estonia
STUC681B5,2002-06-22,F,Germany
STUF65DCC,1995-12-22,Other,Spain
STUCEA1B5,1996-05-23,M,Lithuania
STUF9C5BD,2001-02-10,M,China
STU8D442F,1997-09-17,F,Latvia
STUEE70FA,2004-10-10,F,Lithuania
STU3B6CDD,2004-11-19,M,Sweden
STUEC17D7,2004-10-24,Other,Latvia
STUBE808C,1996-09-19,M,Spain
STUA16FDF,2002-02-02,F,France
STU5B087C,2004-01-16,M,USA
STUC14BA9,1996-04-22,F,France
STU8452D8,2001-09-20,M,Sweden
STUD2A46B,2003-09-15,Other,Italy
STU660D34,2003-01-07,Other,Poland
STU963B89,1997-11-26,F,China
STUD80DCF,2002-10-26,M,Italy
STU491601,1998-11-18,Other,Norway
STU3A873D,2000-02-24,Other,Latvia
STUD2D4B9,2004-06-07,Other,China
STU86412C,1999-03-27,Other,Norway
STU48D23A,2005-01-08,Other,India
STU29EAF3,2002-12-25,F,Spain
STU5F8E0D,1998-09-01,M,France
STUA3A193,1996-05-22,M,Germany
STU55391D,2005-12-14,Other,USA
STU5F7412,2005-10-10,Other,France
STU0A787E,1996-01-27,F,China
STU63BFD4,1997-04-27,M,Lithuania
STU1087A9,1995-12-28,Other,Latvia
STU16F312,2001-06-18,F,Germany
STU127E6F,1998-04-09,Other,Norway
STU3223ED,2003-02-20,M,France
STUC2C70C,1997-02-03,F,Norway
STU724F9E,2005-05-13,F,Italy
STUE9F52C,2002-04-06,Other,Italy
STU0EC1AC,1996-12-21,F,Poland
STUEB8347,2000-07-03,F,Spain
STU92CA4E,1996-03-09,M,Germany
STUEE4F52,1996-12-19,F,Estonia
STUFF26E3,1997-05-16,Other,India
STUDB865F,2001-02-15,F,Lithuania
STUF2C9F5,1998-06-21,Other,Spain
STU179AF4,1995-01-25,F,Sweden
STU0E1E5C,2003-05-04,F,Germany
STU9128F8,2002-04-09,M,Sweden
STU9DE2C7,2004-08-26,F,France
STUF3BB17,1996-04-25,M,Sweden
STU7D4A17,1998-12-23,M,USA
STU5C67F8,1996-06-02,Other,USA
STUCE501F,2004-03-05,Other,Latvia
STU9DB07B,1998-01-19,M,Germany
STU779CC2,1996-04-07,F,Lithuania
STUDE9D32,1999-11-11,Other,Lithuania
STU1C7E23,1998-11-17,F,Lithuania
STUDCC0C5,2002-03-20,F,Spain
STU12486B,1995-07-05,Other,Norway
STU501EEE,1998-05-11,M,Germany
STUAC8FED,2004-06-27,M,Estonia
STU8926C2,2002-11-22,M,Latvia
STU17E779,2000-06-18,F,Norway
STU72C05B,2004-12-08,M,Sweden
STUA77561,1995-11-05,F,Latvia
STUEE0B23,2001-04-24,Other,France
STU6D925B,2003-08-27,F,China
STU6DB970,2000-12-13,Other,Poland
STU30E829,1997-09-27,M,Sweden
STUA7770E,2004-06-11,M,Poland
STU48FF1D,1996-01-23,Other,China
STU244C70,2000-04-03,F,Poland
STU8007A6,2000-07-26,F,Norway
STUB2B2F6,2003-11-11,Other,Norway
STUA6648F,1996-04-09,M,Poland
STU94D75F,1997-10-05,Other,Latvia
STU4B53C2,2005-09-03,M,France
STUE103CC,1997-04-18,Other,USA
STUDDACB2,2000-11-06,F,Norway
STU002A74,2004-07-11,Other,Italy
STUA735C4,1999-06-02,Other,Italy
STU0D1C25,2000-05-18,Other,Italy
STUF689E8,2004-09-28,Other,China
STU84E0AB,1995-07-19,M,France
STUB9F190,1998-10-26,Other,Norway
STU123B72,2003-09-18,Other,Estonia
STU13D473,2004-05-20,Other,Latvia
STU40C3D2,1999-05-28,M,Sweden
STU6C91EA,1995-03-26,F,Estonia
STU9404D3,1995-10-21,F,Estonia
STU85A4D2,1999-01-12,Other,USA
STUEF4EA8,1997-02-19,Other,Estonia
STU141741,2004-01-06,M,China
STU4F4FEC,2002-08-16,M,Lithuania
STU6F90F0,2003-09-03,F,Spain
STU1A4DE4,1995-03-19,M,Spain
STUD084AE,1998-07-26,F,Norway
STU13BF35,1995-06-05,Other,Norway
STU071808,2004-03-12,M,Latvia
STUCDD5C3,1999-02-23,M,India
STU87CF74,2002-10-21,M,China
STU206312,1998-03-12,M,Spain
STU3DD078,1997-12-12,Other,China
STU0FB4EC,2003-09-26,F,China
STU2DE1B4,2005-12-01,F,China
STUA1A120,1996-07-06,F,France
STUFE7026,1997-03-04,M,USA
STUF15DBF,1996-02-24,F,France
STUF1FCA5,2005-05-10,Other,Latvia
STU61CC02,2000-01-05,Other,France
STUCB4F90,2001-12-03,M,USA
STU3BE107,1996-07-27,Other,Poland
STU31CBC8,1995-08-04,M,Norway
STU6A5311,2002-11-19,Other,Norway
STU827EF0,1998-01-20,Other,USA
STU1E5D4E,2000-02-23,F,USA
STUCFD763,2001-01-15,M,Norway
STU6D9955,1997-01-10,M,Spain
STU5EA6D2,2005-03-22,F,Lithuania
STU4BBFAD,1999-05-01,M,Germany
STU9FF8C9,1996-08-18,F,Sweden
STU7DEE84,2005-04-21,F,Spain
STU7BD448,2001-02-09,F,Italy
STU20420E,1995-02-06,Other,Lithuania
STU8C2310,1999-04-03,M,Latvia
STU03F143,2001-09-28,F,Sweden
STUE2E638,2002-08-12,F,France
STU07BC10,2001-10-26,Other,China
STU1D6A15,2005-04-13,M,Spain
STUC1D01D,1997-01-19,F,Latvia
STU8E41D6,1996-07-17,F,Spain
STUD4B1D2,1996-10-19,Other,Estonia
STU0A71F2,1995-12-17,F,Lithuania
STUB8B2D4,1996-05-13,M,Latvia
STU434F59,2002-01-26,Other,India
STU4B0570,1997-08-23,M,Estonia
STUC87656,1997-05-26,F,Norway
STU2B4581,2003-04-03,F,India
STU4B05C7,2001-05-06,F,China
STU5DA31C,1995-09-26,Other,India
STUCADFB6,1997-04-05,F,USA
STU865D10,1998-10-14,Other,Sweden
STUBA21C8,2005-12-10,Other,USA
STU548970,2002-11-27,F,Spain
STU52692B,1997-04-16,M,France
STU62E432,2004-12-23,M,Estonia
STUEB059B,1997-11-03,M,Spain
STUD7DF59,1997-05-01,F,Poland
STU7DF19D,2003-07-22,Other,USA
STU846CAF,1999-07-01,F,Sweden
STU749907,2004-03-15,F,Italy
STUADD7CA,1995-06-24,Other,Sweden
STU51B6A7,2004-06-22,Other,Germany
STU4D0EF8,2001-02-28,F,India
STU04069A,2004-02-07,F,Spain
STUBE6FA6,2005-09-22,M,Germany
STU4359AF,2000-09-02,M,Italy
STU0A7E1A,2001-03-03,Other,Norway
STU171AA8,1999-08-14,M,France
STU57B79A,1999-01-10,M,France
STU806607,1996-05-05,Other,USA
STUE7D2C3,2001-06-13,M,Sweden
STU9FA568,1996-07-02,F,Sweden
STU5D4C9E,1999-04-01,Other,Lithuania
STUD74C21,2002-03-10,F,Sweden
STUC78CFD,2001-12-01,F,China
STUA04DEA,1998-02-27,M,Estonia
STU608D72,2002-09-07,F,France
STU9F0059,2002-07-13,Other,Estonia
STUDBF4C4,1998-08-16,Other,Norway
STU244263,1997-05-25,Other,Germany
STU178982,1999-03-16,Other,France
STUB6C30A,1996-03-28,Other,USA
STU9A783B,2002-11-14,M,Germany
STUF5CFD1,2003-03-14,M,Germany
STU79A657,1999-12-19,Other,Latvia
STUDC4172,2002-08-20,Other,Estonia
STUF2C171,1999-11-27,Other,Poland
STU8620A2,2004-05-23,M,Sweden
STU49F921,2003-02-06,F,Italy
STU5AFB91,2001-02-24,M,France
STUE0FBDF,1995-09-14,F,Spain
STUDDC1F1,1997-06-26,Other,Sweden
STU04DE1B,2003-05-17,M,Lithuania
STU8A4847,2001-03-09,F,Poland
STUE5AB88,2001-06-13,Other,Spain
STU211CE4,2005-12-26,Other,India
STUD8D97D,2001-06-03,M,Lithuania
STU40F964,2000-05-04,F,China
STU625153,1997-09-01,Other,Norway
STUE28463,2003-07-25,F,Norway
STUDBA217,2002-01-04,F,Estonia
STUFBD3BD,2001-03-01,Other,Germany
STU0084D8,2005-04-07,F,Germany
STU03107D,2002-01-13,F,China
STU578A66,1998-11-18,M,Spain
STU8A62E3,2002-09-19,F,Sweden
STU9C66C7,1997-04-11,F,Spain
STU263E5C,2000-11-03,M,Estonia
STU611CE4,1995-05-12,Other,China
STU6DA758,2004-07-08,Other,Latvia
STU69110A,2000-10-12,M,France
STUEC2804,1995-06-28,M,Lithuania
STU94BF74,1999-06-26,M,India
STUF562C4,1995-12-13,Other,Sweden
STU6B935A,2001-01-12,Other,Latvia
STUEF58ED,1995-10-11,Other,Germany
STU9495B5,2005-05-07,Other,USA
STUC34DE0,2005-09-03,F,Latvia
STU973E36,2005-09-08,M,Germany
STUC864EE,2000-08-02,M,Poland
STU16FDA4,1996-07-18,Other,Sweden
STU6EAF4C,2001-11-27,M,Germany
STUBF7A6A,2003-10-22,Other,Germany
STU036D0A,2003-02-09,Other,Latvia
STU84826E,2004-07-12,F,USA
STUBF57C9,2004-11-28,M,India
STUE883E1,2002-09-04,F,France
STUA59A74,2005-09-23,M,Sweden
STU9AA836,1996-12-25,M,Italy
STUA4D50C,1998-09-08,M,Sweden
STU8EB3EB,2001-11-28,F,France
STUAABD15,2004-04-10,F,India
STUEA3B13,1999-04-02,M,France
STUB8AD73,2005-03-14,F,Latvia
STU60F6C3,1999-06-26,F,Sweden
STUDC0A82,1996-02-25,F,Italy
STU3EB342,2001-09-21,M,Sweden
STU0BE07C,1995-10-13,F,USA
STUA64AE4,1995-06-15,Other,Norway
STUB37FED,2001-07-01,Other,Poland
STUCCFA32,2002-09-06,Other,Estonia
STU35EED7,2001-02-28,F,India
STUC8EE24,2005-08-08,M,Norway
STU14933F,1999-09-24,M,Germany
STU51C1C4,2002-10-16,Other,India
STU4328BB,1997-08-07,M,Poland
STUD3DB5D,2004-10-14,Other,China
STUEE641B,2004-05-13,F,China
STUF84A7B,1997-02-16,F,Italy
STUB8D0A6,2005-07-11,Other,Estonia
STU38B655,2003-09-09,M,China
STUC2E931,2003-07-18,F,France
STU983BF7,1998-12-18,M,USA
STU1057CD,2001-09-09,M,France
STU14DAF7,2000-08-19,F,Italy
STU668740,2002-04-18,M,Italy
STU6E4D0A,2005-07-23,F,Estonia
STU97AAB4,2004-08-21,M,Latvia
STUF77168,1996-06-14,M,Spain
STU01FD10,2005-01-05,Other,Spain
STUBFBB2B,1997-08-28,F,Spain
STU17E297,2004-02-13,Other,USA
STUB17D48,2004-05-25,Other,Norway
STU2094A7,1998-10-15,F,Latvia
STU1F501E,2002-11-23,F,Italy
STU8945E6,2004-07-10,F,Poland
STU89C486,2003-02-22,F,Italy
STUD451A1,1998-05-02,Other,Sweden
STU7E4FE2,1996-11-19,Other,Estonia
STU3E97C0,2002-11-27,F,Poland
STU6C8F59,1996-08-11,F,Spain
STU32233E,1999-05-02,F,Lithuania
STUEB64B7,1997-02-02,Other,Poland
STU786E8E,2001-03-14,Other,Sweden
STU5BE5B4,2004-07-16,M,China
STU0BDC4B,2002-09-23,M,Spain
STUE5E120,1997-03-13,M,Norway
STU598B83,1998-02-19,F,China
STU1D386F,2003-03-10,M,Sweden
STU43BCDF,2004-09-03,M,Lithuania
STU9372BA,1995-07-16,Other,India
STU3B71A8,2004-08-06,F,Norway
STU7D6F3A,1996-06-14,Other,Poland
STUF29673,2005-05-24,Other,Norway
STU94DB49,1995-02-06,Other,Latvia
STU1CD5A2,1998-11-25,Other,India
STUCC3160,1999-11-12,F,Poland
STU7EABD7,2001-05-13,M,Norway
STUF79508,2005-02-12,M,Lithuania
STUC6A56C,2001-11-23,Other,Sweden
STUAFB40D,2000-03-18,F,Spain
STU27D7E8,1995-01-09,F,Italy
STU8198D4,2002-12-21,Other,Sweden
STU9A8AFC,2003-06-20,M,Germany
STUA581D2,1997-03-28,Other,Lithuania
STU52AB62,1995-07-26,F,India
STU2441D2,2005-10-16,Other,Norway
STU4A3CD9,1999-11-04,F,France
STUBAAA7B,1997-11-02,M,Latvia
STU821AC5,2005-01-07,F,Germany
STU0305C4,1995-12-13,Other,Latvia
STU6062D7,2002-03-03,F,Lithuania
STU0A9DA5,1999-12-14,F,Latvia
STU4100A4,2002-11-26,M,USA
STU79E276,2005-09-04,F,Estonia
STU84BAEE,2001-03-04,M,Sweden
STUCDF41E,2002-02-05,M,Lithuania
STU495329,1999-07-23,F,Latvia
STU2E013C,1998-07-26,F,Estonia
STU4E4337,2004-09-01,Other,India
STUBD0344,2005-11-24,M,Sweden
STU4B1150,2005-07-12,Other,USA
STU012166,1996-04-14,F,India
STU1E4602,1997-03-25,M,Lithuania
STUC5D2DE,2003-07-28,M,USA
STU287B5C,1995-03-04,M,Lithuania
STU3C441E,2000-01-28,Other,Sweden
STU58BBC0,1998-10-19,F,Norway
STU6BA30A,2003-04-10,Other,Latvia
STUE3D0F3,1996-12-09,F,Lithuania
STUE60A69,2005-09-05,F,India
STU2BACED,2002-05-01,Other,Norway
STUD15239,2004-12-28,F,Spain
STUF79A97,1999-05-10,M,USA
STU965C2D,2002-06-13,F,Sweden
STU88C51F,1996-10-13,M,Poland
STUED29B0,1998-03-08,Other,Germany
STU755096,2004-06-01,M,USA
STUB5FB84,2004-08-26,F,Poland
STU06E9DF,1995-04-05,M,Sweden
STU5B354D,2000-09-23,M,Latvia
STU660B1F,2002-03-13,Other,Norway
STUAE5337,2005-01-28,Other,Italy
STU113AA7,2005-02-24,M,Estonia
STU6E0AEF,1998-09-18,M,USA
STU6B74D4,1995-10-01,F,Italy
STU2BD7E7,2005-09-03,F,USA
STU8C8859,2002-03-20,M,Estonia
STUFA6258,1998-01-09,M,China
STU9DE9BF,1995-02-18,F,Estonia
STU6C68BB,1995-06-06,F,Spain
STUC053C3,1996-02-25,Other,Norway
STU3E4525,2001-06-28,F,Norway
STU443DB3,1997-03-09,M,Germany
STU2A7BE4,2003-07-11,Other,Lithuania
STU0DAFD5,1998-09-10,M,Lithuania
STU5F2765,1996-11-19,F,China
STU974E79,2004-10-21,Other,Germany
STU247B26,1997-03-09,Other,Germany
STU111D8E,1999-05-26,F,Lithuania
STU58A30F,2001-07-03,F,Estonia
STU0B9A91,2005-03-23,M,Germany
STU3C30CE,1995-10-16,F,India
STUDCE400,2005-05-27,Other,Sweden
STU6DEA54,1996-09-07,Other,Latvia
STU41DA31,1997-06-26,F,India
STU6A13C8,2004-02-10,M,Germany
STU2E9673,1996-02-23,F,Germany
STU4564E6,1999-06-13,Other,Lithuania
STU280A94,2000-02-17,M,Lithuania
STU7FA84B,2003-11-02,Other,Sweden
STU03EB68,1996-08-17,M,Latvia
STU863E79,2002-02-07,F,Spain
STU115603,2003-12-10,F,Spain
STU8B0AFA,1997-05-05,M,India
STU3724A2,2000-08-02,Other,Spain
STU4E967F,2001-06-19,F,Estonia
STU34E30E,1997-06-16,M,Norway
STU001E1D,1997-08-27,Other,India
STU5B1191,2004-03-20,M,India
STU2A388F,1999-12-14,Other,Estonia
STUF61C1A,2004-09-25,M,Poland
STUBC1EB7,2002-03-03,Other,Spain
STUC95DA8,2002-01-06,Other,Sweden
STU20DA9E,1996-07-16,M,Sweden
STUB8B169,2002-03-27,F,Lithuania
STUE8C9E6,1997-03-24,F,Poland
STUD279BA,1995-03-14,M,Poland
STU34FA8E,1995-09-07,M,Latvia
STUD434D7,1998-03-01,Other,Poland
STU5D9ECB,1999-12-08,Other,Poland
STU16F979,2004-04-18,F,Poland
STU2DBB23,2000-04-03,Other,Poland
STU0DE77A,2003-10-06,M,Lithuania
STU98DE22,2002-04-03,M,Estonia
STUDA5E5A,2002-03-19,Other,Latvia
STUAAE7BD,2002-03-17,F,Norway
STUC65F0B,1996-04-24,M,France
STUD53A73,1997-04-17,F,USA
STUB70991,2001-09-01,Other,Estonia
STUC2EE09,1995-01-24,F,USA
STU7A27DB,2002-10-14,F,Germany
STUA9974C,2002-08-24,M,Estonia
STU0B4F11,2002-09-26,F,Germany
STUF6D69D,2000-04-27,Other,Estonia
STU8FAA5F,1996-04-17,F,France
STU1A5A2C,1996-04-04,Other,Norway
STUB523AD,2005-11-09,F,Latvia
STU659300,2005-11-11,Other,Poland
STU4B5B59,2004-06-09,F,Germany
STU7861FC,2005-04-07,F,France
STU940634,1995-03-12,Other,Latvia
STU17D824,2005-09-12,F,Poland
STU643B03,1995-09-17,Other,Germany
STUE9657E,2005-02-15,M,Lithuania
STUF17023,2003-11-15,F,Latvia
STU6AEC04,2000-04-03,F,Estonia
STU948B03,2005-12-20,F,France
STU84D877,2005-07-23,M,Latvia
STU52135A,2002-11-05,F,France
STU1FA950,2002-08-16,F,Spain
STUDF9EB4,2003-09-04,Other,Norway
STU04554B,2001-09-08,F,Spain
STUCAEDEF,1997-05-16,Other,Poland
STU762C6C,1996-01-28,Other,Poland
STU6A40E6,2001-03-04,Other,Latvia
STU9D9128,2004-08-09,F,Sweden
STU26B1E3,2004-04-03,F,Latvia
STUCFDE8B,1996-12-12,Other,USA
STU93033F,1996-07-10,Other,Poland
STU160264,2004-01-16,M,USA
STU0C22F5,1999-05-11,M,Estonia
STUB1F814,2001-05-27,Other,Germany
STU125F9F,1998-12-01,F,India
STUDDE8F7,2001-02-28,Other,Lithuania
STUF4B976,1996-08-21,F,China
STU47C66F,2003-05-06,F,Germany
STU5198E6,1999-07-27,F,Poland
STU7B35E8,2004-04-02,F,India
STUEC1E1C,2005-05-27,F,Spain
STU7861F4,2004-01-25,Other,Norway
STU4AA2A6,2000-04-11,Other,USA
STU8E11F8,2004-09-07,M,India
STU8AF36E,1999-04-11,Other,Estonia
STUD4130B,2000-02-08,M,Spain
STU414965,1996-12-14,Other,Estonia
STUB5E6C1,2000-05-07,M,Spain
STU64E66D,1997-05-14,Other,Spain
STU97F546,2000-06-04,F,Estonia
STU4209BE,2002-09-17,M,USA
STUE8CF1A,2002-08-16,M,China
STUFB89DA,1995-05-08,Other,Norway
STU249CD4,1996-09-17,Other,USA
STUC67821,1999-03-15,M,India
STU5E5684,2001-12-20,F,Italy
STUA5920B,2001-05-12,F,India
STU970435,1998-10-28,M,Latvia
STUCD3A45,1999-01-28,M,France
STUD97CB8,2002-07-20,F,France
STU0F4572,2000-12-09,F,Lithuania
STU206B16,2001-07-17,Other,Estonia
STU445B83,1999-03-11,M,Germany
STU807F21,2003-04-13,Other,Spain
STU01D065,1995-11-18,M,Poland
STU336EE7,1996-11-22,Other,Norway
STUEE4938,1997-02-21,M,Estonia
STUC4A1F9,2003-12-07,Other,Lithuania
STUA42816,1997-01-23,M,China
STU6734BF,2000-07-21,Other,Italy
STUA49CA8,2002-03-22,M,Latvia
STUC89B20,2001-11-04,F,India
STU290599,1995-02-18,F,Poland
STU57DAC6,2004-02-28,M,China
STU9DAD35,2001-11-09,M,India
STUDA11AF,2001-10-11,Other,Lithuania
STU7858A1,2000-12-03,Other,France
STU58F175,1995-05-21,F,Norway
STUE93BA3,1998-06-02,M,China
STU1B1677,1996-09-26,Other,France
STU4BB329,2004-08-27,F,Poland
STU9FE15A,2001-04-06,M,Latvia
STU25F09C,2000-06-14,M,Spain
STUF305AD,2001-07-27,Other,Lithuania
STU34329C,1997-04-11,M,India
STUA7F9F5,1996-08-21,Other,USA
STU0E5E8F,1997-02-04,Other,Germany
STU11F840,2003-10-03,M,Lithuania
STU42AE19,2000-02-01,M,Norway
STUA5B0C0,1996-10-01,F,USA
STU7BCF53,2003-02-09,F,USA
STUBC0427,2004-07-22,M,India
STU8F67E3,2000-07-05,M,Spain
STU6ADFB3,1995-10-09,F,Estonia
STUA4FF9B,2002-07-17,Other,Italy
STU84C123,1999-04-09,Other,Sweden
STUAB64BF,1999-06-17,M,Estonia
STU5978C3,2000-05-13,M,Norway
STUB2B534,1998-04-08,M,Lithuania
STU1D92EF,1998-12-01,F,Norway
STUB934F4,1996-07-22,F,China
STUF12034,1997-04-10,Other,Germany
STUF77EE9,2000-04-24,Other,Lithuania
STU05D950,1996-03-21,Other,China
STU913757,2005-02-19,F,Lithuania
STU1F8D87,1995-02-03,M,Estonia
STU3A6DA0,2000-03-02,F,USA
STU4A84DA,2003-02-18,F,India
STU18C893,2005-05-04,F,Sweden
STU322BAF,2000-07-27,F,USA
STU888377,1998-08-02,F,Lithuania
STU3DD4E7,2005-05-25,Other,Spain
STU1CEEB8,2005-11-16,M,China
STUD3A565,2002-12-12,M,France
STU7F46A2,1998-06-08,F,Italy
STU772450,1999-07-24,M,Germany
STU8791A5,1997-11-18,Other,France
STU0A1CAD,2002-07-13,M,Lithuania
STU9BE4EF,2004-08-10,Other,Lithuania
STUC01D67,2004-02-21,M,Sweden
STU092DEE,1996-10-08,F,Latvia
STU16056F,1996-06-04,F,Poland
STUAAF8BA,2003-06-20,F,Lithuania
STU9D7460,1995-05-17,Other,China
STU92D483,2001-06-14,M,Latvia
STU20B324,1999-07-19,F,France
STU02D980,2005-05-20,F,Sweden
STU0EDC08,2004-08-15,F,Italy
STU69B513,2001-02-06,M,France
STUE6D5A6,1995-01-03,Other,Italy
STUF13FB8,1997-03-20,M,France
STUA38D68,1995-11-03,F,Lithuania
STUBD7737,2002-07-06,Other,India
STU951190,1999-03-01,M,Germany
STUC11CCE,1996-08-05,M,Lithuania
STUEB912F,2004-05-08,F,Germany
STU925518,1997-01-17,M,France
STUB88F0A,1996-11-20,Other,USA
STU01C261,2000-08-15,Other,Latvia
STU4C57BC,2002-04-10,M,USA
STU1FEDDE,1998-08-05,M,Lithuania
STU4A9FA0,2002-04-11,F,Poland
STU504A8F,2005-04-13,Other,Poland
STU9EEE9F,2003-08-15,F,Estonia
STUF88A6F,2002-09-28,Other,Italy
STUDB574B,1998-12-28,Other,Italy
STUD78412,1997-06-18,F,Spain
STU798344,2000-06-21,Other,Estonia
STU8EB779,2004-06-04,F,France
STU96D2CF,1996-05-08,F,Lithuania
STU58064A,1999-04-18,F,Germany
STU1B24AC,1999-04-01,Other,Latvia
STUDA0EB8,1999-09-25,F,India
STU084DAF,1995-07-28,F,USA
STUC5BA4B,1996-05-10,Other,Germany
STUE47CE5,2000-12-26,Other,Lithuania
STUE5FEF3,2004-11-13,Other,Spain
STU2C5C7F,1998-08-11,Other,Norway
STU52F148,2004-11-02,M,Italy
STUDF184C,2000-01-17,Other,Lithuania
STU8953D0,2001-04-19,F,Latvia
STUB00B81,1999-06-09,F,Lithuania
STU7BADB0,2005-06-23,Other,USA
STUE1FD91,1997-10-13,F,Spain
STU5A70DB,2002-01-28,F,Norway
STUCB98D3,2001-12-17,M,Estonia
STUDF5427,2003-06-28,F,Latvia
STUA12704,1998-06-02,F,Poland
STUCE6EBA,2003-04-09,F,Lithuania
STUFDFDBB,1997-08-12,F,France
STU9B4686,2005-08-22,M,Poland
STU292303,1999-03-19,F,Lithuania
STU5BA105,1998-11-07,F,Estonia
STU72E405,1998-07-18,M,France
STU921762,1995-03-04,M,Lithuania
STU37BBD7,1999-06-10,Other,Latvia
STU1F7012,1995-11-21,Other,France
STU2D5329,2001-01-13,F,Spain
STU02BA27,1999-11-19,M,Lithuania
STU257727,2004-07-14,F,Spain
STUF9DF8D,1999-10-04,F,Sweden
STUD49427,1995-06-24,F,Norway
STUF91E46,2002-04-28,Other,Estonia
STUC3572B,1995-05-12,F,USA
STU6E5797,1999-04-14,M,China
STU833E09,1998-04-03,Other,USA
STUBABC4C,1998-02-23,M,USA
STU309513,1996-12-02,Other,Poland
STU16873A,1996-11-02,M,Latvia
STU1A3AB4,2002-08-07,Other,Latvia
STU9BBD8F,1995-01-15,Other,Norway
STUC83378,2003-10-26,Other,Poland
STU6F08B9,2004-12-13,Other,China
STUA2CADE,2002-01-23,F,Sweden
STU1FE16C,2001-09-22,Other,France
STU1F091D,1998-04-03,F,Italy
STUEC7D12,1995-10-18,M,Spain
STUC2274E,2003-02-22,M,Norway
STU4709CD,1997-05-20,Other,Lithuania
STUB0F6B3,1996-05-02,F,France
STUFB83A9,1998-10-08,F,Sweden
STU81BC01,2004-09-20,Other,France
STUB4CFCF,2002-11-08,Other,France
STU90E144,1998-10-11,M,Norway
STUFAB393,1997-06-24,Other,Lithuania
STU1087D1,1996-06-25,M,USA
STU3E27C9,2000-09-10,Other,Sweden
STU8B0CF0,1997-01-02,M,Germany
STUE67950,1998-01-06,M,Poland
STU1C9B8D,2004-03-13,Other,Latvia
STUA718E6,2001-01-28,M,Norway
STU3AAABF,1998-09-12,F,India
STU60C78B,2000-06-12,M,Italy
STU26656B,1996-11-18,M,India
STU58FB91,2002-11-13,M,France
STU5A22AD,1997-07-26,F,Germany
STU83171A,1999-05-08,F,Norway
STU8E16BD,2002-12-01,F,USA
STU92BD6B,1996-02-01,Other,Lithuania
STUB4D748,1995-11-06,Other,Sweden
STU7445DE,1999-10-04,M,Italy
STUCE08D1,2005-10-16,F,Latvia
STU85B8A6,2004-06-13,F,Germany
STU64602A,2000-03-16,F,India
STUED9278,1998-02-15,F,China
STUA95185,2004-02-01,F,China
STUD798A0,1998-08-06,F,Sweden
STU227290,2000-07-08,M,Norway
STU7029B6,1998-05-07,F,Latvia
STU039A23,2003-10-03,Other,Lithuania
STU400D44,1995-01-01,M,France
STU75ACAD,1997-01-26,M,China
STU066C74,1997-08-15,F,China
STU08C3A7,1995-07-13,M,Italy
STU70214C,2005-10-12,F,Latvia
STU474D78,2002-05-10,M,Poland
STUEAA279,1997-12-17,F,Latvia
STU93A842,1999-03-03,F,India
STU18301E,1997-08-09,Other,Germany
STUE3B75F,1996-12-20,F,Lithuania
STU0D1C51,2005-12-10,F,Latvia
STUE29845,2004-11-03,M,Sweden
STUEA86C3,2002-02-14,M,USA
STU8F6987,2001-09-10,Other,USA
STUD071F4,2003-11-24,Other,Estonia
STU4E9DB3,2005-02-21,M,Sweden
STUD2F108,1998-12-17,Other,China
STUE56917,1997-08-20,F,Poland
STU81743E,1999-06-21,F,Lithuania
STU2A1A3B,2004-08-08,M,Spain
STU674E8C,1995-10-17,F,Lithuania
STUB8921A,1998-09-06,Other,France
STU5345F9,1997-10-18,F,India
STU93C09B,1997-08-02,F,Estonia
STU8E5054,2002-11-22,M,France
STU499E9F,1999-05-27,F,Spain
STU71E2E8,2005-05-13,F,Norway
STU1D19D5,1999-10-14,F,Estonia
STUBF78AF,1996-04-04,M,Lithuania
STUE83F78,1996-06-05,M,India
STU4A8870,1996-11-17,M,Italy
STU59C1DC,2004-06-18,Other,Poland
STUEC83A7,1997-04-14,Other,Latvia
STU063433,2003-07-13,M,Latvia
STU5192E4,2005-09-06,M,Germany
STU72E529,1998-06-04,M,Spain
STU5E035F,2005-10-11,Other,Germany
STU75BAAD,1997-06-24,F,Estonia
STUAD43DF,2005-05-12,F,Lithuania
STU7D76F4,1998-02-16,F,Latvia
STU959CA0,2005-02-02,M,China
STUC6FA21,2005-04-27,M,France
STU63A9FF,2002-01-28,F,Spain
STU52793E,1995-09-04,F,Poland
STUA77C8E,1999-03-08,F,Italy
STU223F91,2002-05-23,F,USA
STUA28510,1999-06-28,Other,Poland
STUDBBCA5,2002-04-25,Other,Spain
STU9DE99C,1995-02-14,F,India
STU04B783,1999-09-15,F,Italy
STUF4FF25,2002-09-03,F,India
STU814DF4,2004-02-14,F,China
STUF75196,2000-06-21,Other,Poland
STU828D6E,2002-03-26,Other,Sweden
STUB9BD76,1999-03-03,M,Sweden
STU41F9A8,1995-02-16,M,France
STUC42444,2002-03-06,Other,Germany
STUF311CF,2004-12-26,F,Italy
STU2E5F8F,1998-02-19,F,India
STU4751BD,2000-02-13,F,China
STUCFDDB5,1999-02-18,Other,Lithuania
STU10BF76,2000-05-28,M,Lithuania
STU79DBF0,2003-06-24,M,Latvia
STU014CE1,1995-11-22,Other,France
STU019356,1997-01-25,F,China
STUA601ED,2004-07-23,M,India
STU5C57F6,2004-10-02,Other,Estonia
STUFD571B,2002-10-18,Other,Sweden
STUCA9D90,2000-12-19,Other,Poland
STU381355,1998-02-04,Other,Norway
STU295D04,1995-11-17,F,Latvia
STU2BDA58,1996-06-15,F,India
STUCF6B6F,2004-11-04,F,Norway
STU37AD7F,1996-07-11,F,Norway
STU5BDCEF,1995-11-19,Other,Sweden
STUB14D73,2001-08-26,Other,Latvia
STU936A9D,2000-02-24,F,Latvia
STU590D54,1997-01-07,Other,Italy
STUA23F99,1997-11-17,F,Norway
STUF356C4,2004-05-26,M,Poland
STU2D2615,2000-05-23,M,USA
STU91F518,2000-01-13,Other,China
STU560BCF,2004-09-11,M,Poland
STU6A8277,2003-09-21,M,Poland
STUA7B7E9,2001-11-26,F,Latvia
STU8CF0AE,2002-04-09,Other,Lithuania
STU501630,2003-06-04,Other,France
STUC58302,2004-07-28,F,Norway
STUEDFB13,2000-08-22,M,India
STUC553F5,2001-10-11,F,Lithuania
STUC8D2F3,1997-04-04,M,China
STUC0A806,1999-03-22,F,Latvia
STU44EE44,1998-10-21,Other,Sweden
STUB656AF,2004-10-12,F,Poland
STU212A28,1998-11-21,Other,Italy
STU6EC8A3,2002-01-02,M,Sweden
STU9F2665,2003-05-12,M,USA
STUD75DEB,1997-03-24,F,USA
STU93C1B5,1995-03-08,Other,China
STUCA7C4C,2002-09-20,Other,Spain
STU494FF3,1995-04-18,M,France
STU32435E,2002-07-27,M,France
STUF92123,1995-10-13,Other,Germany
STUB0D202,2001-03-19,M,Germany
STU15E8C3,2000-10-26,Other,Italy
STU77856B,1998-08-14,M,Poland
STUD17FE0,1995-12-19,Other,Italy
STU80D30B,1998-03-23,F,Germany
STUC9FEEE,2002-03-26,M,Sweden
STU4EBEAE,2001-08-12,F,Estonia
STU8981AE,2005-01-12,Other,Norway
STU89CEFD,1998-01-08,F,Italy
STU530615,2005-04-16,F,Italy
STUF16808,1995-09-25,Other,Latvia
STUBD5331,1998-01-23,F,Latvia
STU4FBA12,1997-10-09,Other,Poland
STU752DDA,2002-01-09,Other,India
STUD5CD62,2001-08-05,Other,France
STUB7186D,1997-08-24,Other,China
STUC289C0,1996-10-03,F,Spain
STU7322CC,2002-12-20,Other,China
STUA671D0,1995-01-09,F,Germany
STU571490,1995-03-23,Other,Latvia
STU587853,2003-09-23,M,Spain
STUA5A151,2004-08-19,F,Lithuania
STUEDEBFA,2003-08-16,M,Poland
STU2A9E36,2000-11-06,Other,France
STU4ED8D6,2005-03-09,F,Spain
STUA38E21,1996-01-05,Other,Estonia
STU5955F2,1998-03-04,M,Spain
STU95A502,2001-08-21,F,Lithuania
STU348829,1995-10-06,Other,Italy
STUF0A062,2005-12-09,M,Norway
STUA74315,1995-10-17,M,Poland
STUDB5FE0,2003-02-18,M,Spain
STUF0DF37,1999-04-01,F,Poland
STU9B0B3C,1999-09-26,Other,USA
STU1B2FCC,1998-01-11,Other,France
STU78F195,2000-01-26,Other,Germany
STUF5C016,2002-11-12,Other,Estonia
STU6605EF,2003-12-13,Other,Italy
STUFAB17F,2003-02-20,F,France
STU9DDF40,2003-09-22,Other,China
STUEFE630,1999-07-21,F,France
STUA4B003,2003-03-06,M,Germany
STUEC774F,2003-07-09,M,Italy
STU722AD3,1995-05-14,F,Norway
STU5CBF3F,1996-12-27,Other,India
STU01D126,2002-05-05,F,Italy
STUDBB5F6,2003-09-26,F,Lithuania
STUBF7F81,2001-07-26,M,Germany
STUBBA148,1999-06-01,M,Poland
STUC3D02A,2001-11-02,M,Germany
STU59984B,2005-05-23,M,Latvia
STU783AA2,1996-02-23,F,Lithuania
STUF1A118,2002-07-06,Other,Poland
STU590F96,1995-10-27,F,Estonia
STU6023B6,2005-12-06,F,India
STU8825C8,1997-02-13,Other,France
STU801BF2,2002-03-24,M,Germany
STUAD3F12,1995-07-07,M,China
STUB9B520,1999-02-26,M,Estonia
STUC8DEEA,1997-05-09,M,Germany
STU29A869,2004-06-24,F,Lithuania
STU24534E,2005-06-26,F,Latvia
STU93A3C7,2001-05-05,Other,China
STUF23C1F,2001-12-04,Other,Norway
STUBF1EA6,1997-05-26,F,China
STU1359F0,1997-08-22,M,Poland
STU0A31CD,2003-09-19,F,Lithuania
STU87C809,2001-01-10,F,Sweden
STUC4226A,1997-01-07,F,France
STU8EFCBA,1999-12-12,F,Poland
STU469A78,2004-10-03,Other,Sweden
STU4B8661,2005-08-07,F,India
STUD13A2A,1997-11-03,F,Germany
STUB6012A,1996-02-09,M,Norway
STU4BDCCB,2005-09-25,M,Spain
STU7EB880,2001-11-13,F,Estonia
STU2062D3,1997-10-01,F,Lithuania
STUA06EAB,1998-09-26,M,Estonia
STUE0D7A1,1999-03-15,M,India
STU476E15,1998-12-09,M,France
STU9EB464,2002-01-14,Other,France
STUEED9CA,2005-11-19,M,Germany
STU2AB608,1997-06-23,F,China
STU71D7D0,1996-07-24,F,Lithuania
STU836D15,1995-05-28,Other,India
STU700170,2004-06-27,M,France
STUC363BD,1996-05-08,Other,France
STU36E469,2000-07-10,F,Sweden
STU29CC0B,1998-10-16,M,Latvia
STUE18555,1995-02-05,Other,Lithuania
STUEC7204,2001-04-08,F,Norway
STU62F1B3,2000-11-19,Other,India
STU033973,2002-10-09,Other,Norway
STU37BFA0,2000-07-15,F,Sweden
STU47412E,1999-07-22,F,Norway
STUFB4A28,2001-07-15,F,Estonia
STU64A40C,1996-04-10,Other,Latvia
STU3900D0,1996-07-19,Other,France
STU78057B,1995-04-06,F,China
STU290304,1997-03-04,F,India
STUF59A40,1999-12-12,M,India
STU039FE9,1997-11-10,Other,France
STU6AA53E,2005-03-04,F,Sweden
STU216606,1996-01-01,F,Estonia
STU17EEC0,2003-04-11,Other,Lithuania
STUC107C4,1995-06-27,Other,Poland
STUF8711B,2004-09-07,F,Italy
STU0AAD0B,1996-05-13,Other,Lithuania
STU5F5766,2000-10-22,M,Latvia
STU68139D,1998-08-14,F,Spain
STUCCB1FE,2004-08-19,M,Lithuania
STUA9FAE8,2000-08-18,M,China
STU410BD3,1999-02-01,Other,Lithuania
STUEB163F,2002-06-02,Other,Italy
STUF5784F,1995-11-07,F,France
STU54BDDC,2000-02-07,F,France
STUC43D30,1995-03-24,Other,Estonia
STUEEE0E7,1999-03-24,M,India
STUF643D5,1995-11-22,Other,Italy
STU60E0F6,2004-06-01,M,China
STU4FE714,1996-03-26,Other,Poland
STU2D3B2A,2000-06-19,F,Estonia
STU003034,2004-12-12,Other,China
STU57A711,1997-05-03,Other,India
STU4C7B47,2002-02-14,F,Italy
STU95385D,2000-04-13,M,Poland
STU94DBE9,2003-02-04,Other,Norway
STU61D661,1995-04-05,Other,Lithuania
STU57A39A,2005-04-05,Other,Italy
STU2F0053,1998-09-07,F,Poland
STU9E60A2,1999-05-27,Other,India
STU0F22C2,2004-02-16,Other,Germany
STUCF14A3,1996-11-14,F,Poland
STUD5AE9C,1999-09-04,M,Poland
STUEFDB13,1999-07-18,F,Germany
STU3B26AB,2001-02-04,F,Spain
STU4FCDCF,2002-01-06,M,Italy
STUC374CE,1998-09-27,F,Italy
STUE2B01E,1995-04-12,F,USA
STUC5078B,2004-10-13,F,Spain
STU12F6B6,1996-04-22,M,Germany
STU606ACF,1996-04-26,M,India
STU108146,1997-05-07,F,India
STUB797B8,2005-07-13,Other,Sweden
STU4C903D,1997-10-04,M,India
STU657CFC,2001-03-03,F,Spain
STU4EA82A,2004-05-28,F,Lithuania
STUC1BC88,2001-01-03,F,Sweden
STU47896F,1996-12-05,M,Italy
STU41B0CC,2003-05-20,Other,France
STU50DE0C,1999-08-12,M,Estonia
STU44C874,1998-07-02,M,Norway
STUD73E01,1999-09-04,M,USA
STUF0895E,1998-06-08,M,India
STU30834F,1998-07-20,F,Poland
STU6AEC38,2002-06-04,Other,Lithuania
STU175F0F,2005-01-15,Other,Italy
STUE66CFC,2001-06-18,M,Italy
STU91D47A,2000-05-17,Other,Spain
STU9FFA33,2003-07-18,Other,China
STUE4984A,2001-02-05,M,USA
STUCA970E,2000-09-16,Other,Lithuania
STUF54E40,2000-01-16,M,Lithuania
STUECCEE9,2004-01-16,M,Estonia
STUB99CC5,1999-11-22,Other,Italy
STUB0D795,2001-04-13,F,Sweden
STU811658,2002-04-04,M,China
STUA0C1DC,2004-12-13,Other,Germany
STU6E0140,2003-07-08,M,Latvia
STU3C6506,2004-08-11,F,Norway
STU14ECC5,1995-02-22,M,Germany
STU8CDD7F,1996-05-07,Other,Italy
STU6D997F,2004-12-07,Other,Spain
STU7D701B,2004-05-06,F,Germany
STU6C99AC,2003-12-25,M,China
STU739646,2003-09-04,F,Sweden
STUFF9F6D,2000-12-20,F,Lithuania
STUD6D2C2,1999-01-06,Other,USA
STU81822F,2002-05-10,F,Norway
STUE282D4,1995-07-09,Other,Poland
STU88DBF4,1998-04-11,F,Latvia
STU34CD7A,1997-10-28,Other,China
STUFB64BC,1997-05-28,Other,France
STUFAB7A5,1997-04-11,M,Sweden
STU7C5804,2003-09-10,M,China
STU9DCC92,2004-04-19,M,USA
STUACA557,2004-07-01,F,India
STU89AECA,1997-07-07,Other,India
STU79B316,1997-04-20,M,Estonia
STU0099BF,1997-10-10,F,India
STUBB9257,2003-11-22,F,France
STUB17D95,2000-05-26,F,Sweden
STU0F9BFA,2005-12-26,M,Spain
STU627923,2005-02-21,Other,Latvia
STU1E6838,2001-09-27,F,Italy
STU78BC4B,2004-03-16,Other,Estonia
STU6DBC28,1999-09-04,Other,Germany
STU8316C4,2004-11-14,F,Italy
STU65C532,1999-09-27,M,Norway
STU9D4475,2002-02-19,Other,India
STU3C194C,2000-10-03,Other,Poland
STUF741CE,2004-12-19,F,Poland
STUF745B4,1998-07-10,F,USA
STU11027D,2002-08-06,Other,Poland
STUE7E03E,1996-09-17,F,France
STU08864B,1995-12-25,M,China
STUE59685,1999-08-25,Other,Lithuania
STUC8F396,2003-03-07,M,USA
STUF9A09B,2004-07-04,F,USA
STU1A7682,1997-06-17,Other,Germany
STU29A7D0,2005-11-17,F,India
STU6BBB15,1999-12-06,F,Poland
STU67E0CF,2005-09-28,M,France
STU343742,2000-06-20,M,Germany
STU4DDC5D,2003-10-19,F,Poland
STU56CEE6,1997-02-21,Other,Norway
STUB3AD16,1999-11-10,F,Italy
STU1A5228,2001-12-24,M,Sweden
STU9D0151,2000-02-28,Other,Spain
STU019767,2002-01-10,F,Lithuania
STUB79AF9,1997-04-28,F,China
STU82C442,1996-11-23,M,Italy
STUE105A4,1995-07-26,Other,Germany
STU48E563,1996-12-05,M,Spain
STUDBE29E,2000-09-04,M,China
STU84EBAF,2004-11-22,F,Estonia
STUAAE76C,2005-06-03,Other,China
STU5D44E3,2005-07-21,M,India
STUFF82EA,1999-06-05,F,Lithuania
STUA89D99,2000-06-17,Other,Norway
STU24CD8D,1997-04-27,F,Estonia
STUB88DB0,1996-10-22,Other,Latvia
STUD61EC9,2003-06-25,F,Germany
STUFBF673,1997-10-05,Other,Norway
STU3091D9,2002-01-06,F,USA
STU6F44A3,2004-09-10,F,Latvia
STUEFA612,2000-06-27,F,Germany
STU2B9EAB,1997-01-11,F,India
STU402BBF,2003-12-15,M,China
STU871877,2004-02-06,Other,Latvia
STU520B3D,2005-12-22,Other,Sweden
STU65D398,2002-04-08,Other,Italy
STU004600,2005-11-08,F,Lithuania
STU3D2EDE,2005-07-24,M,Germany
STUB1902D,1998-01-01,Other,Poland
STU0DC942,2002-02-20,Other,Italy
STU2C3A41,2000-08-26,F,Spain
STU3BAD9F,1997-10-12,Other,Poland
STU00641A,2001-07-05,M,Italy
STU659499,2001-11-28,F,France
STUA2A32B,2003-12-13,M,Norway
STUE75D91,1999-08-02,M,USA
STU28063A,1995-04-14,F,Spain
STU4AECF3,2003-07-22,Other,Lithuania
STUD7BC11,1997-07-21,Other,Norway
STUDDCC17,1996-11-15,F,Latvia
STU23FCEA,1999-01-11,M,China
STUE3755B,1996-09-21,Other,Sweden
STU42954F,2000-09-11,M,Germany
STU03E561,2003-09-21,F,Sweden
STU2F951F,1996-08-06,F,France
STUA8CA25,2001-01-01,M,France
STU15A187,1996-01-25,F,Latvia
STUF26799,2003-03-26,Other,Norway
STU58161A,1995-04-12,M,Norway
STU3356E0,1996-10-19,F,USA
STU80C709,2004-08-09,F,Lithuania
STUFBC54D,1995-10-16,M,Sweden
STU5F9971,1999-11-09,M,China
STU1A7A47,2002-11-03,Other,Germany
STUBEB270,2005-06-08,F,Sweden
STU94CF3E,1996-02-11,F,USA
STUA71752,2000-03-27,F,USA
STU659A87,1995-03-15,Other,China
STU13D5CC,2005-12-06,M,Poland
STUB53688,2000-09-03,M,Spain
STU22DA8B,1995-09-21,M,Estonia
STUFB023F,2000-04-04,M,China
STUDA1D4F,2001-11-20,F,USA
STU0F610B,2005-02-12,M,Germany
STU1A8367,1998-05-11,M,Latvia
STUE4E1E7,2004-07-01,Other,China
STU419645,2002-02-24,M,Norway
STU8DE28F,2001-07-26,F,Lithuania
STUE7F7A3,2005-09-02,F,China
STU1B065C,1995-07-02,F,India
STU24E596,1995-12-14,F,Lithuania
STUF0BBCA,2000-02-03,Other,Spain
STU34572F,1997-09-24,F,Lithuania
STUC44FA4,1996-11-10,Other,France
STUDCC4DE,1995-08-20,M,France
STU69A1DF,1998-09-19,M,Italy
STU3FC29A,1998-02-15,M,India
STU4A8793,1997-05-14,M,Italy
STUC04BB3,2005-06-06,M,France
STUA4BF63,2005-12-03,M,Spain
STU806E66,1999-02-10,Other,Poland
STUB42DE7,1997-07-24,Other,Estonia
STU1359BC,1997-07-12,Other,India
STUA6DEA6,1998-06-21,M,Norway
STU19F4AA,1998-09-07,Other,USA
STU112683,2004-07-26,Other,Latvia
STU6AEF16,2000-07-01,Other,Sweden
STU6554D1,2004-05-11,F,Latvia
STUFA2E77,2005-05-15,M,Estonia
STU1FBA47,1998-02-20,F,Norway
STUD4854C,2004-11-19,F,Italy
STUD8AB43,2004-02-06,Other,Spain
STU2F0BEE,2004-12-09,F,China
STU2BEEA0,2005-10-09,Other,Spain
STU9F9C50,1995-08-21,Other,Latvia
STUF99BAC,1999-06-15,Other,France
STU93F60A,1999-10-21,Other,Lithuania
STU4FAEA6,1997-04-02,F,Norway
STU5BE7D6,1996-05-21,F,Italy
STUFEC080,2005-01-21,Other,Germany
STUA9FB3F,2003-07-01,M,Poland
STUA4D4C6,2003-04-15,F,Estonia
STU9D0324,1996-01-17,M,China
STU815889,2003-12-20,Other,Poland
STUE2B2AD,2005-04-16,Other,Lithuania
STUE2FE77,1996-02-02,F,Norway
STUD84304,1995-09-21,Other,France
STU151852,1999-12-26,F,France
STUF55007,2000-04-25,Other,Germany
STUD0A936,2000-07-16,M,Poland
STUB5E173,1996-10-22,F,Poland
STU55ECA9,1996-01-19,F,Italy
STUE1B0AF,2005-11-26,M,Sweden
STUCEDF63,2000-09-21,M,Poland
STUD30882,2001-06-12,M,France
STUA698CA,2001-03-22,M,Lithuania
STU6FD129,1995-09-17,Other,India
STU783E08,2003-11-16,Other,Sweden
STUCE2AAB,1999-12-26,M,France
STU3F1E82,1998-08-15,M,Germany
STU90DC50,1997-09-12,F,Sweden
STU59AE15,2004-12-22,M,Poland
STU1DC4D6,1999-10-08,F,France
STU58CE0B,2003-09-03,Other,Lithuania
STU213523,2002-04-05,F,Sweden
STU46BA61,1996-10-22,Other,India
STU36743C,1995-04-15,F,Norway
STU90D32E,1998-02-04,M,China
STUED6C02,1997-06-23,M,China
STU2F3FF8,2002-11-11,Other,Spain
STU3B54D7,1998-06-18,F,Poland
STU259456,2000-11-03,Other,France
STUF61149,2004-05-02,Other,Lithuania
STU58879B,2002-05-27,F,Norway
STU362CE7,1997-04-19,F,China
STU006AD2,2004-09-18,M,Poland
STU733298,2003-09-05,M,China
STU83385D,1995-08-13,Other,Lithuania
STUD90327,2000-11-25,Other,Italy
STU338A04,2000-09-22,Other,USA
STU908063,2005-08-25,M,France
STU2D22A1,1997-06-08,Other,Norway
STUF34B21,2002-07-19,Other,Sweden
STU0F26DB,2002-12-08,M,Italy
STU4FF6E0,1999-10-13,F,Lithuania
STU133BCF,2002-01-06,Other,USA
STU9808D2,2002-04-25,F,Germany
STUD73D1F,1998-09-01,F,Norway
STUF9A260,1996-03-04,F,India
STU53CB8F,2001-03-20,F,USA
STUEE90CA,2001-09-21,Other,Germany
STU1AFE3B,2002-04-09,M,Latvia
STU19D6FC,2004-01-21,F,Germany
STU901765,2001-09-11,Other,USA
STU7E9C45,1999-05-13,M,USA
STUAF8D3B,2005-11-23,Other,Sweden
STUBC293B,2003-09-19,F,Latvia
STUBB76D6,2004-10-26,M,Germany
STU8E2224,1996-10-03,Other,India
STUA49002,1998-04-24,M,France
STU1D14D4,1999-03-04,F,Estonia
STU6BA88B,2000-04-10,Other,Latvia
STU323D26,2000-07-09,F,India
STU29056B,1995-05-10,F,Germany
STU84248A,1999-01-28,F,USA
STU1D6AE2,2005-05-04,F,Spain
STU348425,1996-07-24,Other,India
STUB64321,2001-05-27,M,Norway
STU781DD0,1995-01-02,M,Spain
STUCB1FFA,2002-10-01,F,Norway
STU0E61CC,1999-03-04,M,India
STUC63C13,1995-07-26,Other,Sweden
STUD7A30E,1995-06-28,Other,China
STUA26DAB,2003-01-23,Other,China
STUF7FF56,2000-07-19,M,China
STU21020B,1997-12-18,Other,Estonia
STU311EEA,1996-11-16,M,Latvia
STU8E90C2,2003-09-01,F,China
STU54BCFB,1997-05-05,M,Norway
STU310ADC,2000-04-01,Other,India
STUEB391A,2002-08-05,M,Sweden
STU3475C8,2004-07-25,F,Norway
STU2F590F,1998-05-20,F,Latvia
STUD76CC9,2001-01-03,Other,Italy
STU4F1E99,1995-01-17,F,China
STUDB6FB2,2003-06-25,F,Estonia
STU59AF77,1996-12-10,Other,Sweden
STUABF1F2,2000-02-14,F,China
STUDCEEEB,2004-03-04,M,Norway
STU7332FA,1996-12-20,F,Germany
STU8F352D,2001-02-16,M,Latvia
STU5E0394,2001-08-02,Other,Estonia
STUCD9DBE,2001-09-08,Other,India
STU6DBDC2,2002-03-01,M,China
STU69FB2B,2001-05-18,Other,Italy
STUF307CD,1999-08-03,M,Spain
STUF4061D,1997-11-11,Other,Poland
STU212382,2004-12-14,M,France
STU2C6639,2003-02-08,M,Lithuania
STU888208,1999-11-08,F,Germany
STUFA785B,2000-11-13,Other,Poland
STU664A11,2005-06-08,Other,USA
STU34B174,2004-11-08,M,Italy
STU88B983,2003-02-18,F,India
STU05D2F7,2001-03-10,M,France
STU261C73,2001-07-03,M,Poland
STUD0ACD7,1995-07-22,Other,Poland
STU76D1A5,2004-06-24,Other,Poland
STU9E0096,2001-02-17,Other,Spain
STUFFBBC6,1997-10-23,Other,Sweden
STU3D4414,2000-04-14,F,China
STU31407C,1996-05-12,M,USA
STU0A1729,1996-09-03,Other,Norway
STU23F55A,2003-06-28,M,Spain
STUFEED2E,2002-05-25,Other,Spain
STU37B182,2001-11-03,M,Italy
STUE82DE4,1996-05-06,Other,USA
STU60F28C,2001-02-17,Other,USA
STU7BAE79,1996-03-10,M,Italy
STU6A52B2,1997-02-05,M,China
STU565D87,2005-11-20,M,China
STU859279,1998-09-15,M,Lithuania
STUDAA6E6,1995-11-13,M,China
STUB58B00,1998-11-06,Other,Estonia
STU5D0776,2002-10-26,Other,Italy
STU2FB855,2002-04-15,Other,Norway
STUFF33CE,2000-07-24,Other,India
STU589BFA,2005-05-21,M,Lithuania
STUD771DD,2003-10-28,F,Italy
STU584E92,1997-01-16,M,China
STU6E04C2,2000-10-09,Other,Lithuania
STUD7875C,1998-08-13,F,Estonia
STU992330,1999-12-03,M,Spain
STU59F0E9,1995-10-17,F,India
STU3A447B,2000-06-05,Other,Germany
STU290DDA,2000-06-10,Other,India
STUC3F9A6,1999-03-06,Other,Italy
STU16BD7D,1996-05-03,M,China
STU8D8CD6,2001-12-07,M,Italy
STUA018A7,2000-09-25,F,Poland
STU95701E,1998-04-24,M,USA
STU3F6ABA,1998-01-12,F,Poland
STU40D812,2005-04-04,M,Poland
STU3ECC23,2005-11-23,M,Norway
STUBC3F28,1997-04-23,F,Norway
STU12BA6A,2004-01-17,M,India
STU8FF710,1996-04-24,F,India
STUF9AAF4,2005-03-24,M,Poland
STU787DB8,1996-02-04,Other,Estonia
STU4AD11B,1995-10-18,M,USA
STUF34C0B,1995-09-16,Other,Estonia
STU14F8CA,1998-04-07,M,Estonia
STUDED102,2005-02-07,Other,China
STU3B03FC,2005-10-03,Other,USA
STU660D52,2004-09-26,F,Lithuania
STUB189CA,1997-01-28,Other,Germany
STUA66824,2003-10-14,Other,USA
STUB6259B,2003-11-04,Other,Poland
STUB554B6,1999-04-07,F,USA
STU797982,2003-07-06,Other,Spain
STUFE5D06,2000-09-23,Other,Lithuania
STU4A1B95,2000-09-17,F,Norway
STU15F01F,2005-10-14,Other,Lithuania
STU44A954,2002-07-18,F,Estonia
STU1141E5,1995-03-09,F,Sweden
STU91FEF9,1999-05-06,M,USA
STUE4AB51,2000-10-17,Other,USA
STU6613B0,2001-05-17,F,Lithuania
STUCD9096,2004-03-22,F,Lithuania
STU4E68D5,1997-10-02,F,Italy
STU97117F,1999-03-26,M,USA
STUD55002,1999-09-19,Other,Lithuania
STU90AE92,1996-05-15,F,Latvia
STUBF6A22,2004-09-25,M,Sweden
STU037A9B,1998-11-22,Other,China
STUB6D4EB,1996-06-20,F,Italy
STUD26E65,2003-07-14,Other,Latvia
STUF16FBA,1996-05-02,M,France
STUD19637,2003-05-11,F,Italy
STUE67B95,1998-07-15,Other,Spain
STU639B93,2005-03-14,M,Spain
STU4E73EC,1999-06-22,F,Lithuania
STUC22663,2003-11-03,M,Norway
STU502A82,2000-10-13,F,China
STU9C8E50,1996-12-10,F,USA
STU9194BD,2001-07-12,Other,USA
STUC42567,1999-10-02,Other,India
STU6242B9,2004-12-12,F,Poland
STU6308AF,1995-08-02,F,Poland
STU19B97F,1996-05-28,M,Germany
STU71AF3F,1997-11-07,Other,Italy
STUD04501,2004-07-01,F,Italy
STU595146,2003-06-28,F,Germany
STU691857,1997-10-26,F,Lithuania
STU69A50A,2004-11-10,F,Spain
STUC24255,2001-01-26,Other,France
STU6CFA5B,2003-09-26,F,Latvia
STUF2F2F7,2005-12-23,Other,Sweden
STU7A6B8A,1996-09-04,F,France
STUA9AD27,2000-08-24,F,Norway
STUE56BE7,2001-09-05,F,USA
STU94C3EB,1998-07-20,Other,USA
STU9A441E,1995-11-02,Other,Estonia
STU416458,2005-08-08,Other,China
STU59AF75,1995-04-14,F,Estonia
STUB329B9,1995-08-15,F,Sweden
STUD7E158,2002-05-07,M,France
STU227EB8,1995-10-23,Other,Norway
STUA8C78E,1995-06-11,F,China
STU678427,1995-02-23,Other,Spain
STU030528,1998-04-27,F,Spain
STUFDA0E1,1996-08-24,M,USA
STU343453,2002-12-10,Other,Sweden
STU3310F5,1998-02-17,Other,Italy
STU57FA27,1998-12-09,M,China
STUEE8788,1997-07-04,Other,Lithuania
STU5F2C63,1996-06-24,Other,Italy
STU451548,1997-07-07,M,Spain
STU63F8F9,1996-01-15,Other,China
STU9711D4,2003-12-21,F,Norway
STUC8B13B,2002-09-23,Other,France
STUF5171F,2001-03-02,F,France
STU9B48A8,1997-01-24,Other,Poland
STU6A2B02,1996-09-14,F,Latvia
STU17C543,1997-08-06,F,Spain
STUB6DDEE,1999-01-03,Other,Latvia
STU3365D8,1996-05-19,F,China
STU3BF719,2002-12-09,M,Latvia
STU2E1501,1996-09-23,M,Norway
STU4751BB,1996-11-12,Other,Poland
STUAE7747,1998-02-19,F,Latvia
STUE43EEF,1997-12-18,Other,China
STU0304A3,1997-08-14,Other,Spain
STUFBF375,1999-04-26,Other,France
STU4DF2BD,2001-04-12,F,India
STUD62E05,1996-09-26,Other,China
STU6800FB,2003-07-21,Other,China
STU5B0847,1998-06-09,F,Spain
STU34170C,2002-05-11,F,Poland
STUA5456F,1999-12-26,F,Germany
STU5D3201,2002-05-22,Other,Norway
STUA05703,2004-04-04,Other,USA
STU8B9990,2004-09-01,F,Poland
STUDC02E6,1997-04-07,F,Norway
STUA2B8BE,2003-02-22,M,India
STU94A32B,1996-06-12,F,China
STU905122,1997-04-15,M,Estonia
STU3A7E14,2005-10-15,F,USA
STU027A1A,1995-05-22,M,France
STUC499E5,2000-09-18,F,Poland
STUC1043F,1998-07-09,M,Germany
STU28412D,1998-06-19,M,Sweden
STU635909,1998-03-17,F,Norway
STU8603E8,2000-06-09,Other,Latvia
STU47CFC3,1999-01-27,M,France
STUBF252B,1997-02-26,M,China
STUFF899D,2005-10-19,F,Estonia
STU6A93C5,2003-09-11,F,Sweden
STU8BE327,1995-02-22,Other,Sweden
STU490799,2001-11-13,Other,Norway
STUB497DC,2004-04-27,Other,Estonia
STUCCF629,1997-08-18,Other,Spain
STU526D16,2001-11-23,M,China
STU0C00C6,2002-10-17,Other,Lithuania
STU0545B5,2004-08-24,Other,Latvia
STU2C1E71,2004-11-06,M,Norway
STUD67512,2005-12-19,Other,Spain
STU32A6C0,1998-09-03,M,Poland
STU2A8DC5,1998-07-05,F,Lithuania
STU458801,2003-12-07,M,Estonia
STU930265,2000-11-05,Other,India
STUB05B92,2001-05-25,F,Norway
STU8765BA,1999-05-11,F,India
STUE6F6D6,1998-12-24,M,Germany
STU568AC7,2005-12-11,M,Italy
STUA99F27,1999-11-13,F,India
STU1E1ED5,2003-09-27,Other,France
STU1D1674,2003-09-27,M,China
STU4D93CB,2000-10-11,F,Norway
STU3A41CF,1999-03-01,M,Germany
STU7C29E4,2003-10-24,M,Spain
STU3D6AB0,1999-04-22,F,Poland
STU544337,1999-03-28,Other,France
STUB1AF00,1998-11-17,Other,Latvia
STUA4F254,1995-02-08,Other,Norway
STUE24F27,1997-11-09,Other,Germany
STU968553,2003-09-28,F,Lithuania
STU94921C,2004-07-20,F,Italy
STU8066E8,2002-04-17,Other,Italy
STU7CABFF,1998-11-15,F,Poland
STUA6F5AE,1997-03-01,F,Germany
STUAE1255,1996-06-26,Other,USA
STUAED9F8,2003-11-02,F,Sweden
STUD02CEA,1995-03-06,M,France
STUD98752,2002-11-02,M,Germany
STU2F13F6,2005-12-03,M,China
STU6F5206,1998-08-18,M,Lithuania
STU371D2B,2001-09-10,M,Estonia
STU900CBD,2005-07-09,M,Estonia
STU57B380,1998-09-28,F,Italy
STUD1E783,2000-01-15,Other,Estonia
STU23EA30,1998-03-25,M,Lithuania
STU09E93E,2003-03-22,M,China
STUEF6590,1999-05-22,Other,Estonia
STU699CB9,1996-04-02,Other,Sweden
STU604E80,1996-01-17,F,Italy
STUBB7508,2005-08-02,F,Poland
STU3C572B,2004-04-14,F,Lithuania
STUF14599,2001-05-04,F,Poland
STUB09957,1996-09-05,M,Germany
STU89A7DA,1999-02-08,Other,India
STU8EA6F6,1997-12-24,Other,Italy
STU0246E6,1995-02-01,M,Spain
STU9394CB,1997-04-24,M,India
STUE05957,1996-04-19,Other,USA
STUD241C8,2005-03-23,Other,Italy
STUB8A394,2003-02-10,M,Norway
STU3E063C,1998-06-02,M,Germany
STUCE4821,1996-12-09,Other,Poland
STU4AA4D2,2001-02-02,Other,China
STUAF72A4,1996-10-27,Other,Italy
STU34BCC4,1998-11-05,M,Lithuania
STU3D58C3,2000-10-16,Other,USA
STUE1618E,1999-11-26,M,USA
STU64C8EB,2003-02-26,F,USA
STUBC93D4,1998-11-11,M,India
STU103594,2005-10-21,F,India
STU726053,1996-10-28,Other,Norway
STU58BF00,2004-09-28,M,Norway
STUECE6F6,2001-04-01,Other,Poland
STUA814E1,2004-11-24,M,Poland
STUBEF441,2000-05-26,M,India
STUD7D707,1996-07-23,F,Lithuania
STU88D268,1996-11-10,M,Lithuania
STU791C90,1999-11-27,Other,Latvia
STUD52A63,1997-01-14,F,USA
STUF71701,2000-07-05,Other,USA
STUE8CA79,1995-11-01,Other,Latvia
STU55EB77,1998-11-06,Other,Norway
STU1666B6,1998-07-25,F,Germany
STU87CF9E,2005-12-22,Other,Spain
STU436533,2004-08-05,F,USA
STU1C777C,1997-01-24,Other,Italy
STUD886EA,2001-06-14,Other,India
STU9DB79D,2002-10-23,M,China
STU279284,2001-08-27,M,Germany
STUD67218,2002-10-10,F,India
STUA53784,1995-02-08,M,Italy
STUA458C9,2004-08-05,F,China
STU2FA5DC,1998-04-21,Other,Germany
STUDAE326,1999-11-19,F,China
STUB24273,1995-08-22,M,Lithuania
STUA13386,2001-09-14,Other,Latvia
STU6DEFA8,2002-09-27,F,Poland
STU0C22E6,2004-03-27,M,India
STU65E773,2005-03-27,Other,Germany
STU555D01,2003-12-12,F,Lithuania
STUBA13D6,1999-01-05,F,China
STUFAEDAD,1996-07-28,F,China
STU61532C,2003-11-09,F,USA
STUBA6A1C,1995-02-11,F,India
STU482FE8,2005-03-06,F,China
STU90118B,2003-05-17,M,Estonia
STU036D0C,1995-07-01,F,Italy
STUE55CA2,2005-12-20,Other,Germany
STU0BE4AE,2002-09-03,F,Norway
STUDE076E,1995-06-22,Other,Sweden
STU91EFAA,1999-10-25,F,USA
STU318CA7,1996-08-05,Other,Poland
STUB2BB8E,1997-07-19,Other,Poland
STU469E19,2000-04-08,F,Italy
STU7D1E5C,1998-04-18,F,Spain
STU5139D1,1995-10-21,M,Sweden
STU47EBE1,2004-08-17,Other,USA
STU3D0588,1998-04-04,M,India
STUABE36C,1997-01-17,F,India
STU57EDE8,1997-01-21,F,Sweden
STU775236,1999-06-20,Other,Lithuania
STUD9B4D4,1998-05-09,M,Italy
STU128E03,2003-06-14,F,India
STU62497A,2004-06-03,Other,Norway
STU515DDC,1999-12-08,Other,China
STU1B5EF6,2000-01-09,F,China
STU585460,2005-11-22,F,India
STUAB1CD5,2004-12-26,M,China
STU8861A7,2005-01-19,F,France
STUD336E0,2000-06-09,Other,Poland
STUB8ED24,1997-09-07,M,Poland
STU37E94C,2002-12-19,F,Estonia
STUCFE514,1999-05-05,M,Latvia
STU1FECA1,1998-03-20,Other,Estonia
STUA99FA6,2000-11-17,F,France
STUB124BF,1997-08-20,F,India
STU53CB55,1998-01-28,F,Estonia
STU63877A,2000-11-11,M,Estonia
STU94DD64,1999-08-18,Other,USA
STUFFDFDD,2001-12-10,M,Sweden
STU74BBDD,1998-09-18,M,Latvia
STU76979B,2005-02-01,Other,Italy
STU357DE2,2004-03-12,M,Germany
STU2FFC7C,1996-02-28,Other,Estonia
STU573E2A,1999-07-06,M,Poland
STUDB5979,1996-07-13,F,Italy
STUF72428,2001-04-21,F,Spain
STU9A5748,1995-01-22,F,USA
STUF299AB,1998-04-11,Other,Lithuania
STU3DA904,1996-06-13,F,Lithuania
STU8BC0C0,2002-11-21,F,China
STU14CA70,2000-12-13,Other,France
STUCADDAC,1996-05-13,Other,Norway
STUC3E443,1998-06-20,M,India
STU97E38B,2003-04-24,Other,Estonia
STU48336C,2001-03-12,F,Norway
STU01C612,1999-12-04,Other,Sweden
STU288269,1996-07-27,F,Sweden
STU6950E9,2005-07-25,F,Norway
STUF38769,2001-05-01,F,Spain
STU69A86B,1998-07-12,F,Latvia
STU50DE79,2001-02-15,M,Poland
STU2F14A7,1995-07-19,F,Norway
STU3A7D71,2004-07-20,M,Estonia
STU08AC44,1997-05-19,Other,Sweden
STU0E7CD3,1997-04-10,F,Spain
STU2DD7ED,2001-10-06,Other,Italy
STU82ED81,1996-06-14,M,India
STU70186D,2003-04-16,Other,China
STU3CD219,1999-08-15,Other,France
STUBA998D,1996-08-24,M,Spain
STUD0F46F,1998-07-24,M,Poland
STU68ECA4,1995-08-18,F,Norway
STU2F0005,2001-11-02,F,Spain
STU5F540B,1999-12-11,M,Spain
STUE17827,2000-09-27,Other,China
STUD1C61F,1996-07-22,Other,China
STU7ED278,2005-11-12,F,Estonia
STUD60A62,2003-11-21,M,USA
STUE57536,2005-07-04,Other,France
STUA0F0ED,2001-05-18,F,Sweden
STUF3157E,1995-09-22,F,Norway
STU07979A,2001-05-14,M,Spain
STU348D39,2001-04-22,M,France
STU5CC6F3,1997-09-25,F,Sweden
STU1C4070,1997-03-16,M,Estonia
STUDD5B7B,2005-03-03,F,Spain
STU50B6AF,2001-07-24,F,Sweden
STU7844C2,2001-08-08,Other,Lithuania
STUEA64D0,2001-11-25,M,Norway
STU059F0B,1997-08-22,F,China
STUB29CA2,1997-11-07,F,Italy
STUFF74BA,2002-07-03,F,Norway
STU80EA33,2001-07-12,Other,China
STU67ACBE,2002-11-04,F,France
STU35D600,1995-03-06,F,Poland
STUE71FFC,2005-12-05,M,France
STU98A6FA,2004-12-09,F,India
STUDB0205,2002-03-09,Other,France
STUE8C05B,2004-02-15,F,France
STU00F643,2003-12-06,F,Poland
STUD46740,1999-09-21,M,Lithuania
STU1712BF,2004-10-11,Other,Norway
STUAF24B0,2003-02-18,M,Spain
STUD6B1E9,2003-11-25,M,Norway
STU9F7E32,1995-04-21,M,India
STUC30C14,1996-06-13,F,Norway
STU19597B,1995-06-07,M,USA
STU91D879,2005-01-18,F,Poland
STUB3295B,2004-09-07,Other,USA
STU848370,2001-01-13,Other,Sweden
STU692E65,1997-05-20,Other,Estonia
STUB97B02,2000-07-24,Other,Poland
STUCAD5E2,1996-01-27,M,Lithuania
STU5DE285,2003-10-15,F,Latvia
STUA563DF,2001-04-18,Other,USA
STUEABFF4,1995-05-02,F,China
STU45F527,1999-02-13,M,Sweden
STU72D22F,2001-11-21,Other,Poland
STUBEEF85,1998-01-13,M,Italy
STUA6E458,1999-09-12,M,Estonia
STU386CC8,2001-02-21,M,France
STU248F43,2003-01-17,Other,Lithuania
STU5BA79D,2000-11-16,F,USA
STUA97721,2004-09-23,Other,Norway
STU3644A2,2000-09-23,F,China
STU352FC9,1995-03-10,Other,Spain
STU441E0E,2003-08-03,M,Latvia
STUB1FFD4,2004-10-25,M,Norway
STU0E1A96,2004-12-08,F,USA
STUCD1F3C,1999-05-22,F,Italy
STUB69D3C,2003-12-25,Other,Lithuania
STU67C28B,2000-12-15,M,USA
STUE64F07,1995-02-19,Other,Estonia
STUF3B200,2000-03-13,M,China
STUE44158,1999-12-12,Other,Norway
STU89EFFF,2005-09-06,F,Italy
STUE795D0,2005-07-14,M,Sweden
STUA4944C,1998-01-12,M,Germany
STU6CB105,2003-02-14,M,Norway
STUEAB73B,2004-10-14,M,Poland
STU94D024,2002-04-07,M,Latvia
STU526F90,2000-07-18,Other,Spain
STUA35FBB,2001-10-25,Other,Italy
STUDEA768,2002-01-24,Other,USA
STU4AD628,1995-02-11,Other,Lithuania
STUBE3F55,1998-05-07,M,Sweden
STU02F71F,1997-10-06,M,India
STU523EBE,2000-07-06,M,Spain
STUC03DAA,1999-04-08,F,Norway
STU66AB75,1996-03-01,F,Norway
STU060352,1999-10-05,M,Spain
STU1A900E,2005-09-14,M,Sweden
STU05CD90,2003-03-17,Other,Norway
STU53E878,1997-11-22,Other,Norway
STU649A30,1995-03-09,F,Sweden
STUF10F4D,1999-12-11,M,Poland
STUBB3F85,2005-01-16,F,USA
STUEC34A8,2004-12-02,F,Lithuania
STU1D14D4,1995-11-19,F,Lithuania
STU3766D7,2003-10-14,F,France
STUAB9B45,1999-04-21,F,China
STU68734F,2004-04-09,F,USA
STU169084,2002-02-14,Other,USA
STU31D4A8,1996-06-21,Other,Sweden
STU166796,1998-04-13,M,Sweden
STU7E59AB,2005-02-01,Other,USA
STUFFD400,1996-04-22,M,Spain
STUC8A47C,1996-03-07,M,Spain
STU9EE60B,2001-08-06,F,Latvia
STU0C9879,1999-08-08,M,Latvia
STU1F7BE1,1996-07-20,M,Spain
STU26F48F,2000-01-07,Other,India
STU8E3DBC,1999-03-02,F,Germany
STU00135C,2003-12-20,F,India
STU5A2E0A,2003-12-01,F,Germany
STU56673B,1999-09-11,M,USA
STU7EE2F7,1996-11-14,Other,India
STU0A9860,2003-12-08,Other,Germany
STU9CAC10,1996-02-10,M,USA
STUFAD12B,2001-08-18,F,Latvia
STU8FF747,2002-04-07,Other,USA
STUA2107D,1999-07-13,F,Sweden
STUD4738B,2001-09-05,Other,Spain
STUC3647A,1995-01-24,F,Spain
STU34633A,2002-01-08,Other,Norway
STU2EE3FD,2002-05-28,F,France
STU1EA896,1998-09-22,F,Lithuania
STUD104EC,2003-09-28,M,Italy
STUCE3C88,2005-08-01,F,France
STU10419B,2000-06-09,M,Latvia
STU365AC6,1998-06-21,Other,Latvia
STUC122A4,2002-11-09,M,Poland
STU2D4BF9,1995-10-09,M,Latvia
STU9388B4,1995-06-25,F,USA
STU3E8221,2002-10-21,Other,France
STU13B99B,2003-10-17,M,Lithuania
STU378D6A,1996-09-25,F,Lithuania
STU700721,2003-01-25,Other,Norway
STUD19BFF,2000-12-08,Other,Spain
STU1C4AB1,2005-12-24,Other,Latvia
STU338512,2000-07-15,F,China
STUA84DAA,1995-01-28,Other,France
STU4BC45E,1997-08-02,Other,Latvia
STUD65F66,1998-10-14,F,France
STU589415,2003-11-19,F,USA
STU75B7A7,1998-11-25,M,China
STU81E28D,2003-11-01,Other,Italy
STU61A2BB,1998-07-08,F,Norway
STUD01AE2,2005-02-23,F,Norway
STU5C41F6,2003-01-09,F,USA
STU76B966,2005-09-02,F,USA
STU266C0D,2005-12-10,F,Italy
STU53AAFE,1997-10-06,F,Latvia
STUEE9BCE,1997-05-19,M,France
STUBFE590,2003-01-18,F,France
STU0EE59A,2000-10-06,M,USA
STU9ECDFA,2003-10-07,M,China
STU311B5B,1995-06-17,F,Sweden
STUD53D3D,2003-07-26,Other,India
STU3682B5,1999-07-03,Other,France
STU5CC065,1996-07-11,Other,Norway
STU85618E,1996-05-04,Other,Norway
STU733587,2003-11-15,F,China
STU155A58,2005-12-04,M,Italy
STUE70D4B,2001-07-07,M,Sweden
STU53CCB0,1997-05-14,M,Lithuania
STUDB69D2,1997-06-25,Other,USA
STUF78217,2005-08-18,Other,Sweden
STUECBBF3,2000-04-11,F,Latvia
STU445E3C,2001-07-13,F,Spain
STUE214D7,2001-01-08,M,Poland
STU27F112,1996-11-22,Other,Germany
STUF96F33,1999-06-18,F,Poland
STU4A9DB4,2000-05-16,Other,Estonia
STU869451,2003-05-09,Other,India
STUEC95BE,1996-09-22,F,Poland
STUC67254,2004-10-14,Other,Spain
STU5BD056,1997-08-24,F,Germany
STUE1BC6A,2003-10-21,M,Latvia
STU081564,1997-04-16,M,Lithuania
STU83D88E,2000-10-14,M,Germany
STU61426B,1998-04-23,Other,Latvia
STUF130B1,1995-05-15,Other,Spain
STU66006B,1997-08-26,M,Germany
STUF01088,1999-04-23,F,Italy
STU1D5E64,2003-12-23,Other,Poland
STU4C4E51,1996-07-05,F,Estonia
STU2860AF,2001-12-20,Other,Norway
STU077584,1996-09-12,M,Poland
STU3BBEE9,1999-11-15,F,Norway
STU78ACF3,1996-07-07,M,India
STUE85095,2000-10-07,Other,Lithuania
STU375753,2004-07-05,Other,India
STU5C3E6E,2002-09-25,F,China
STU5BA31F,1996-02-17,Other,Estonia
STUF30F6E,1996-10-06,Other,Spain
STUBF2A13,2005-12-09,Other,USA
STU0270D9,1999-01-27,M,Sweden
STUD43577,2005-12-27,M,USA
STUA0C08E,2003-04-11,Other,Latvia
STUE9E051,2003-12-19,F,France
STU82AD88,2005-11-07,F,USA
STU021D00,1999-01-28,Other,China
STU396A26,2000-09-10,M,Lithuania
STUFE3C5D,1999-10-25,F,USA
STU08DC1E,1999-10-06,Other,Norway
STU6A884C,2001-08-22,F,Sweden
STU650C38,2002-06-08,Other,Sweden
STU855F09,2001-09-17,M,France
STU047A4E,2000-11-07,Other,Germany
STU88285D,2005-05-27,M,China
STU58132D,1998-12-07,F,Spain
STU20BB57,1998-03-13,Other,France
STUEEBF5D,1995-09-04,Other,USA
STUA6C13D,1999-05-10,Other,Estonia
STU168F4A,1995-03-01,Other,France
STUCB00B3,1997-08-08,F,Estonia
STUDA7789,2004-02-19,M,Poland
STU8075ED,2000-08-22,Other,Sweden
STU47ABE7,1999-12-09,Other,Latvia
STU4C8CEF,1997-10-14,M,China
STUFB180D,1997-01-26,F,Germany
STUA822DF,2005-09-15,M,Lithuania
STUA0A790,1996-10-02,F,Germany
STU4425F3,1999-07-25,F,Germany
STUB15052,1996-11-22,M,Germany
STU642CAA,2000-07-05,F,France
STU9E407E,1998-08-14,M,Estonia
STUF0D777,1997-12-02,F,Sweden
STU39D602,2000-05-12,F,USA
STU8541A7,2005-07-26,F,Lithuania
STU590CF8,1998-08-02,F,Lithuania
STU083F96,1996-01-19,F,India
STU93E94E,2000-08-25,F,Spain
STU73BDE3,2003-09-24,M,Italy
STU2956CE,2002-09-09,Other,Spain
STUB2A5E8,2002-02-04,F,USA
STUC019DD,1996-11-23,Other,Italy
STUA25E48,2005-07-20,M,India
STU06B307,1996-12-24,F,Latvia
STU24A755,1996-09-18,F,China
STUAE6535,2000-09-25,M,Italy
STU10B83B,2003-10-26,M,Latvia
STU8A038C,2005-07-05,M,Estonia
STUF50C6A,1998-08-17,F,Lithuania
STU5377C0,2003-11-15,M,Estonia
STU573EB8,2000-08-03,F,Sweden
STU2CBCA2,1997-02-01,M,Lithuania
STU19EFFF,1999-08-23,M,China
STU98BDDD,2004-05-02,F,USA
STU51E8AA,2000-07-17,F,China
STU3D65F2,2004-01-26,M,Spain
STUA77551,2002-01-18,F,Poland
STU045533,1999-07-28,M,Estonia
STU24FF90,1996-01-05,F,USA
STU2D3EF4,1999-03-07,F,China
STUE3C8B9,2003-04-15,Other,Sweden
STU35E614,1997-04-04,Other,France
STUD687EE,2002-01-03,M,Sweden
STU499B8A,2005-01-24,F,Sweden
STU8BD28B,1997-10-05,F,Sweden
STU2C4507,2004-03-08,F,Germany
STUEBC3A5,1995-02-08,F,Germany
STUF9406D,1996-05-23,Other,Norway
STUA17CD1,2001-04-01,M,India
STU48F33B,2004-09-13,M,Latvia
STU27F113,1996-02-18,M,Spain
STU2A0B1B,1996-10-13,Other,Latvia
STU5A02E5,2003-06-07,F,Estonia
STU4FC0C5,1996-04-24,F,Latvia
STUB46347,1997-11-14,M,Norway
STU7BEE6C,1999-08-17,Other,India
STU7B008C,2003-03-10,F,USA
STUE60ECF,2004-02-20,Other,Norway
STU0A6B59,2003-02-24,M,Spain
STUD25D4C,2004-02-26,F,Germany
STU2759B2,1998-03-18,Other,Germany
STU6C5E18,2005-04-20,M,India
STUF3A3FC,2002-06-10,M,China
STU6A7254,1998-09-16,M,Italy
STU1C6825,2000-05-26,F,Lithuania
STUEED33E,2000-12-10,F,Italy
STUFB7BB6,2000-04-06,F,Poland
STU290099,1998-07-27,Other,Lithuania
STUE34FFE,2002-01-26,M,India
STU4102F5,2005-05-19,Other,Poland
STUE5E850,1999-11-04,M,India
STU64A7ED,2002-02-16,Other,Norway
STU548DCD,2003-10-14,F,China
STUB7A918,2000-12-07,Other,Sweden
STU59D649,1995-01-09,F,China
STU5CF4C6,1999-06-16,Other,France
STUAF0FEC,1997-08-28,F,Spain
STU9D6742,2002-04-15,M,Germany
STU8B5DAD,2001-12-19,F,Spain
STU340C4F,2002-03-09,F,France
STUCD1BEB,2004-08-24,M,Germany
STU8DD5D9,1997-07-19,F,Poland
STU3A79B6,1999-11-21,M,Sweden
STUA51D52,2004-03-02,M,Estonia
STU5C6A34,1996-03-12,Other,China
STUB6BB82,2003-06-08,F,India
STUD11E07,1995-03-20,F,Lithuania
STU547F4B,2003-10-12,M,Latvia
STU001B6C,2004-08-01,F,USA
STU4069CF,1999-01-03,M,Norway
STU4AEC57,1999-09-19,F,Norway
STUFEC3BD,2003-03-14,M,Norway
STU4ECC2C,2001-10-05,F,Sweden
STU98F41B,1996-01-11,Other,Estonia
STUCCF08E,2005-10-21,M,Poland
STU565689,2003-01-10,Other,France
STU7E290C,2002-10-10,M,Italy
STU510C46,1995-12-23,F,China
STUD89929,1996-06-19,F,Estonia
STU26ED43,1995-07-25,M,Spain
STU5D9216,2000-07-21,M,Norway
STUC4C4BE,1995-07-03,M,USA
STUED6DA6,2000-01-02,Other,Poland
STUBA2725,2002-02-20,Other,Italy
STU5BDD67,1998-08-05,Other,Poland
STU4C4956,2002-08-24,F,Lithuania
STU34A825,2003-10-18,Other,France
STU713ED4,2002-10-15,F,USA
STUDF40C9,1998-02-26,Other,India
STU390E7B,1996-06-24,F,Italy
STU694D82,1996-07-10,M,India
STUF6C023,1998-12-21,Other,Latvia
STUD098C1,1997-09-18,M,Sweden
STUF2F62E,2002-01-02,Other,Norway
STU11407B,1999-02-28,Other,Latvia
STUBDCF60,2001-09-26,M,China
STUCBC87B,2003-11-23,F,India
STUD3BD6D,2000-08-04,Other,USA
STU331F30,2003-09-15,M,USA
STU48BBDC,2005-04-02,Other,Norway
STU8748E6,2000-12-12,F,Latvia
STU2126FA,2001-11-04,F,Italy
STU30B431,2003-05-04,Other,China
STU382D50,1998-01-02,Other,Estonia
STUBBE604,1998-03-06,M,Sweden
STU2C544E,1999-07-06,M,Sweden
STUB6B558,2005-07-16,M,Estonia
STUDE99BB,2003-04-14,M,Estonia
STU66AEA6,2005-05-23,M,India
STUED3509,1995-03-28,Other,India
STU138C96,2005-12-06,Other,Sweden
STU7D911E,1998-12-25,Other,USA
STU151010,1995-03-14,F,China
STU1C2D49,2004-11-24,M,China
STUDA090B,2003-01-08,M,Italy
STU4A309E,1996-11-06,M,India
STU131EDC,2001-06-21,Other,Poland
STU8A2FA8,2002-08-06,Other,USA
STUC9D4AA,2005-03-12,F,Latvia
STUF3725E,1998-07-08,F,Latvia
STU5B3745,1996-03-08,M,Italy
STU80109A,1998-03-27,F,Germany
STU648A2C,2001-01-02,M,USA
STU8F1EC8,1996-09-21,M,Germany
STU3D7264,1998-01-16,M,Latvia
STU7DD0E0,2003-09-22,M,Poland
STU76189B,2005-03-06,M,Germany
STUBF7A84,1999-11-07,Other,China
STU9B2DE3,2005-07-12,M,Poland
STU302BCE,1995-02-02,F,China
STU2E8F2B,2005-05-11,M,Lithuania
STU4FF887,2000-12-02,M,Estonia
STUC64513,2004-02-03,Other,USA
STU487E74,2002-02-11,Other,Lithuania
STUB346FB,2003-06-21,M,Poland
STUD56BC1,1996-06-01,Other,India
STU3BE6C5,1999-02-06,M,India
STUE90DA4,2000-01-27,M,Poland
STU95D1FA,1997-09-15,F,Lithuania
STU796016,2003-03-13,F,China
STU59FC87,1995-04-19,M,Estonia
STUE17097,2002-04-18,M,Norway
STU8DADD2,2004-10-04,F,Estonia
STU724408,1998-08-04,Other,Poland
STU573C43,1995-05-12,M,France
STUD15EED,1996-05-13,Other,Latvia
STU5AFA93,2003-02-26,F,Italy
STU7E02A8,2001-02-02,Other,Italy
STU819330,2003-04-26,F,Latvia
STUA34A4E,1998-06-20,M,Germany
STUA1932A,2002-06-08,F,India
STU3D3808,1997-05-28,F,Estonia
STUF0D438,2004-12-02,F,Germany
STUFEBE51,1998-11-07,Other,USA
STUBA6A82,1999-08-11,M,China
STU36E9DF,2004-02-16,Other,Spain
STU2AC679,2000-12-14,M,USA
STUEBBE32,2001-05-27,M,USA
STU3FE185,2005-11-12,Other,Italy
STU806032,2003-09-03,M,Latvia
STU5CF8E3,2000-06-15,F,Poland
STU53264D,2002-01-15,F,Italy
STU42D769,2002-07-14,M,Norway
STU17FE86,1996-01-28,Other,Sweden
STU78CFCA,1996-01-10,M,China
STUDCC88C,1995-04-01,F,Spain
STUCE4139,2000-04-18,F,Latvia
STU73DA7D,1997-09-03,F,Estonia
STU4122D0,2002-09-01,M,India
STUA79AF7,2002-11-28,Other,Sweden
STU64D5CF,1996-07-20,M,Lithuania
STUDE1167,2003-06-08,F,India
STU7348F8,2002-06-11,M,India
STU3DDBE7,2002-05-17,M,France
STU44F291,1999-05-08,Other,France
STUEACAE3,1999-07-24,Other,Germany
STUC3DE8A,2001-07-06,F,China
STUD4F8B0,1998-10-12,M,Estonia
STUDB5DE8,2003-02-23,M,Latvia
STU3724BA,1998-04-09,Other,Estonia
STU24FF56,2005-05-03,F,Italy
STUBEC4E3,1997-10-24,Other,Germany
STUF6241D,2002-08-16,Other,Norway
STU4E6F80,1996-04-12,Other,Estonia
STUF7F6F0,2004-11-14,M,China
STUC2D48A,2001-01-02,M,Spain
STUD28295,1996-02-08,Other,USA
STU2CF303,2002-09-15,M,China
STUDA0878,2003-08-22,Other,China
STUF628F5,2002-11-23,Other,USA
STU99090C,2004-03-19,M,Lithuania
STU3032BE,2004-01-25,F,Norway
STUBC633D,1997-06-18,F,Lithuania
STUF23186,1995-10-21,M,Sweden
STU00125A,1997-11-11,M,Estonia
STU5F1ACE,1999-07-23,F,USA
STU12B00F,2001-01-11,M,Sweden
STU2A4669,2003-10-01,M,Italy
STU935294,2000-12-06,Other,Latvia
STU428D45,2004-08-07,F,USA
STUDE8529,2003-05-01,F,USA
STU62D6F8,1995-05-04,Other,Lithuania
STUAFB683,1997-05-27,M,Sweden
STU042AE2,2005-02-16,F,Germany
STU2108F7,1998-08-19,Other,Norway
STU096028,1998-01-19,M,Italy
STU2B60C7,1998-04-25,M,Poland
STU34C180,2005-10-06,F,Poland
STUA2A378,2003-07-10,F,Lithuania
STUA6034E,1999-09-12,Other,China
STU44C1BC,2000-01-06,M,Poland
STU328E40,1998-08-25,Other,France
STU31E11D,1999-08-04,F,Sweden
STU684D40,2000-01-07,F,Poland
STU9CCE82,2000-12-23,M,Lithuania
STU602E3F,2002-05-18,Other,Spain
STUCA6966,2003-03-14,Other,Germany
STU6D8434,1995-02-05,M,Germany
STU67330C,1996-06-26,M,Sweden
STU0B7ED6,1997-01-16,Other,USA
STUE76C16,2001-11-16,Other,Italy
STU80755F,2002-06-22,F,Poland
STU1CCDB1,2003-07-20,F,Germany
STUC1D703,2000-01-26,M,Sweden
STU0A5475,2004-08-08,F,Italy
STU3189C1,2003-08-26,Other,USA
STU50BD12,2004-05-19,Other,Germany
STUD35ABE,2005-04-04,Other,Italy
STU60490A,1996-02-01,Other,Latvia
STU52E1F3,1996-08-17,M,Poland
STU15A416,1998-06-28,F,Poland
STU619D88,2004-01-19,Other,Spain
STU96D0E1,2001-07-24,M,Norway
STU1841F4,2001-06-17,Other,Poland
STU400468,2003-09-26,M,China
STU9A4BE7,2002-07-01,F,Poland
STU49F4CC,2005-12-15,M,Germany
STUEAB305,2000-06-23,M,Norway
STU5CE5E0,2000-09-09,Other,Spain
STUF0F6AA,2004-02-26,Other,Norway
STU2228DF,2003-03-27,F,France
STUEF5A04,1995-09-07,F,USA
STU8D5DAD,1999-05-07,F,Lithuania
STU5255D4,1997-09-17,F,India
STUD77104,2000-10-20,M,Lithuania
STUB83572,2003-08-15,M,Norway
STU9AF8B2,2000-07-13,Other,USA
STU88A9A8,1998-06-16,Other,Lithuania
STUB69FA7,1998-12-17,M,Latvia
STU861B8F,2001-09-07,M,Lithuania
STUB04352,1995-08-24,M,Latvia
STU394326,2005-07-11,F,Spain
STU3B354F,2002-01-04,M,Germany
STU020077,2001-10-19,M,Latvia
STU8350FB,2004-08-21,M,Germany
STUAC604C,1999-10-15,F,Poland
STUB4635E,2004-11-08,F,Latvia
STU47E9A7,2002-08-21,Other,Sweden
STU3233D5,1995-02-08,M,Lithuania
STUD0881C,2004-09-14,M,France
STUBF0D92,2000-04-03,M,Italy
STUC3E23B,2002-02-18,M,China
STU4583C7,2001-06-05,M,Norway
STU8572E1,1996-12-01,F,Latvia
STU6282DE,1999-07-14,F,Italy
STU5A38DA,2001-06-18,F,Lithuania
STUC9179D,1999-03-21,Other,Estonia
STU8F45A1,1996-11-02,M,Norway
STUA93F97,1999-10-15,M,Sweden
STU87CC67,1999-06-14,F,Poland
STU900E8A,1997-02-23,M,France
STUC1A905,2004-09-24,F,Sweden
STU7B8C5D,2005-05-03,F,Italy
STUF22E33,2002-12-27,Other,Germany
STU16FA60,1996-11-08,M,India
STU6471E8,2004-02-08,Other,Sweden
STU359150,2003-04-26,Other,India
STU83C12E,1995-03-26,Other,Germany
STU9D076F,2004-08-14,F,India
STUAFDB4C,1997-03-25,M,Norway
STUE202AE,1996-11-03,M,Italy
STUEC66C8,1995-11-23,M,Spain
STU472BAC,2001-07-17,Other,France
STUC9ACC7,2004-05-20,M,Norway
STU5D7600,2003-04-14,F,Norway
STUAEE8B8,1999-05-16,M,Germany
STUB38E20,1999-06-15,M,Estonia
STU1ECDA7,2000-06-09,Other,China
STUE2A886,2001-09-09,F,Germany
STUB83464,2002-11-13,M,France
STU663F4B,1996-12-06,Other,Poland
STU816DC9,2002-08-04,F,Poland
STU867974,2001-10-19,F,France
STUB25FF5,1999-03-21,Other,Spain
STU909FFB,2004-07-07,M,France
STUB01F74,2002-01-01,F,Germany
STU05828E,2004-11-22,F,Italy
STUEA2B3B,1999-08-04,M,Lithuania
STU887612,1995-08-08,M,Sweden
STU221C2B,2003-01-18,M,Sweden
STU8893A3,2003-03-09,M,Spain
STU699B4F,2004-11-20,F,USA
STUC985BB,2002-07-23,F,Italy
STUC2741D,1998-03-20,Other,Estonia
STUE3FDD8,2003-04-19,M,Latvia
STU2D6D17,2002-12-11,Other,Estonia
STU160EDD,1995-06-17,Other,France
STU080E32,1996-10-25,Other,China
STU057127,1999-09-06,F,Sweden
STU87D0C6,1999-11-25,M,Poland
STU1C8230,2003-09-01,M,India
STU3B1051,1999-07-15,M,India
STUFB3CAC,1995-07-04,F,Estonia
STU28B4F2,1998-09-26,F,Norway
STU2F5DBD,1998-09-03,M,China
STU6E3D31,2001-04-16,M,USA
STU51A556,2002-03-03,Other,Italy
STUC4FBC4,1995-09-05,M,Sweden
STU6DC3BC,1996-07-08,F,Lithuania
STU0431A2,2000-05-13,F,Estonia
STU5348B0,2003-06-20,M,China
STU9B1A6A,1996-08-12,M,France
STUCCB933,1995-12-01,M,Norway
STUD725BC,2000-06-01,F,Estonia
STU8DCF81,2005-04-11,F,Latvia
STUF6E8C7,1996-05-03,M,Norway
STU26E853,2002-01-03,Other,Italy
STUBCC1C4,1998-04-17,F,Estonia
STU771E43,1997-11-18,M,Estonia
STU7B34A9,1997-10-04,M,Spain
STUFDA494,2003-11-04,Other,Poland
STUB06EE8,2005-09-16,F,USA
STU47D031,1995-01-26,F,France
STU4D74AB,1998-03-13,M,Latvia
STUC821F7,2005-05-07,M,Spain
STUBF310A,2005-08-13,M,India
STU56A001,2005-04-11,F,Norway
STU1D86FB,1997-10-09,F,Germany
STUCF1245,1999-08-06,M,Germany
STU257AFE,2001-05-16,M,Latvia
STU371061,1998-11-08,M,France
STU5A69AC,1998-03-21,F,Lithuania
STU30D1CA,2005-11-07,M,Germany
STU637110,1997-11-15,F,Sweden
STUE5BB07,1996-08-21,F,Latvia
STU004854,1998-05-22,F,USA
STUAFD4CD,1996-08-08,M,Estonia
STUC86D37,2003-12-03,Other,China
STU906F1E,2003-02-23,Other,Estonia
STU6355CE,1997-05-24,Other,Germany
STU2F5967,1999-02-26,M,Estonia
STUDAB4CF,2001-04-12,Other,Norway
STU640196,2000-03-05,Other,India
STU039D22,2003-04-05,M,China
STUBAC0C8,2004-04-19,F,China
STU85BE64,1999-10-18,M,Lithuania
STUCC970D,2004-03-20,M,Sweden
STUFB226C,2002-08-18,F,Poland
STU379D24,1999-06-11,F,China
STU16CB3D,2004-05-10,F,India
STUA2FF13,1999-03-26,Other,USA
STU4D11A8,2002-04-16,M,Sweden
STU4ED741,2003-04-06,M,Spain
STUC11342,1999-09-07,M,Norway
STU4D96BC,2005-06-12,Other,Norway
STUEF0913,2005-11-28,M,Norway
STUA155A7,2003-06-03,M,Estonia
STU6F445C,1998-02-04,F,Italy
STU0A2DE2,1998-02-05,F,France
STU9EEE3F,2000-07-23,Other,Estonia
STU94C92F,2001-08-12,F,Lithuania
STU2451B8,2000-08-04,F,Poland
STU6D9925,2000-10-21,M,USA
STU98E408,2003-04-08,M,Spain
STU832C86,2000-07-06,Other,USA
STUD72D6F,2000-06-01,M,Spain
STU02CA67,2000-09-10,M,China
STUF71439,1995-12-24,M,India
STU20D7E6,1999-02-03,M,Norway
STUF0EF38,1998-11-05,M,USA
STU57F6E8,2005-11-05,M,Lithuania
STUBEA241,1996-08-08,Other,Germany
STU5F4EEB,1997-11-14,M,China
STU5EA7BD,2001-09-13,Other,Latvia
STUE1C692,2005-07-14,M,Lithuania
STU0215C2,2002-01-20,Other,Sweden
STU4C47C1,1999-09-18,F,China
STU6F8808,1998-10-24,Other,Latvia
STUE7AC5C,2002-06-14,Other,Poland
STU202BA3,2004-03-20,Other,China
STUA48065,2000-10-26,M,Poland
STU9B931D,1995-03-20,Other,France
STUC3994D,2004-11-07,Other,Spain
STU958F51,2000-01-27,Other,Spain
STUF607F4,1997-08-12,M,Germany
STU6CEFF4,2004-12-13,Other,France
STUACF276,2003-12-13,M,USA
STU869EA9,2005-03-02,Other,Poland
STUBC125D,1998-12-25,M,Sweden
STUF17F9C,2000-04-07,M,Spain
STU63CEE3,2004-12-13,Other,Poland
STUBA2526,1996-11-18,F,Sweden
STU94A7A5,1999-11-25,M,Poland
STUD2F253,2000-02-24,F,France
STU2B3BEC,2005-05-14,F,Estonia
STU8B9928,1997-04-20,F,China
STU787277,2000-10-16,Other,Germany
STU04E167,2001-10-01,M,Latvia
STU1D0F76,1995-01-10,F,Lithuania
STUEAE5D6,1998-03-06,F,Lithuania
STU296AEB,1995-09-17,Other,France
STU676794,2005-04-19,M,Spain
STUF5C21B,1999-10-15,M,Poland
STU08720F,1995-06-07,Other,Latvia
STUF90920,2003-11-22,Other,Spain
STU358A63,1996-03-20,Other,Lithuania
STU175260,1999-12-09,M,Latvia
STU18C2FC,1997-04-24,F,Poland
STU629074,2001-01-25,M,Lithuania
STU3D1475,2005-10-16,M,India
STU922C31,2003-10-21,M,India
STUD1EA3C,2003-03-03,M,India
STU2464D6,2005-02-02,M,Italy
STUF2D76B,1996-01-14,M,India
STUC21D25,2004-08-26,Other,France
STU63D73F,2004-08-22,M,France
STUBFA78F,2005-11-05,Other,Lithuania
STU7E12FF,2004-08-22,F,USA
STU2C14C8,2001-07-22,M,Poland
STUDDB3C8,1995-01-20,F,Italy
STU6B2D7A,1998-02-20,Other,China
STUC76945,2005-05-05,M,Spain
STU9DB936,2001-06-24,M,Germany
STU7A88A3,2002-02-09,F,China
STU90E56D,1997-11-22,F,Lithuania
STU228C8E,2002-07-26,M,Spain
STU7AFEE2,1998-03-25,F,Italy
STU7F68BD,1995-10-22,F,France
STU3C7261,1999-09-08,M,Norway
STU0C18B5,2005-05-24,Other,Spain
STU03E13A,2001-01-26,M,Sweden
STU6414B8,1996-07-23,Other,Norway
STU7AB7B5,2001-04-24,M,Norway
STU48B246,1998-08-06,M,USA
STU00FCD4,2000-08-12,Other,France
STU9C1D25,2003-04-13,M,Estonia
STU43CB50,1996-08-27,M,Poland
STU8983C3,1998-09-20,Other,Latvia
STU710102,1996-01-05,Other,Italy
STUB4AD27,2002-09-17,M,Germany
STUC79507,2005-04-08,Other,Italy
STU60C868,2003-07-05,M,France
STU027467,1997-11-05,M,France
STUC544C8,1997-03-14,F,Poland
STU508FBD,1995-02-09,Other,France
STUF7E78F,1997-04-01,F,Sweden
STU6AE759,2001-06-25,F,Norway
STU66C078,2001-01-24,F,Poland
STUDD7272,2005-11-05,F,Poland
STU9BB905,2002-05-08,F,Germany
STUEE43F8,1996-01-18,F,Spain
STUDF681B,2004-09-27,Other,Estonia
STU98758E,1998-12-19,M,Spain
STUE4CACD,1996-07-20,F,France
STUDC6FB0,2001-07-17,M,China
STU800A2F,1997-07-22,Other,Latvia
STU3E788C,2002-05-24,Other,Italy
STUC0DB93,1996-11-21,M,Norway
STU70C09A,2001-11-23,Other,Sweden
STUF97AE6,1996-03-09,F,China
STUC378E3,2005-07-21,Other,Italy
STU86C19D,2004-08-13,F,France
STU3F9530,2001-10-06,F,Italy
STUA4AAE1,2004-11-21,M,Germany
STU9DB961,2003-03-16,F,India
STUF90F7B,1999-07-20,F,India
STUDF12F2,2003-03-11,Other,France
STU953481,2000-08-13,M,France
STUDAF378,1999-08-22,Other,Germany
STU583510,1995-01-04,M,Norway
STUEA535E,2005-07-17,M,Italy
STU2E3B62,1997-12-24,Other,Latvia
STU899696,1996-04-16,M,USA
STUAB6D9C,1999-03-25,M,France
STU4B9A33,2001-12-12,M,Italy
STU2DBCA4,1997-02-21,F,USA
STU40C8A0,1995-06-26,F,Germany
STU3548F5,2001-08-15,Other,Latvia
STU1A284A,1998-01-26,M,Germany
STUE568C2,1995-04-02,F,Spain
STU229B66,1998-01-26,F,Norway
STUB9FA1C,2004-01-24,M,USA
STU9A4705,1996-03-03,F,Spain
STU6E45BB,1997-04-17,Other,France
STU7E3158,1995-10-20,F,Italy
STU8300FA,2000-01-26,F,Germany
STU62C1F6,2002-02-18,M,Lithuania
STUB72CDE,2001-04-03,Other,Latvia
STUC0ACE8,2000-05-09,Other,Latvia
STU46D321,1995-07-13,F,India
STU2468B3,2001-05-23,F,Germany
STUDD9434,2005-10-26,Other,Lithuania
STU37715D,2005-12-14,F,Poland
STU252D60,2001-06-03,M,Sweden
STUBA8843,2000-05-16,M,Norway
STU23FCA2,1995-05-06,Other,Poland
STU26D320,1999-02-12,M,Spain
STU100C25,2003-08-15,Other,Norway
STUDFF4B8,1995-01-01,Other,Latvia
STU3CC34D,2000-05-12,M,Sweden
STU3A545A,2005-10-07,F,USA
STUC14D27,2002-07-08,Other,Spain
STUE5B170,2003-11-04,M,Spain
STU32F65F,2000-05-21,M,USA
STU26AB5D,1998-07-02,F,Germany
STU806C4E,1995-04-16,F,Lithuania
STU5E2AF5,1997-11-26,M,USA
STUBC581E,2002-01-15,M,Norway
STUEC24DB,1998-07-14,Other,Lithuania
STU3FC803,1998-02-14,Other,USA
STU9340CC,2002-07-01,F,India
STU567CE4,2004-01-09,F,USA
STU32AA50,2001-01-02,F,Italy
STU98ED9C,2004-04-24,M,Estonia
STUEA0D13,2004-05-19,M,France
STU35CE4F,1999-10-23,Other,Poland
STUABEFDF,2005-11-13,M,Italy
STUBC081C,2004-01-06,Other,Norway
STU59B790,2004-12-18,M,Sweden
STU1B82E6,2005-03-05,F,Italy
STU0A8635,2000-08-10,M,Estonia
STU5E9825,1999-12-12,Other,Lithuania
STU46DFAF,2003-11-20,M,Sweden
STU7E3EC6,2001-01-08,F,Spain
STU6B6DB4,1999-01-19,Other,Poland
STU315CBE,2001-02-14,Other,Spain
STU8E2848,1996-04-28,M,Spain
STU3F7BE2,2001-04-10,F,China
STU26ADB8,1997-09-01,F,USA
STU4C6CA6,1998-04-06,Other,China
STU3DF791,2001-05-09,F,Italy
STUB59D3F,2003-02-13,F,Estonia
STU152277,1999-07-04,F,Germany
STU45B713,2005-09-14,Other,Poland
STU2CDB95,2000-10-04,F,Sweden
STU39828C,2002-05-21,M,USA
STU440A2B,2002-12-27,Other,France
STU83E268,2004-02-15,Other,India
STUA8A316,2004-12-01,F,Lithuania
STUEE6178,2005-12-18,M,Germany
STU2E8D6C,2000-08-28,M,Sweden
STU3DB387,1995-03-23,Other,Latvia
STUD6141D,1997-03-09,Other,Estonia
STUC2F07C,2002-02-10,F,Lithuania
STU62D9DC,2001-08-12,Other,Sweden
STU1014AD,2000-01-26,M,China
STUEAAC59,2005-11-01,M,Poland
STUF37848,2005-10-24,F,Estonia
STU81076C,2002-12-14,F,China
STU6692E7,2005-08-01,Other,France
STU7BA521,2003-07-22,M,Poland
STU25CD27,2001-06-13,M,Germany
STUA7DE4C,1999-07-14,M,Italy
STUB35EC7,2001-10-12,M,Germany
STU54CFA4,2000-02-14,M,Latvia
STU1AEAD6,2005-01-06,F,Poland
STU691D7E,1999-03-05,Other,USA
STU8C0F5E,1999-08-10,F,Estonia
STU104AF4,2002-09-12,M,Spain
STU91E54D,2001-09-03,Other,France
STUAB5E2B,2003-01-21,F,France
STU37B9C6,2001-04-11,Other,Latvia
STUE3981D,1995-01-24,Other,USA
STU58D47F,1997-08-27,M,Estonia
STUFE9FFE,1996-08-04,F,Poland
STUF8CE02,1996-03-04,M,Estonia
STU338B8C,1995-06-17,Other,India
STU6A2A5B,2003-05-03,Other,Spain
STU658140,2001-11-21,Other,Germany
STUC8CEBD,2001-11-28,Other,Spain
STU97C92F,1996-04-23,F,Estonia
STU4C1B6F,1999-07-01,F,Latvia
STU3EF65E,1996-12-17,M,Estonia
STUB46BBD,2000-03-04,Other,USA
STU27DA7B,1998-09-11,M,Germany
STUAD7009,1997-10-07,M,Poland
STU121088,1999-03-28,M,Poland
STU6EB1C4,1996-06-28,F,Norway
STU2B0DD3,2004-12-15,Other,India
STU513963,1995-05-28,Other,India
STU2CA779,2005-11-19,Other,USA
STUBD161C,2003-11-08,M,China
STU34B0B0,1997-01-13,Other,Lithuania
STU53F5A3,2000-04-19,F,China
STUEAD6C5,1999-04-25,Other,Germany
STUD9A408,2003-05-12,Other,Poland
STU285807,1997-10-22,Other,Spain
STUA0BC0B,2003-08-23,Other,Latvia
STU1E7B43,1999-04-03,M,Norway
STU771865,1999-10-03,F,Latvia
STU7C1AEC,2002-07-27,F,Germany
STUACED05,2002-04-01,M,Estonia
STU845883,1997-01-27,M,Latvia
STU7C6EE9,2003-08-02,F,USA
STU65439F,2004-12-21,Other,Spain
STUD81080,1997-10-05,F,Lithuania
STUBCD68A,1996-02-13,M,Latvia
STU5B9ECD,1995-02-25,F,Latvia
STU81AF8F,1995-08-08,M,Latvia
STU223893,1996-10-15,F,USA
STU716C53,2005-11-24,M,Norway
STU0F8B06,2002-03-03,Other,Latvia
STUCC0687,2004-01-14,F,Italy
STUA60508,2005-01-22,F,Sweden
STU8E9097,2000-06-08,F,Lithuania
STU2ABB48,1995-03-14,Other,Norway
STU77756A,1996-07-03,F,Germany
STU47CAE5,2002-08-11,M,USA
STU051E1E,2004-10-11,F,Spain
STUF38113,2005-02-23,Other,USA
STUF7455D,2005-07-04,M,Latvia
STUA5CF35,2001-10-17,M,France
STU897A55,1997-11-28,M,Latvia
STUFA2401,2000-10-06,Other,Spain
STU8A5214,1995-01-10,Other,France
STU28E322,2004-03-06,Other,France
STU3F0684,2001-09-20,F,Sweden
STUBB6DB9,2005-02-14,F,China
STU6AD446,1996-02-18,F,Norway
STUE75B0B,1995-12-02,M,Lithuania
STU15FD85,2004-03-02,F,Spain
STUC336E5,2002-09-23,F,Sweden
STUC04545,2000-06-22,F,Poland
STU86E316,2004-06-11,F,Germany
STU023916,2004-01-07,F,Poland
STU23EA4E,2005-04-18,F,China
STUCEC317,2000-02-15,F,Norway
STU2ED0C7,2005-11-21,Other,USA
STU2431EF,2005-04-21,F,Germany
STUDE59B8,2002-03-12,Other,China
STU75D8E6,1995-07-07,F,Estonia
STU15A236,1998-02-06,M,India
STUECF60C,2000-02-22,M,Lithuania
STUD0CA87,2004-10-20,M,Germany
STU43AA29,2004-10-17,M,India
STU791615,1999-09-14,M,Spain
STU1CC0D9,2005-02-04,M,Spain
STUB9EEF6,2000-09-01,F,Norway
STUB9856B,1996-01-19,M,Germany
STU1B932A,1995-11-09,Other,Italy
STU502652,2005-10-08,Other,Norway
STU3818CE,2004-06-20,F,Spain
STUAD96F8,2003-11-10,F,Spain
STU20D94A,2000-12-09,F,Latvia
STU475DEA,1996-10-14,F,Germany
STU4FFC74,1998-12-22,M,Lithuania
STU784654,1998-08-08,F,Spain
STUA114C2,2002-11-27,F,Norway
STUAAA23C,1995-09-03,F,Poland
STUA96EC7,2003-12-01,Other,China
STUCB4D1D,2002-08-18,M,Spain
STUA40B9B,2001-09-06,F,Poland
STUFBE984,1999-12-27,Other,France
STUC6B551,2001-05-25,F,Italy
STU8E4156,2002-06-08,M,Lithuania
STUD6B713,1995-03-14,F,Latvia
STU68B092,2004-12-15,F,Germany
STU8FA53D,2002-06-15,M,France
STU9F1CE1,2003-10-03,M,Italy
STUC60DCC,2000-03-20,M,USA
STUA39817,2001-06-07,Other,Norway
STU36C8A0,2004-05-09,F,France
STUB8511A,1995-02-22,Other,Italy
STU53819D,2003-11-14,F,Latvia
STU51460D,1999-10-27,M,Norway
STUBD53A9,1997-06-09,F,China
STU5F9957,1997-09-07,Other,Germany
STUCAC84D,1999-01-27,M,Spain
STUC8E7B5,1995-09-24,Other,India
STUB208C2,1996-03-06,Other,Estonia
STU5B562C,1999-04-20,F,Poland
STUB4EE36,2000-01-04,M,Germany
STU399243,2005-04-19,F,Poland
STU4BF9A9,1999-11-05,Other,India
STUF7173A,2004-01-02,Other,France
STU1EC871,1995-02-15,F,India
STUE8EEC2,1999-10-21,M,Estonia
STU5BE342,1997-09-07,M,France
STU82FBD5,2004-06-27,M,Poland
STU4EE069,1995-10-23,F,India
STU944852,2002-01-22,M,France
STU1DE663,2004-02-03,F,Estonia
STUF9C238,2004-04-26,F,India
STU5A7277,2002-11-18,F,Norway
STUB3E2F3,2001-03-20,F,France
STUE53C50,2001-08-20,M,Lithuania
STU447C93,2002-03-04,Other,Norway
STU986AF7,2003-03-03,Other,Estonia
STU965506,2005-03-16,Other,China
STU416924,1995-12-26,M,Sweden
STUDB968D,2003-11-09,F,France
STU9E2689,1997-09-16,M,France
STUF1278C,2000-11-15,F,Spain
STU0B56DC,2005-06-17,Other,Norway
STU443128,1998-02-03,M,Spain
STUDEBAF1,2000-05-24,Other,Germany
STU60AE62,2000-09-13,F,France
STUCF4AE4,2000-07-26,F,France
STUF6A3B9,1998-02-07,M,Latvia
STU178329,1996-12-12,F,Poland
STUBE3409,1998-07-17,M,Spain
STUD381C2,1998-11-24,M,Estonia
STU18F58E,1995-12-10,F,Lithuania
STUA6338B,2003-05-13,Other,USA
STU6AA679,2002-05-02,F,Germany
STUD09FC3,1999-09-28,M,China
STU904745,1996-09-16,Other,Estonia
STUEB1F96,2004-08-04,F,Estonia
STU538146,1995-09-26,F,Latvia
STU6B432C,1996-06-23,M,Norway
STUFF99DC,2002-12-04,M,Italy
STU54718F,1997-08-11,Other,Lithuania
STUE61360,2002-11-24,M,China
STU53B4CB,2001-02-28,M,Germany
STU40864A,1995-05-02,F,Spain
STUE24233,1997-03-07,F,Germany
STU5BF1C6,2005-09-04,Other,India
STUC5580C,2004-08-19,Other,Poland
STU89EC94,1996-02-07,M,Norway
STU114A0E,1998-07-13,M,China
STUAFA7E5,2004-12-13,F,Poland
STU22D974,2004-08-19,F,China
STU119021,2004-08-17,M,Sweden
STU720800,1997-07-13,F,Poland
STUC5B66F,1999-02-14,Other,Germany
STUA9B523,2001-11-23,F,Estonia
STU9A4AB0,2002-01-02,F,Spain
STUDAD725,1997-02-26,M,Norway
STUC24E4B,1996-11-24,M,Poland
STU057D1C,2000-02-25,Other,China
STUB7BB79,2002-11-01,Other,Sweden
STU246FEC,1997-08-08,M,China
STUC2AA13,2001-08-07,F,Estonia
STUF3F107,2004-03-18,F,Germany
STUF9DA44,2001-08-17,F,India
STUB94DC1,1996-08-17,F,Lithuania
STUB3BF5C,2000-05-18,F,USA
STU1E7581,1996-03-01,F,Poland
STU5E53DD,1997-12-13,Other,Norway
STU1944E7,1998-08-01,M,France
STU60FDFC,1999-10-22,Other,Norway
STU696E43,2002-02-23,Other,Italy
STUD8BD46,2003-11-28,Other,India
STU3C8BFA,1997-08-18,M,India
STU053393,1997-11-12,Other,Latvia
STUCE98C5,1998-04-23,Other,USA
STU994BA3,2004-02-19,F,India
STU5573DF,2005-10-07,F,Latvia
STU3172CC,2001-05-06,M,Italy
STU6D9756,1996-02-24,M,India
STU9303E2,2001-02-01,Other,India
STU02B3EB,1996-12-05,Other,India
STUE6FFEA,1997-08-16,F,Sweden
STUA33626,2005-06-07,Other,Estonia
STU2E0F18,2003-12-07,F,Sweden
STUA756CA,2005-11-15,M,China
STU50AFE7,1997-07-25,F,Germany
STU9385A1,2001-11-14,F,Norway
STU557C1B,1998-01-03,F,Germany
STUCA62AC,1998-06-22,M,Norway
STUF5B253,2005-10-22,F,Spain
STUAD0F72,1999-01-15,M,India
STU550088,2001-03-25,Other,Norway
STU70A995,2001-07-09,F,Latvia
STUB692F1,1999-09-14,M,USA
STU4FA57F,2000-07-09,M,Spain
STU1845D8,1996-12-01,F,Sweden
STUF85F81,2001-01-24,M,Estonia
STU64EFEC,2002-03-20,F,Italy
STU61E1AF,1996-04-24,F,Sweden
STU8D499F,1995-10-19,M,Poland
STUF6B4F9,2005-05-26,Other,Lithuania
STU432266,2001-09-03,M,Sweden
STU274573,2005-06-28,Other,India
STU42B7AC,2000-11-01,M,USA
STUC00AAC,2001-04-22,M,Sweden
STUD6AB1E,1997-04-16,F,Lithuania
STUA69AAC,2000-12-27,Other,France
STUA0EA51,1998-03-06,Other,Sweden
STU0B5827,1995-03-16,Other,France
STU285AE6,2001-12-06,F,Lithuania
STU49C566,2001-12-17,M,Norway
STUF01E57,2000-10-24,F,India
STU8370D4,2000-09-16,Other,Lithuania
STUE55E15,1997-04-25,M,Norway
STUFD39AF,2005-02-02,Other,Italy
STUCCEA41,2001-05-02,Other,Lithuania
STU0F5B2C,2001-08-10,M,Italy
STU878646,2003-07-16,Other,Italy
STU44C593,2005-03-10,Other,Lithuania
STU47FC1F,2005-09-16,Other,France
STU13D900,1996-06-25,Other,USA
STU9A318E,2000-01-15,F,Norway
STUEEE977,2001-05-10,Other,Sweden
STUEDAE13,2005-04-28,Other,Germany
STU628197,1996-05-18,M,Estonia
STU3DDE71,2001-05-06,F,India
STU31B36A,1995-05-25,M,Sweden
STU9A4B6F,2000-05-24,F,Poland
STU49B0A8,2004-02-23,F,Lithuania
STUECE1BF,1995-11-06,Other,Germany
STU303A18,1997-07-22,F,India
STU6E425C,2001-08-20,Other,Germany
STU55AB10,2001-07-05,F,Spain
STU26835A,1999-12-24,Other,Poland
STU2B5B07,2002-09-22,M,France
STU44685C,2003-11-24,M,Latvia
STU9C982E,2004-12-13,F,India
STUC616A8,2005-09-13,M,France
STU2CB758,2001-10-05,Other,Poland
STUEE4EAB,1996-10-08,Other,Sweden
STUDC5FC5,2003-08-25,F,Norway
STUE59949,1999-02-06,M,India
STU1E68CD,2003-08-14,F,Lithuania
STU786E24,2005-05-09,F,Norway
STUD10C7F,1996-09-13,Other,France
STUC60A0A,2005-02-08,Other,Lithuania
STU01BA5E,1999-01-18,M,Latvia
STUC23DD2,2001-03-23,Other,Latvia
STUA5F594,1998-06-24,Other,Italy
STUB907AB,2005-08-04,F,Germany
STU252F01,2002-01-19,M,Poland
STU7EA747,2004-02-24,M,India
STUF1E4AB,1996-03-11,Other,Estonia
STUA69C23,2000-04-11,M,USA
STU216C21,1997-12-10,M,Germany
STUF76358,2001-07-13,Other,Germany
STU6D9B3E,2005-01-14,Other,Italy
STUE8832D,2001-07-26,M,China
STUC9386F,2004-01-23,M,Latvia
STU9C1E6D,2003-06-26,F,Poland
STU9F44F2,1996-02-23,M,USA
STU5ADB84,1997-01-03,F,Lithuania
STU8D4245,1997-07-03,F,Italy
STU0A1A81,1999-12-05,F,India
STU727F2D,2002-11-03,Other,France
STUD4C699,1996-01-10,F,Germany
STU497733,2003-09-16,F,France
STU8DA15A,2001-09-17,M,China
STU5A3852,2004-01-23,Other,France
STU4F8634,2004-12-11,M,Sweden
STU2C2623,1995-06-23,M,India
STU796161,2003-06-27,F,India
STU1F8423,2001-05-04,M,Norway
STU612C94,1997-09-04,M,Germany
STUC0AACE,1997-04-03,F,France
STU8EB0B2,2003-09-13,M,Sweden
STU3A051A,2001-09-02,M,Estonia
STU2DFC63,2000-06-09,Other,Italy
STUFFEF81,2004-12-24,Other,Estonia
STU8C39D6,2002-06-27,M,Sweden
STUBA96E6,2000-08-02,M,Italy
STUFD4684,2001-03-17,Other,France
STU991731,1999-04-26,M,Estonia
STUDA555C,2005-01-23,Other,Poland
STUE0F54F,1996-07-02,Other,Estonia
STU3C955D,2001-03-20,Other,Spain
STUB39459,2004-12-11,Other,China
STUFEEE97,2005-07-03,M,Sweden
STUD4EB45,1996-06-26,M,Lithuania
STUC1F762,1995-04-16,F,USA
STUFA1534,2005-10-22,M,Poland
STU9A7D11,1997-01-20,F,Estonia
STUCE8A2E,2003-07-02,M,India
STUAE7675,2002-08-28,Other,Italy
STUBF097C,2002-02-12,F,China
STUC1A752,2000-07-05,Other,Spain
STU026568,2004-11-10,F,Sweden
STUFEDB3C,1999-07-28,Other,Estonia
STUE5FC6C,1996-12-10,F,Norway
STU335912,2003-06-20,Other,USA
STU38F11D,1995-10-11,M,Estonia
STU9BB9C0,2003-01-19,F,Estonia
STU4283E7,2004-01-12,F,Lithuania
STUD0762B,1998-03-13,F,China
STUD1CF44,1997-12-23,F,India
STUD73F5C,1996-01-08,M,Italy
STU0C2FE4,1998-01-17,F,China
STU666E9C,1995-04-08,M,Germany
STU3AC16D,1999-07-16,F,Sweden
STUC52D55,2005-10-24,F,Latvia
STU51B372,2005-09-28,F,India
STU3F94CB,1995-07-10,M,Lithuania
STUF2C35D,2003-01-20,Other,Poland
STU97A908,1995-08-21,M,Estonia
STUB1A181,2004-12-14,F,Germany
STU2364D8,1997-05-25,Other,Italy
STU9CF09A,2000-02-11,Other,Norway
STU082122,1995-04-09,M,France
STU64C691,2004-02-15,M,USA
STU416F31,1995-01-08,Other,USA
STUE0EEC1,2000-08-21,M,Italy
STU437788,2003-04-21,M,USA
STUA73F04,1999-10-09,M,USA
STU83A411,2002-05-16,F,Lithuania
STU19A56C,2001-04-13,Other,Italy
STU214CA4,1998-10-20,Other,Germany
STUC6E280,2003-07-24,M,Sweden
STU0E59D6,2004-11-22,M,France
STUA6B57C,2005-02-03,F,Germany
STU037061,2000-07-09,M,USA
STU6C5845,2001-06-02,F,France
STU1CC98D,1998-12-08,M,Italy
STUE3575E,1999-01-25,Other,Sweden
STU115EE2,2004-07-12,M,France
STU048379,2003-03-13,Other,Germany
STU4409CC,2002-03-11,F,China
STUEA0B0E,1998-10-08,M,Lithuania
STU5C8864,2004-11-05,Other,Germany
STUC2382A,1999-02-03,F,Norway
STU6C32F0,1996-06-12,Other,Spain
STUD5052D,2001-08-08,M,India
STU70398B,2002-05-06,M,Poland
STU5CC24F,2000-03-04,Other,China
STU506061,2004-11-06,F,India
STU574344,2004-04-14,M,Estonia
STU806900,2004-08-02,F,Spain
STUF4FB9B,2004-10-12,F,Poland
STU3D1090,1998-02-01,M,USA
STU15226A,2004-09-14,Other,Latvia
STUC13547,2001-04-11,Other,France
STUF71509,1996-03-08,M,USA
STU7F2852,2002-06-13,F,France
STUEDD53F,2000-04-15,Other,Norway
STU81AC5B,1995-10-13,F,Germany
STUCD95D8,1997-06-14,M,Latvia
STU200091,2000-02-14,M,Spain
STU1706A2,1996-03-03,Other,Poland
STU83A5DE,1999-05-05,Other,Spain
STU9E9D4A,2003-02-10,F,France
STU6C6E86,1995-04-05,F,India
STU09E91E,1999-02-11,F,Sweden
STU8EF5C6,1999-03-05,F,Italy
STU896CD5,2004-03-28,M,Norway
STUDEF039,1996-10-06,Other,Lithuania
STUFA321B,2002-05-09,M,USA
STUAC56B9,1996-05-22,Other,Sweden
STUFE582F,1997-10-27,Other,India
STU6FC915,2002-09-27,M,Germany
STUE667BA,2005-09-10,F,Spain
STU39812E,2003-02-25,M,China
STU76C403,2004-12-04,Other,Sweden
STUF0A6D5,2001-01-28,F,India
STUFC2B36,1995-12-28,M,India
STUFDCFF0,2004-09-19,M,India
STU2F5346,2001-09-24,F,Lithuania
STU105701,1996-08-05,M,Italy
STU4D6AA7,1996-09-28,F,USA
STUB22813,2002-05-09,M,Lithuania
STUC611B5,1995-06-09,Other,Spain
STUBFD4DA,2005-02-22,M,Germany
STU7DCFE3,1997-12-27,F,France
STUB45DF4,2004-03-08,M,Norway
STU271003,1997-05-21,F,China
STU227D87,2005-11-22,F,Lithuania
STU5F6CF1,1998-09-19,M,France
STU5B303A,2002-07-21,F,Estonia
STU5998C8,2004-06-06,Other,Spain
STU677D47,1997-06-07,Other,Norway
STUE7EE51,2002-11-10,M,Germany
STU91D9DE,2005-07-25,F,Poland
STU3D5769,2001-05-18,F,Spain
STU2E2BFE,2000-02-10,F,France
STU51FFCD,2005-07-05,F,Lithuania
STU4C74CE,2000-06-08,Other,Italy
STUF5D3D5,2000-06-18,Other,Italy
STUB0ECF9,2004-10-04,Other,USA
STU24E6D7,2003-10-25,M,Spain
STU768442,1999-08-15,Other,France
STU8C9E27,1999-12-20,Other,Italy
STUFA0825,2003-06-07,Other,Estonia
STU09C688,1996-02-25,M,Spain
STU673443,1995-09-27,M,Germany
STUA3E56E,1996-03-04,F,Poland
STU7B2DD2,2005-08-14,M,Italy
STUC4134E,1996-10-15,M,USA
STUFFAB2E,1996-11-01,M,China
STU6AD09F,2005-11-20,Other,USA
STU52FBF2,1998-04-04,M,Sweden
STU39B2BD,2000-03-21,Other,Poland
STU876E60,1995-01-15,F,China
STU64E224,2004-09-18,Other,USA
STUCD71A5,2003-08-03,M,Italy
STUC8AC68,1999-09-10,M,France
STU08D48C,1998-09-02,M,Latvia
STUD93B6F,2001-07-14,F,Latvia
STU25F39B,2005-02-11,M,Estonia
STU113E4C,1998-07-05,M,Spain
STUA6915B,1998-10-07,F,France
STU9D253C,2001-10-12,F,Estonia
STU140F47,2005-05-14,F,India
STU71842F,2004-03-01,F,France
STUCA63AC,2003-09-17,F,Lithuania
STU4EEA2D,2002-04-05,F,Norway
STUD61779,2004-02-14,M,USA
STUE9CDDC,2005-10-22,M,Norway
STU75BBBB,2002-03-14,Other,Germany
STU5DDCE5,2000-03-07,M,Lithuania
STU544985,2004-10-21,F,Sweden
STU60EF6B,1997-08-05,F,China
STU6BE5D5,1995-08-01,M,Germany
STUB1BD65,1995-01-28,Other,France
STUF2E2BA,1995-08-12,Other,Latvia
STU1B7C2B,1997-03-05,F,Germany
STUA7010F,2005-05-17,F,Estonia
STUB87963,2004-04-03,F,Latvia
STU3DD826,2000-09-16,Other,USA
STU0E35EB,2002-04-09,M,Italy
STUAA6C85,1998-09-13,F,India
STU50460C,2001-08-15,M,USA
STU7F59F3,1998-08-21,M,Norway
STUE9EE7F,2004-07-16,M,Latvia
STUB5FB9B,1995-04-14,F,Poland
STU012273,2004-10-19,F,USA
STU515FDD,2001-12-12,M,Poland
STU3B4508,1997-04-11,F,Latvia
STU5A0500,1997-03-07,Other,Estonia
STUB89F23,1999-10-24,F,Lithuania
STUC4BC85,2003-04-10,M,Sweden
STU534983,1997-07-05,Other,Italy
STU9A1400,2005-04-13,F,France
STU981F3C,1996-05-18,F,China
STU88827C,2002-08-21,F,Italy
STU4FB58E,2004-12-19,F,Poland
STU20FD04,2003-09-08,F,Latvia
STUD88E5C,1995-09-19,Other,Latvia
STU38BA1F,1995-10-25,M,Germany
STU7DDB66,1995-08-20,F,France
STU414C04,1999-12-17,M,Norway
STU8796D6,2000-06-05,F,India
STUC80001,1998-10-03,Other,Germany
STUEF83B6,2000-06-05,F,Lithuania
STU099E08,1995-04-02,Other,Estonia
STUA9471F,2002-04-24,F,Sweden
STU0CE623,1995-11-06,F,Latvia
STU29AA2E,2002-01-07,M,Germany
STU555090,1996-11-11,Other,China
STU769615,1998-11-13,M,Lithuania
STU317FA2,1998-12-28,Other,Germany
STUFE0D73,2003-06-17,Other,Sweden
STU9E7C7C,2002-05-08,Other,Sweden
STU688364,1995-05-17,Other,Estonia
STUDAC81D,2003-09-08,M,Sweden
STU52DEFA,1997-12-18,Other,USA
STU256171,1996-08-24,F,Lithuania
STUCE0C88,2001-01-23,Other,France
STU7E5C0B,2002-02-18,Other,Latvia
STU88596A,1995-11-22,F,USA
STU0248F2,2004-11-23,F,Poland
STUE6C1DC,1998-02-19,M,China
STU032ECD,1999-03-19,F,Norway
STU8EF7D8,1998-01-15,F,Sweden
STU7CF328,2003-12-13,Other,Spain
STU0329F0,2003-07-10,F,Poland
STUD34C1C,1995-12-15,Other,India
STU710037,1996-03-15,F,Estonia
STU9FC27B,1999-10-04,F,Sweden
STU41F6EB,2000-06-17,Other,Latvia
STUB07472,2003-03-08,Other,Poland
STUE842F6,2001-12-05,F,Lithuania
STU0FB622,1999-10-04,F,USA
STU8AB0DC,1996-09-25,F,Sweden
STU9E5402,1997-04-08,M,Latvia
STU5B6618,2005-04-04,F,Norway
STUB1C4DD,1997-10-02,M,Spain
STU5CF29E,2002-03-27,Other,France
STU3D6199,2005-08-28,M,India
STUFF15F8,2005-10-22,F,Poland
STU62EC0F,2004-06-03,M,Lithuania
STUF9729E,2002-05-11,F,Germany
STU47D5D7,2004-01-21,M,Spain
STU199888,2000-10-28,M,USA
STU37CD02,1995-06-16,Other,Lithuania
STU65C565,2003-04-19,Other,Germany
STU299382,2005-03-14,M,China
STUFC712F,1995-04-02,F,Latvia
STU5F461D,1998-11-16,M,USA
STUDB8C81,2001-05-05,Other,Estonia
STUA7733F,1999-12-13,M,Germany
STU7502A4,2005-06-21,F,Estonia
STU42493A,2003-11-22,M,India
STUF0EF9E,1997-04-07,M,USA
STUDCB60A,2001-01-27,M,Lithuania
STU78D484,2003-12-20,Other,Germany
STU953168,2005-11-12,F,Spain
STUFF9961,2005-02-03,F,Lithuania
STU2FED95,1997-12-04,F,Spain
STUC993CE,1995-09-26,M,China
STU52FEA9,1999-01-06,F,Sweden
STU5B9047,1996-08-16,Other,Poland
STU4EA2D6,1997-12-17,Other,Spain
STU4B5B3E,1998-03-08,F,Italy
STUA8E93F,1999-03-22,M,China
STU515FAA,1998-11-22,M,India
STUB33EF7,2002-11-16,Other,Poland
STUBB2A15,2001-03-26,M,India
STU9E02F5,1999-03-16,F,Italy
STUB55954,2005-07-11,F,Lithuania
STU28D867,2002-07-05,M,India
STUE28A76,1999-02-14,M,Italy
STU128346,1995-11-05,M,France
STUD01354,1997-02-01,F,USA
STU11751C,1996-02-28,F,Poland
STU1287ED,1995-12-13,F,Italy
STU5493E3,2000-09-06,M,Lithuania
STU1B129F,2005-10-09,M,India
STUA824A8,1997-05-09,F,Poland
STU1868C9,2001-02-20,F,Sweden
STU11942D,2000-04-26,F,Lithuania
STU8B2FC9,2004-03-07,Other,Latvia
STU77FB02,2005-08-20,Other,Spain
STU2F0422,1997-11-08,M,China
STUC92773,1998-12-13,F,Norway
STU05EEA9,1995-10-18,Other,Italy
STUF52DD5,1998-05-05,F,India
STU06C946,1996-08-02,M,Spain
STU16C103,2000-09-18,M,USA
STU3D33E3,1997-02-12,F,China
STU48E1DC,2000-03-09,Other,Estonia
STU68433D,2004-04-28,M,China
STU384941,2003-08-04,M,Lithuania
STUB00895,1996-07-03,Other,Latvia
STUB16BF4,1995-05-25,M,Poland
STU8861A3,1997-02-22,M,Sweden
STU251FC7,1996-01-19,Other,India
STU6C2ABB,2005-01-14,Other,Poland
STUE9A787,1995-12-26,M,India
STUB01529,2004-07-16,F,Sweden
STUCD20DD,2004-08-15,Other,Lithuania
STU7225D9,1998-05-19,M,Poland
STU7EDB27,2001-04-24,Other,Spain
STU0D4BD5,1999-09-08,F,Italy
STU8BDE49,2002-05-19,M,Latvia
STU0C3A7C,2000-08-10,F,Poland
STU6D55EB,2002-08-04,F,Italy
STU6F2941,2001-05-17,Other,India
STUF17973,2001-05-08,M,Germany
STU9C86E1,1999-07-19,F,Spain
STUEEF9CE,1996-09-21,M,Italy
STU8CBC86,2003-10-20,F,Lithuania
STU10505D,2004-10-07,Other,USA
STU33B982,2005-03-13,M,France
STU1E2C21,1998-01-20,M,Sweden
STUF0AAE4,1997-01-27,F,Latvia
STUF63AAC,1997-05-01,M,China
STU6D81C1,2000-03-03,F,China
STU3C9299,1998-09-04,M,Poland
STUC0B925,2005-09-27,Other,Norway
STUFB440D,1998-12-07,Other,USA
STU57338B,1997-05-26,F,Poland
STUD459F8,2000-11-06,F,Latvia
STU2BACF4,2004-10-20,Other,India
STUD487FF,2001-08-27,M,Estonia
STU78846C,1995-04-04,F,Estonia
STU412065,2002-03-27,Other,Poland
STUCF0819,2003-09-12,Other,Latvia
STU152E03,1999-01-15,M,China
STUCA6C69,1999-04-03,Other,Lithuania
STU691D9B,2005-09-12,Other,Norway
STUF587BA,1998-05-13,Other,China
STU959AE4,2003-12-14,Other,Norway
STUC42CA3,2000-11-18,Other,Norway
STU575EE5,1995-02-11,Other,India
STU78547F,1999-03-22,M,USA
STUD22195,2005-08-02,Other,India
STUF33629,2000-06-16,F,USA
STU8040E6,1997-01-28,M,India
STUC315F2,2000-12-08,F,China
STUCF0A49,2003-09-24,Other,Lithuania
STU115675,2003-10-14,F,Spain
STUD9F979,2000-12-25,M,Latvia
STU0FADF0,1997-01-04,Other,Norway
STU461C48,2002-07-15,Other,Poland
STU017DA0,1997-10-09,Other,France
STU58B474,1996-02-12,M,USA
STU060DA6,1995-10-04,M,India
STU6A5062,2002-12-02,F,Spain
STU832D9D,2001-07-06,M,Sweden
STU061D18,2005-03-16,M,France
STUB44AFD,1999-08-01,Other,Estonia
STUA79C7E,2001-08-09,F,Lithuania
STUB1B6A5,2002-02-14,M,Spain
STUD9CCDE,2004-03-12,M,Sweden
STUA39B99,2005-06-22,F,Italy
STUD02718,2005-08-11,F,Sweden
STU18AF95,2005-09-04,M,Germany
STU00F6E8,1995-01-28,F,Sweden
STU8F862B,2000-11-11,F,Spain
STU2B177F,1995-12-22,F,Lithuania
STU0C189C,2002-12-09,M,USA
STUDDD0BA,2004-04-17,F,Germany
STU42FD89,2005-08-28,M,Norway
STU7A2817,2005-06-20,Other,Spain
STU208C03,1998-06-20,Other,Germany
STUB8C594,1999-03-07,Other,France
STU708185,1999-09-05,M,India
STUF99E13,1997-09-19,M,Poland
STUC8BDDB,2002-02-02,F,Spain
STU8A4AB3,2002-09-03,Other,China
STU40FB35,1996-09-14,Other,China
STU4AACF8,2004-04-18,M,Estonia
STUC62C25,2005-12-27,Other,Italy
STU1F5C8D,1999-04-09,Other,Italy
STU1F7AF3,2002-12-23,M,Germany
STU452FF4,2003-05-02,M,China
STUFE02A7,2003-05-25,M,Italy
STUE14E64,2003-09-15,M,France
STU23DEA3,2004-12-03,Other,Spain
STU7E8495,1996-09-21,F,Spain
STUD9CC40,1997-04-24,M,Italy
STUF771C2,1996-10-11,M,Estonia
STU8235B7,2001-03-07,M,France
STU68DF95,1999-01-22,F,India
STU3F549A,2004-12-24,Other,USA
STU72221E,1998-09-24,Other,Latvia
STUA97904,1998-04-07,M,Norway
STUB68E78,2005-09-16,M,USA
STU372EF6,2005-04-11,Other,Latvia
STU3AC80A,1995-06-27,Other,Germany
STU9F6AFF,2004-11-27,Other,Latvia
STU0B9304,2004-12-11,Other,India
STUFD7FBA,2003-02-10,Other,Latvia
STU9E2388,1995-06-20,F,Poland
STUF81F1D,2000-06-14,F,France
STU14057D,2001-05-05,M,Norway
STUD9F584,1998-01-02,F,Spain
STUC09460,2001-05-15,M,France
STU672B77,2003-08-02,F,Germany
STU860881,2003-11-02,F,USA
STUFAC11B,2003-10-04,Other,Germany
STU8A616C,2004-05-21,F,Norway
STUA864C4,2001-04-07,Other,USA
STU07A9EB,2002-08-25,Other,Estonia
STU0054B1,1998-09-01,F,China
STU08EBD8,2002-01-04,M,Lithuania
STU177A7C,1998-08-14,M,France
STUF51AEA,2004-02-19,M,India
STU9DD98D,2002-10-19,F,Lithuania
STU7731DE,2000-08-19,Other,Norway
STU870DBE,1998-02-01,Other,Lithuania
STUDEADE9,1997-08-24,M,Spain
STUFB7DDB,2001-03-27,M,Italy
STU005A86,2000-08-17,F,Poland
STU0A5665,2004-01-08,M,Germany
STUA10334,1997-02-04,M,India
STU688C4D,2003-09-14,Other,USA
STU19E18D,1996-09-13,F,Lithuania
STUA1B293,2002-01-20,F,Poland
STUFCAE03,2004-06-16,M,China
STUD91612,1999-02-14,Other,Italy
STU44ED4F,2003-11-21,F,Italy
STU64E998,1998-12-13,Other,Latvia
STUD43D07,2005-02-21,M,Italy
STU8A46ED,1998-12-28,F,Lithuania
STU664CB7,2000-04-10,F,France
STUB23037,2004-03-27,Other,China
STUD8005F,1998-01-22,Other,Poland
STU6A1791,1995-08-24,Other,Estonia
STU6EE658,1998-05-12,F,Italy
STUD6922D,1996-04-19,Other,Lithuania
STU8CF453,2002-11-06,F,Norway
STU109D88,1999-11-27,F,Spain
STUF21C28,1998-10-13,M,Italy
STU19DE31,2004-10-19,M,Norway
STUAF0B89,2003-01-21,Other,Germany
STUF710DD,2002-02-11,M,Germany
STU155A9E,2002-04-16,Other,Germany
STU185F67,1997-07-07,Other,Sweden
STUF3B78C,1996-08-04,F,Latvia
STU1E1592,1996-04-25,Other,Spain
STUC62BD6,2000-09-04,F,Latvia
STUD01807,1996-01-25,F,Germany
STU401A21,1999-11-11,M,Spain
STUB0DE48,2000-08-21,Other,Spain
STU598EC2,2000-05-06,M,China
STU378ED9,1996-12-28,M,USA
STU2FA4BB,2005-06-16,Other,China
STU239360,2001-02-10,F,France
STU7D51CB,1995-01-11,F,Estonia
STU2123F5,2004-08-20,Other,France
STUF534E9,1998-02-11,M,Germany
STU6D6CD5,2002-12-20,M,Poland
STU11E84D,1995-11-15,F,Sweden
STU93D690,2000-06-02,F,Italy
STU30E6B6,1998-01-06,Other,Lithuania
STU80E95C,1995-07-18,Other,Sweden
STUB34A88,2000-11-06,M,Germany
STUC8DC51,1995-05-05,M,USA
STU06CB2F,1999-03-05,F,Norway
STUDDABD0,1995-05-06,Other,France
STU917281,2003-06-02,M,Spain
STUBD2BC0,2001-08-05,F,Italy
STU270ED4,1995-09-20,M,Germany
STUD07B3B,1995-01-17,F,India
STU1A637D,2003-11-27,F,Italy
STUBB03C3,1997-02-19,M,Germany
STU98E164,2001-10-10,F,USA
STU018A24,2001-05-08,M,Lithuania
STUB0B1DE,1997-10-04,Other,Germany
STU6AFC73,1995-10-16,F,USA
STUB014DD,2000-09-07,Other,Italy
STU39DAC9,2002-02-21,Other,Norway
STU0BFDEF,2003-07-05,M,Latvia
STU9E1D5D,2004-03-15,Other,Estonia
STUD89468,2002-10-07,F,Latvia
STU1C2B1D,1998-03-19,F,Latvia
STU876234,1995-08-09,M,Sweden
STU00CCF9,2003-10-01,M,Norway
STU542001,2000-01-04,F,Norway
STU0B5929,2000-05-15,F,Lithuania
STU6DD6FE,1998-11-03,F,USA
STU8B7217,2003-02-12,F,Spain
STUAD8CE8,2001-07-10,Other,Lithuania
STUABBE2B,2005-10-24,F,Latvia
STUEDDC76,1995-02-06,M,Lithuania
STUB2A5BC,1998-10-01,Other,USA
STU47A7C6,1996-12-20,F,India
STU4A1D0C,1995-11-10,F,Sweden
STUD3CBE8,2000-10-11,F,France
STUD56ED4,1995-09-18,Other,Latvia
STU8B3BC1,2000-01-07,F,Germany
STUA58C22,1996-10-07,M,France
STU6F53D7,1996-09-26,M,Latvia
STUD13B33,2005-05-18,M,Estonia
STU5E184E,2001-01-23,Other,France
STUFDE68D,2001-03-02,Other,Norway
STU69C161,1998-09-10,M,Germany
STU3889D4,1997-02-12,F,Spain
STU4357D4,1999-04-20,Other,Norway
STU9F3143,2001-09-05,Other,Italy
STUF70E0E,1997-04-17,M,Italy
STU9C478C,1999-08-10,M,India
STU97FA57,1997-11-20,Other,Italy
STUF8605B,2000-08-12,F,Spain
STU3B4D34,2003-04-12,M,Sweden
STU76C07E,2000-12-09,M,Spain
STU4635C8,2004-01-16,Other,France
STU792A23,1999-04-05,Other,Norway
STU971012,2004-03-23,M,Germany
STU427F86,1997-03-04,M,Spain
STU5AEFCF,2005-12-15,Other,Lithuania
STU4B6160,2005-04-05,Other,USA
STU174EF5,1997-09-17,Other,Estonia
STU5612E4,2002-01-22,M,USA
STU2EF512,2001-01-02,Other,Italy
STUE654B9,1997-01-14,M,Lithuania
STU4C87ED,2003-05-04,M,China
STUDBDD55,2001-10-22,Other,Norway
STU0A492C,2002-11-21,F,Italy
STUE0483E,1998-03-08,Other,Sweden
STUA296E8,1998-11-21,F,Norway
STUDCCCF5,1998-07-24,F,Germany
STU083122,1996-08-18,F,India
STUAF46F8,2005-08-06,M,Latvia
STU69FF64,2005-01-27,Other,France
STU8E3275,1998-07-20,M,Norway
STU58D4B2,1999-03-24,M,Latvia
STUCE0DA1,1995-11-18,F,Estonia
STUF53D55,1996-10-03,Other,Lithuania
STUA2E64E,2004-09-04,F,France
STUAAC42D,2000-06-23,M,India
STUDE3DC2,2002-06-21,M,Norway
STU7BE220,1995-01-09,M,Lithuania
STUBE695C,1997-12-07,M,Sweden
STUBF77B5,1997-09-13,F,Poland
STU96E339,1996-07-20,M,Norway
STU9F52E3,2002-11-02,M,Latvia
STU69E622,2004-04-22,Other,Poland
STUD59F5A,2005-04-23,Other,Sweden
STU4280A1,2005-05-19,M,China
STU9C751B,1998-07-23,F,Norway
STUACA08D,1996-07-17,Other,Estonia
STU90F6A3,2002-03-19,Other,Spain
STUC9100A,1996-10-01,M,Lithuania
STU96D47B,1996-09-12,F,France
STUA04485,1995-06-25,F,China
STU8D9250,1999-05-17,F,Lithuania
STU2DC691,1998-09-03,Other,Norway
STU408217,1996-08-27,F,Norway
STU50F9F7,1999-10-01,F,Estonia
STUD73ABD,1997-04-05,Other,Italy
STU909543,1998-04-16,M,Sweden
STU06B3C9,1997-04-01,Other,Italy
STU519073,2002-07-05,Other,Lithuania
STU25BD50,2002-03-13,F,Estonia
STU520E2F,1998-02-18,Other,Italy
STU5F6334,2003-06-06,Other,USA
STU5387D2,1996-09-14,M,Italy
STU56ADEB,1998-10-12,F,Spain
STU7947BA,2004-05-22,Other,Norway
STUE075DE,1999-03-05,F,Spain
STU90D0A2,1999-10-02,Other,Spain
STUB2C41A,1999-03-13,Other,China
STUC12F17,1997-07-08,F,France
STU9EAB7D,1999-09-07,M,France
STUCF77FB,1996-01-28,F,France
STUB0A048,2000-11-28,Other,Estonia
STU7163EA,2001-01-03,Other,Spain
STUE2F5F0,2005-08-16,M,Latvia
STU8D8FE2,2001-08-11,Other,China
STU409E1D,2001-07-24,Other,Lithuania
STUA216EB,2002-04-10,F,India
STU6FABFD,2002-02-01,F,Poland
STU57FBBB,2002-09-01,F,Italy
STU5C65BF,2000-01-06,F,France
STU70739A,2002-03-05,M,Poland
STUF9A13D,1999-07-22,F,China
STUA43E5F,1997-01-05,M,Norway
STUB40902,2001-06-16,Other,Sweden
STUE695A0,2001-08-12,Other,Poland
STU2052F6,1998-05-08,F,India
STU0564FC,1999-08-28,F,India
STUB3D649,2001-12-06,M,Sweden
STUCCD598,2004-07-14,Other,Spain
STUF9D7D0,2002-09-14,M,Germany
STUBFB759,1995-05-12,Other,Norway
STU6F9CFC,2002-07-16,Other,USA
STUF0EB34,1999-01-09,Other,Italy
STUD07442,1995-07-26,Other,Estonia
STU40E4E7,1997-06-27,M,India
STUDC871B,2004-11-04,M,Italy
STU120FD5,2005-06-14,F,China
STUF2817F,1997-10-28,M,Norway
STUAC07AF,2005-09-04,Other,Spain
STU25957E,2001-03-09,Other,Latvia
STU0AF6F8,1995-12-09,F,Norway
STU0E1DC5,2002-10-08,M,Latvia
STU5339A0,1998-10-11,Other,Lithuania
STU4A2C82,1997-11-15,Other,Sweden
STU46897A,2005-03-22,F,Spain
STU362AF7,2005-02-09,M,Spain
STU207828,2000-12-02,M,India
STUB80A97,2004-08-17,F,Poland
STU040C90,1999-02-06,M,Poland
STU6A6D0F,1996-10-01,F,Norway
STUF3B77A,2002-04-28,F,Latvia
STU690C6C,2000-03-22,M,Norway
STU5E859D,2005-05-15,F,Poland
STUD27396,1996-06-11,Other,India
STUE5891A,1999-10-22,F,China
STU6E48A7,1998-09-28,F,Lithuania
STU7BA2EC,1995-09-04,M,Lithuania
STUB34153,2000-03-03,M,France
STU5B0172,1995-11-16,F,India
STUCC38A3,2001-08-17,F,India
STU3BF479,1996-10-18,F,China
STU50BB43,2001-05-12,M,Spain
STUEE0018,2003-04-15,M,Spain
STUE69BB1,1996-01-26,F,USA
STUFB0B75,1999-08-13,M,Spain
STUF558EE,1996-01-16,F,Norway
STU23B665,1998-11-12,M,Spain
STUDAD2CA,2004-07-09,M,France
STU0E1F4D,1999-02-06,F,China
STUC92BE8,2000-08-27,Other,Latvia
STU535667,2003-01-06,F,China
STU2D199B,1997-01-20,Other,USA
STU4DC600,1998-06-06,F,Poland
STU400336,1997-01-20,Other,Norway
STU6EB38C,2000-06-10,Other,Sweden
STU58E8A1,2002-12-02,M,France
STU4296D3,2002-06-22,Other,Norway
STU7003BE,1995-02-05,Other,Latvia
STUCBB162,1995-09-15,M,Spain
STUC3F55D,1999-02-04,F,Spain
STU46F86F,2003-07-03,M,Poland
STU2C19DD,1995-09-07,M,Poland
STUBD82CC,2000-04-11,Other,USA
STU29BF41,1997-08-18,M,Lithuania
STUDB0ECA,2000-07-02,Other,Latvia
STUCAC6B6,2001-04-26,Other,USA
STU5F8328,1999-02-20,F,Germany
STU35522A,2003-05-26,M,China
STU58A65F,2004-05-09,F,France
STUA08A8C,2001-10-01,Other,Italy
STU27DAFE,2002-10-06,M,Germany
STU0E1AD1,2005-12-03,Other,Spain
STU066730,2004-06-16,F,India
STU805788,2003-06-07,Other,Estonia
STU01AD2D,1998-04-11,F,Germany
STUC93545,1999-02-20,F,Poland
STUB6485B,2002-09-13,M,Poland
STU891465,2003-11-19,M,Norway
STUA65626,2003-07-20,Other,USA
STU181577,2000-07-17,F,India
STUBB0634,2004-07-23,F,India
STU4D533C,1998-08-23,Other,India
STUCF2D79,2004-06-13,Other,Latvia
STUDD39D1,1995-12-17,F,India
STUE18FE0,2004-11-14,F,Italy
STUB6CBDF,1997-02-13,M,India
STUE5B20B,2005-11-10,Other,Norway
STUAA9473,2003-07-24,F,Latvia
STUBFD58D,1995-02-02,F,Poland
STUA58688,2005-02-17,F,China
STU35000F,1997-11-24,F,France
STUD1B2BF,1996-12-01,M,Germany
STUC7E189,1995-06-18,M,Italy
STU4B29AA,2004-06-21,F,China
STUE6CF97,2003-09-01,Other,Latvia
STU49541A,1998-06-05,F,Germany
STU38E66D,2002-04-22,Other,Germany
STUC672E6,2002-07-27,M,Sweden
STUAA9A67,2002-01-13,M,Italy
STU321637,1995-10-03,Other,Norway
STUC45FD7,2005-10-06,F,Poland
STU1FCB86,1996-10-23,Other,India
STUE9EFE4,1995-10-26,F,Sweden
STUEE0412,1995-07-21,Other,Estonia
STUDE2280,1998-12-06,M,Germany
STU6A652D,1998-07-16,Other,Spain
STU244346,2001-12-11,Other,France
STU35CC74,1995-02-25,Other,India
STU180FFF,2002-04-04,M,Poland
STUE5F5E4,1997-01-28,Other,Germany
STUB934C6,2002-03-06,M,Sweden
STU95284B,1998-02-16,F,USA
STU4A9191,2005-11-04,Other,Estonia
STUB8AFBA,1998-09-19,M,USA
STU688A00,2002-04-08,F,Lithuania
STU5A1CF9,2004-12-11,Other,Sweden
STU555CEE,1998-06-10,F,Estonia
STU81E110,1997-04-26,M,Sweden
STU188C25,2001-03-09,M,Estonia
STU984ECF,2004-12-14,F,Spain
STU7DF44B,2004-01-28,F,France
STU0CF239,1997-11-13,F,Spain
STUF0B791,1998-09-21,Other,Poland
STUFF8280,1997-03-17,M,Lithuania
STU7CB005,1997-04-21,F,Lithuania
STU017D6B,2005-11-24,F,Lithuania
STUF105C3,2004-11-07,M,France
STU06279D,1996-08-22,M,India
STUBA8857,1998-07-04,M,Spain
STUC8581F,2004-04-07,Other,Poland
STUF9997D,2003-10-09,F,USA
STU377F94,1999-11-21,Other,Norway
STUF4171F,2000-02-23,Other,Italy
STU041473,1997-04-25,Other,USA
STU24A6C8,2000-09-19,F,Germany
STUAE10AB,2000-01-26,F,Norway
STUE2103B,1996-04-05,M,USA
STUAFA703,1998-08-27,Other,India
STU7D78D1,1995-10-01,M,Poland
STU8D773D,1998-05-13,F,France
STU65E506,1998-10-01,Other,Poland
STU603EB7,2000-11-28,M,Spain
STU272CA3,2004-06-18,M,Spain
STU72DC78,1997-11-14,F,Lithuania
STUCCB493,2004-01-04,M,Latvia
STU5B8D7C,1996-09-10,Other,China
STU6C85C0,2003-10-08,Other,Sweden
STU0D8877,1999-06-20,M,Spain
STU15281B,2005-01-25,M,Sweden
STU5CF826,2002-10-19,M,USA
STU636F66,1998-05-14,Other,India
STUF00F19,1995-07-21,M,Sweden
STU2CED30,2000-07-03,M,Poland
STU978FD8,2005-08-27,F,Norway
STU13824C,1997-07-16,M,Spain
STU3F6994,1999-01-14,Other,Latvia
STU168E21,2002-08-05,F,China
STUF4AD5B,2000-11-07,Other,Sweden
STUE90CA6,2001-09-20,Other,Norway
STUD96E62,1995-08-07,Other,France
STU48BBAF,2005-03-04,Other,Lithuania
STU928502,2003-10-22,M,Poland
STU1702BF,2001-10-17,M,China
STU2CA435,1998-12-16,Other,China
STUD1D961,2004-12-12,M,India
STU2C7603,1999-03-22,Other,Lithuania
STUC1D580,2000-07-13,Other,Lithuania
STUAD37D1,2002-04-12,M,Sweden
STU74895C,2002-06-13,F,Germany
STU03D2C8,2004-11-23,Other,Lithuania
STUC4CBF7,2000-04-21,M,China
STUFA4C94,1998-07-04,M,Lithuania
STUFF5541,1999-11-14,Other,Lithuania
STU16AC20,2000-02-01,M,Poland
STU8909A5,2004-12-20,F,Lithuania
STU53CF9A,1995-10-26,Other,India
STUFBBDA9,2002-03-13,F,Sweden
STU31F687,1997-08-04,F,Norway
STU098D98,2000-03-28,M,Italy
STUC7B120,2004-04-25,Other,Italy
STU01464B,1999-02-12,F,India
STUCE3667,1997-04-19,F,France
STUBF18D2,1997-05-26,F,France
STUC29E1D,1997-11-11,Other,Estonia
STUFEA021,1996-10-28,Other,India
STU719761,2000-10-16,F,Sweden
STUDDDB9B,2000-02-19,Other,France
STU841F56,2001-11-27,F,Sweden
STU8D3291,1998-12-04,F,Lithuania
STUE8033A,1998-03-21,Other,USA
STU0B6189,2003-09-19,F,USA
STU904D98,2003-10-16,Other,Estonia
STU084127,1999-02-23,F,Germany
STU86B95C,2001-04-23,Other,Italy
STUC2F832,1997-09-18,M,Latvia
STU4E0BB7,1995-11-22,Other,Germany
STU9B1DC1,1998-02-10,M,USA
STUD16785,1995-11-05,F,Germany
STU405EA7,1995-01-21,M,China
STUF33CF8,2004-12-28,Other,Estonia
STUE4FCBD,1995-05-06,Other,Sweden
STU98A2D8,2004-12-18,M,Latvia
STUC71ADE,2002-09-06,F,Spain
STU340ACF,1999-07-16,Other,Lithuania
STU5C4E5B,2004-10-15,Other,Latvia
STU7ABD6D,2000-11-02,F,Poland
STU68351D,2001-02-08,M,USA
STU41EDFF,1997-02-15,Other,Latvia
STUE4BD83,2005-12-27,Other,India
STU11721E,2003-11-23,Other,Poland
STU932EBF,2001-11-06,F,Sweden
STU4E95EF,2001-10-17,F,France
STUB4CB32,1997-03-08,M,Latvia
STU28BAA7,1999-05-10,F,Poland
STU68BE0D,1996-08-19,Other,China
STU1599E0,2000-05-20,Other,Italy
STU9B3A32,2002-02-22,M,Norway
STU367D17,1995-05-20,F,USA
STU80C44F,1999-11-21,M,Italy
STUDB0CE7,1998-07-04,F,Italy
STUDB82A3,1996-11-22,Other,Latvia
STU9B8219,1998-02-27,M,Germany
STUFB53C9,1996-11-17,M,India
STU804B43,2001-08-26,M,France
STUDE469A,2004-02-12,F,Poland
STU49C9D5,1995-01-16,M,Sweden
STU66FE8D,1995-08-13,Other,USA
STU4F7648,2000-02-14,F,India
STU806215,1995-11-27,F,France
STU37C35D,1995-01-11,Other,China
STU74DDAF,1999-05-12,M,India
STUEE72D9,1997-09-06,F,China
STU2B130B,1997-10-09,M,Latvia
STU96D287,2004-09-03,M,Sweden
STU64257D,2001-05-26,Other,Norway
STUF34E40,1997-11-09,Other,India
STUBE0D03,1998-03-11,Other,Italy
STU142C27,2002-05-23,Other,Italy
STU24A097,2004-02-25,M,Spain
STU7398F8,2002-06-19,Other,China
STUBA2836,1998-04-09,F,China
STU9158B5,2003-03-25,M,Latvia
STUE5EBE4,2003-02-17,F,Poland
STUD0D339,2001-10-09,F,India
STU39A2AD,2002-06-14,Other,China
STU1A42C4,2004-11-25,M,China
STU768B03,2004-11-27,M,France
STUB40602,2005-08-14,Other,Lithuania
STU6D6273,2002-03-11,F,USA
STUC82587,2004-08-12,Other,Poland
STU498BB7,1998-02-11,Other,France
STU1488B8,2001-04-14,F,USA
STUA31F21,2001-03-04,M,USA
STUCDD11A,2001-01-14,M,Estonia
STUF305E8,1999-12-19,F,France
STU4E2D2E,2002-11-06,F,Germany
STUE8847E,1999-06-11,Other,Norway
STUCD7250,2001-10-19,Other,Latvia
STUB46B2A,2002-06-03,M,Estonia
STU4EE040,1999-09-19,M,USA
STUF4216D,1998-12-08,F,China
STUC7E88A,1998-10-19,F,Lithuania
STU3C08A5,1996-05-09,F,Poland
STUD88195,2000-11-24,Other,Estonia
STU38EA3F,2005-08-16,Other,Poland
STU459A45,2004-05-21,F,Italy
STUDDBDC7,2004-06-23,Other,Sweden
STU926FF8,1996-05-02,Other,Norway
STU2A61EC,2002-05-03,Other,France
STUC2AD4E,1996-03-13,F,Lithuania
STU9FDDA4,2000-04-12,M,Estonia
STU73F3FE,1998-03-05,F,Sweden
STUFA2337,2004-12-16,M,India
STUD228A4,2005-01-11,F,Germany
STU0F6532,1996-09-14,F,Italy
STUC94D7D,2005-04-05,Other,Sweden
STU695647,1996-07-20,M,Norway
STU3816D8,1999-10-19,M,USA
STU64F169,2004-05-12,Other,Germany
STU6D5ED8,1997-08-23,Other,China
STU047675,1996-09-26,M,Italy
STU37EC29,2000-05-28,F,Lithuania
STU5A33F7,1995-12-28,F,China
STU935642,2003-09-16,M,China
STU225BE5,1995-11-05,Other,Sweden
STUDD27E7,2005-03-01,F,India
STUE68E34,2001-11-08,M,Sweden
STUB331CA,1999-01-25,Other,Norway
STU8A1F60,2001-03-25,Other,Germany
STU3F7A07,2002-02-22,M,India
STU5E5FF1,2003-09-06,F,Spain
STUA397EE,1996-01-24,Other,Sweden
STU022244,2003-08-06,F,France
STU4467D3,1995-08-16,Other,France
STU95C63E,2003-09-24,M,Sweden
STU5033EC,2003-03-01,F,Spain
STUCE82AF,1997-09-03,M,Norway
STU8525D7,2002-04-04,F,China
STU3CD6ED,2002-05-22,M,USA
STU3BD3DD,2002-09-20,Other,China
STUACB1BE,1999-04-16,Other,USA
STUDD9EB1,2003-08-06,F,Germany
STU26D8FB,2002-06-17,M,France
STUA8A66F,1995-12-13,F,Lithuania
STU97DDC6,2000-09-01,Other,Estonia
STU73CE19,2005-06-07,M,Sweden
STU5DC99F,1999-08-02,F,Estonia
STUD24235,2005-05-18,Other,Norway
STU3BC151,2000-04-23,F,Lithuania
STU5B5DC3,2002-11-21,Other,Spain
STU12F7E5,1997-09-21,F,Italy
STU3F6B9A,2001-09-17,Other,Estonia
STUEB60E5,1998-03-05,Other,Poland
STUC623B2,2005-08-03,M,Latvia
STU31FE3A,1997-03-27,Other,Poland
STU3E662D,2004-05-02,M,Spain
STU3A37D2,1999-10-23,F,Norway
STU7570BB,2000-11-21,Other,China
STU188AF3,1998-04-13,F,China
STU6EFBB6,2003-04-12,Other,Latvia
STUAC0572,1999-06-09,Other,Lithuania
STU146262,2005-09-14,F,USA
STUE80F86,2003-02-07,Other,USA
STUB2B47B,1997-04-23,Other,Poland
STU163925,1996-10-14,Other,Norway
STU23A42A,2001-11-09,F,Italy
STUBA61DB,2005-09-24,M,Spain
STU6E46B2,2000-07-13,M,Latvia
STU433905,2003-11-25,M,Latvia
STU6A1D51,1997-03-15,M,Sweden
STU7B0AF4,2005-11-19,F,Norway
STU64E578,2002-08-08,M,Latvia
STU8617FC,1999-03-19,Other,Italy
STUB956FC,1995-08-27,F,Lithuania
STU43572A,2005-03-07,F,Latvia
STU49C875,1996-11-02,Other,USA
STU1D86FB,1999-07-26,M,Sweden
STU855EE0,2005-04-05,Other,Lithuania
STUD79DE7,1996-06-27,F,Sweden
STU2476E5,1996-03-03,F,India
STUB26B35,2004-02-24,M,USA
STU31D389,1997-09-21,Other,Sweden
STU35D87D,2005-08-07,M,USA
STU72424B,2004-05-24,M,USA
STUBB164F,2005-10-28,F,Estonia
STUB5ED30,1997-11-14,Other,USA
STU813223,2000-11-04,M,Latvia
STU87E53D,2000-12-17,M,Germany
STU21D046,1995-03-21,M,Poland
STUC69115,2000-11-25,Other,Germany
STUF4E608,1996-11-23,Other,USA
STUA029AA,2003-01-19,F,Poland
STUCE4A3E,1997-05-20,M,Lithuania
STUF6B723,1996-09-24,F,India
STUD1158D,1998-06-24,Other,Estonia
STUDB24CD,2002-04-01,Other,Latvia
STUE2419C,1995-07-11,F,Germany
STUEAB4D2,2002-04-17,M,Poland
STU74620E,2001-12-11,Other,France
STU044655,2000-07-07,M,USA
STU481D87,1999-06-10,Other,Lithuania
STU73496A,2000-04-14,M,Sweden
STU984536,2000-07-17,M,China
STU6556BA,2000-05-21,M,Estonia
STU0414F5,2003-06-22,M,Poland
STU8F977D,2002-12-16,M,USA
STU827182,2004-07-05,M,Estonia
STU6758A9,1997-04-24,Other,France
STU32B65D,2001-08-04,Other,France
STU29EE1D,1999-07-03,Other,Norway
STU0A900E,1998-03-15,F,Spain
STU477C80,1995-11-15,F,India
STU971343,2005-11-22,Other,Sweden
STU63FB01,2002-11-09,Other,Lithuania
STU043860,1995-02-21,Other,India
STUD4A411,1999-08-26,Other,USA
STUA3F136,2001-07-19,Other,India
STUBE8AB4,2000-04-12,Other,Sweden
STU3A5812,1995-08-03,M,France
STUC6E45D,1995-09-09,Other,Norway
STUD9A1FB,2001-06-23,M,Lithuania
STUA90749,2005-06-13,M,Germany
STU14E1BE,2005-05-25,F,Poland
STU36D107,2003-01-07,Other,China
STU8E6C29,2003-09-27,M,China
STU81028F,2005-05-21,M,Norway
STU93C66E,1996-01-10,Other,Italy
STU61944E,2005-09-06,F,Lithuania
STU3A231F,2004-07-24,M,Lithuania
STU1D8595,2002-06-02,F,India
STU7CBADB,2004-08-11,M,Germany
STU4E3B04,1996-08-17,M,Sweden
STUC4ED99,2001-08-15,F,Latvia
STU7D3A1D,1996-09-19,M,Lithuania
STU2DA997,2005-02-13,M,India
STU5DB63B,2005-07-17,F,Germany
STU6B238D,2001-04-07,F,Poland
STU079B31,2003-10-04,M,Italy
STU1131F3,2000-10-25,Other,Sweden
STU72FD60,2000-08-06,F,Germany
STU0A4DFF,2003-08-27,Other,Poland
STU9F581B,2005-12-17,F,USA
STUC06A9D,1996-12-10,F,Sweden
STU01DE81,1997-11-08,Other,Lithuania
STU8167FF,1997-07-27,F,Lithuania
STU5A11CD,2004-05-14,M,Latvia
STU4B2528,2001-08-22,F,Poland
STU46746A,2001-05-03,Other,Poland
STU2A575F,1999-07-02,F,USA
STU8FBA09,2005-10-19,M,Germany
STU33C2BE,2004-11-08,F,Spain
STU474DB7,1997-03-17,M,India
STU7CA420,2005-03-20,F,Estonia
STU09D331,2003-01-26,M,Spain
STU34EB22,1999-08-05,Other,Lithuania
STUD5C1F2,2004-07-16,M,Latvia
STU74FDB2,2001-07-16,F,Poland
STU19AF18,2004-07-12,M,Norway
STU34D617,2001-08-01,M,Estonia
STUE8E4D0,1997-08-10,Other,Estonia
STU440DBF,1996-05-08,Other,Spain
STU91A88D,2004-08-22,F,Lithuania
STU5C2752,2000-04-01,Other,USA
STU44F9CA,1998-04-27,F,China
STU981CB1,1995-02-10,F,Norway
STU9CDDE2,1996-06-03,M,USA
STU1A0FA2,2003-11-18,Other,Latvia
STU0A5C37,1997-08-02,M,Germany
STU800B08,1997-05-24,Other,Estonia
STU2BF3F8,1996-04-13,M,France
STU35E273,1998-08-09,F,Italy
STUFFCD78,2002-11-13,F,China
STU252781,1998-10-28,F,Lithuania
STU86B3E3,2003-02-19,M,Norway
STUEA37DD,2000-09-26,F,India
STU417370,2003-03-16,F,Italy
STU04119D,2004-05-27,F,Estonia
STU64E8F8,1997-03-15,Other,China
STUBA85EE,1995-02-19,M,France
STUEF6BBD,2005-07-15,F,Estonia
STU4C03C3,2000-08-27,Other,USA
STU282208,2001-04-08,F,Poland
STU0FAFEC,1996-10-07,F,Poland
STU518FB5,2002-01-18,F,Poland
STU199478,2001-06-02,Other,China
STU13BB2D,1996-08-02,M,China
STUF97640,2005-08-13,M,Spain
STUC16DF1,2000-03-10,M,Latvia
STU0ACC65,1996-07-19,F,Italy
STU22008D,1998-12-23,Other,France
STU95A70F,2000-06-10,M,USA
STU48EBEC,2005-11-15,M,France
STUA7D35A,1999-11-28,F,Italy
STUBF76B3,1998-10-27,Other,Latvia
STUC9B674,2002-11-21,Other,India
STU9A0C83,1997-11-02,M,France
STU036DFF,2003-03-20,M,Spain
STU7B6059,2002-10-27,M,Italy
STU3AED8A,2005-10-24,Other,Estonia
STUB98851,2001-09-14,Other,Italy
STU18B9C6,1995-07-14,M,Poland
STU9D9A40,1996-07-12,F,Latvia
STU08A402,2001-06-04,M,Italy
STU1C2395,1995-04-11,F,Italy
STUA45221,2003-02-26,Other,USA
STU0DBEA6,1995-11-22,Other,China
STUB880A4,1995-07-13,Other,Lithuania
STUB9A2AF,2000-07-28,Other,China
STU96FE70,2002-08-22,M,USA
STU8CC946,1996-04-14,M,Lithuania
STU60EC50,2003-05-24,Other,Spain
STU8BC802,2003-01-01,Other,Sweden
STUCEDFE7,1998-12-20,Other,Spain
STUE7514C,2002-09-05,M,Sweden
STU0B3DEE,2004-12-04,M,Estonia
STUED8780,2005-10-24,F,USA
STU50ED33,2003-08-06,M,Estonia
STU2D4FB8,1996-07-07,Other,Lithuania
STU2A590A,2005-10-04,F,Italy
STUBD3761,1996-07-18,M,Lithuania
STU46DB33,1999-08-06,M,Italy
STU99F820,1998-06-16,Other,Lithuania
STUD2FCC5,1995-10-07,F,Latvia
STU8E051E,2002-02-16,M,Germany
STU83C638,1995-01-22,Other,Italy
STUED82CB,2000-11-12,M,USA
STU16AA2C,1996-12-18,F,Latvia
STU9F5F1B,2004-01-02,Other,Italy
STUCB9518,1997-10-20,F,Germany
STU251724,1998-03-12,F,USA
STUBC78F5,1999-04-21,M,France
STU918C9A,2004-03-22,M,Germany
STUBB8117,2005-02-06,Other,France
STU5F80CD,1998-01-05,F,Latvia
STUEC0AEA,2005-11-07,M,India
STUE031EE,1995-04-13,Other,Poland
STU6AE66E,1998-03-05,F,Sweden
STU25F3F3,2004-01-09,Other,USA
STU7EDFF1,2002-11-09,F,Norway
STU297F86,2005-04-01,Other,USA
STU841C5F,2003-02-04,M,India
STU3CD2E1,2002-11-24,Other,Lithuania
STU07B55C,2003-08-14,F,Norway
STUED4EC5,2003-05-11,M,Spain
STUAF53CF,1999-11-21,M,India
STU26133A,1998-06-22,F,Latvia
STUB6AEE6,1999-04-15,M,China
STU070BD7,1996-11-03,Other,China
STUDD3982,2005-01-07,M,India
STU9A3B58,2001-02-07,F,Spain
STU46EBED,2002-12-11,M,Sweden
STUF24393,1995-06-02,M,Spain
STUFA21A3,2000-02-26,M,Sweden
STU3BE598,1998-12-22,F,Latvia
STU45F93F,1999-06-22,F,USA
STU6D2778,1998-07-26,M,Italy
STU25E5D8,1998-01-08,F,USA
STU0C0F9E,2005-03-26,F,China
STU3E3879,1995-03-15,M,Germany
STU454ABE,1997-07-20,Other,Germany
STU703F9E,2002-03-21,Other,Norway
STU57B6C8,1995-03-06,Other,France
STU517595,1995-01-19,Other,Norway
STU619D8D,2000-02-28,M,Lithuania
STU3C71B3,1997-10-08,Other,USA
STU41B0CC,1999-01-19,Other,Sweden
STUBB5FCA,2000-07-15,Other,Estonia
STUCCC897,2000-11-13,F,India
STU7C544C,2000-10-22,Other,USA
STUC23471,1996-08-03,M,Lithuania
STU34D31D,1998-03-19,M,China
STUFB2217,2003-05-10,M,India
STUB8221E,1997-02-07,Other,France
STU800002,1998-04-05,M,China
STU799C13,1998-04-25,M,Lithuania
STUBB2950,2005-01-10,Other,Germany
STU0F8C9A,2004-06-13,M,Spain
STU15B9C8,1995-03-20,M,USA
STUEF0BB1,1995-10-11,Other,Norway
STUDE7CEC,2005-03-01,M,Lithuania
STUFC0345,2002-06-05,M,Lithuania
STU474E24,1997-06-12,F,Estonia
STU2C94F8,1998-02-17,F,Lithuania
STU38E5F2,2001-12-06,M,USA
STU337A87,1996-05-08,Other,Norway
STU9FE2EC,1999-05-08,F,Spain
STU67C939,1995-06-08,F,Estonia
STU75FB8B,2001-03-16,F,Spain
STU895142,1995-01-24,Other,Norway
STU189974,2001-04-25,Other,Germany
STU828BEB,2000-03-15,Other,Spain
STU9277E5,2004-08-13,F,China
STU02D298,1999-09-18,M,Spain
STU8A381A,2004-02-09,M,Lithuania
STUDF1D0A,1998-08-12,F,Estonia
STUA47879,1999-02-26,F,Spain
STU024801,1996-05-01,M,Spain
STUA2FAB7,2004-09-18,F,India
STU3B9CC5,2003-05-06,Other,Italy
STU2F131C,1998-12-25,M,India
STU29BC11,2002-02-17,Other,France
STU6D467A,1997-09-10,M,China
STUD3D744,2003-12-21,Other,China
STU738526,2003-06-14,Other,Spain
STUEB7D9C,2003-01-06,Other,Latvia
STU25EBEE,2000-03-03,M,China
STU9BB913,1995-01-27,F,USA
STU26C036,1996-07-09,Other,India
STUDE56F1,2000-12-03,F,Italy
STUE84BAD,2004-07-09,Other,Norway
STU33A499,1995-04-28,M,Poland
STUF92D28,2003-08-01,M,Estonia
STUB757EF,2000-12-02,Other,USA
STUC9C504,2003-09-18,Other,France
STUE83557,1997-04-22,F,Estonia
STU9210C3,1999-01-05,Other,China
STU7C4B89,1996-07-19,Other,India
STU04616E,1995-07-18,M,Spain
STU44FB4B,2000-11-13,M,USA
STU8BC9C5,2001-03-05,F,USA
STU39CADC,1999-07-25,M,Sweden
STU4902F0,2000-06-14,M,Italy
STU860250,2005-08-22,F,Germany
STU01EEF2,1998-06-22,F,Poland
STUC085D7,2002-03-15,F,India
STUE8A4CE,2003-05-15,Other,USA
STU969F37,1997-08-02,F,Estonia
STUC91F69,2004-05-09,F,Poland
STU14194F,2002-04-11,M,Sweden
STU156688,1995-07-23,Other,France
STUA6EF6F,1999-08-24,Other,Lithuania
STUE4A9F6,2001-12-23,F,France
STU76A3FF,1995-10-24,M,USA
STU93C064,1997-07-01,M,USA
STUBFC284,2003-08-21,M,Lithuania
STUBD4CDB,2002-02-04,M,Sweden
STUB992E1,1999-09-02,M,China
STUB9DFFB,1998-03-12,Other,China
STU7EBBB7,2003-07-19,Other,China
STUBE48E2,2005-09-01,M,China
STUD015BF,2003-09-28,M,France
STU0481BA,2003-05-18,Other,Estonia
STUABD83E,1999-07-22,F,France
STU522AB7,1996-12-03,M,France
STUB2929C,1997-03-20,F,Lithuania
STUB37C64,2001-10-03,M,China
STU284659,2003-03-26,Other,Poland
STUF7F257,2002-12-06,Other,China
STU9488D4,2004-06-27,M,India
STUE39978,1996-09-14,F,Norway
STU55EA34,2003-03-07,Other,Estonia
STUC449B4,2001-08-11,F,India
STU7F7513,2002-07-23,F,Estonia
STU40932F,1999-11-18,F,Spain
STUFA03C7,2002-09-16,Other,USA
STU191DDB,2003-06-11,Other,India
STU426442,2002-02-27,M,China
STU0336CC,2003-10-16,Other,Germany
STUEB80CD,1999-12-17,M,Latvia
STUA8A460,2002-01-14,M,Spain
STU105ADB,2002-11-18,F,France
STU2D9684,2002-03-23,F,China
STU5993FB,2002-12-07,M,Sweden
STUC007B5,2003-02-08,F,Poland
STUECE260,2000-11-24,Other,Spain
STU96722B,2001-05-02,F,India
STUCCB55A,2001-03-02,Other,USA
STU86197B,1997-11-18,M,India
STUF8D385,1995-08-10,Other,Estonia
STU29AC54,2000-12-20,F,Germany
STU475488,1999-02-21,M,China
STU89B961,1997-05-11,Other,India
STU5A371B,1996-12-05,M,USA
STU109055,1996-05-22,Other,Poland
STUA9C5AA,1999-03-03,F,Latvia
STUD0AA82,1997-06-28,F,China
STU0780F0,2000-12-25,Other,China
STUA039AE,1996-05-08,F,Spain
STU7979D7,2003-03-12,M,Lithuania
STUA386E7,2003-12-13,Other,Estonia
STU18CF78,2004-03-02,F,Poland
STU5F22A9,1995-04-09,Other,China
STU2C9DAF,1996-06-19,F,China
STU1C3930,2004-11-25,M,India
STU1C22B8,2003-04-10,Other,France
STU723B7A,1997-09-08,F,Germany
STU93B72A,2002-01-14,M,Norway
STU2E782B,2002-11-24,Other,Poland
STUFEE738,1999-10-27,F,Sweden
STUA4B744,1999-03-08,F,Estonia
STU2B2559,1996-08-27,Other,Lithuania
STU4DD68A,1998-03-10,M,Germany
STU2AAA37,1998-05-03,F,USA
STU02F850,2002-10-23,M,China
STU5FBE7A,1996-11-04,F,Lithuania
STU6FD0B1,1995-06-06,F,Italy
STU890A6B,2004-07-01,Other,Lithuania
STUA29DD1,1996-03-25,F,Poland
STUCE0AAB,2002-03-27,M,Estonia
STU5F9637,2005-09-10,M,Germany
STU9C42A4,2002-01-21,Other,France
STUE84584,1998-02-12,M,Poland
STU4A25AA,1996-10-27,Other,Norway
STU54D853,1996-08-17,F,India
STUBED24E,1997-06-21,F,India
STU1698FF,1996-06-14,M,Sweden
STUEE6C2A,2003-09-13,F,USA
STUD23777,2001-11-22,F,USA
STU782967,1995-05-25,F,Sweden
STU451D50,2004-07-01,Other,Sweden
STU362448,1997-09-12,M,Sweden
STU78DBFA,2005-11-24,F,France
STU7AAC22,2004-03-18,Other,China
STU674B6C,1996-09-16,M,China
STU75B9E6,1996-12-07,Other,Sweden
STU23C145,1998-06-25,F,Spain
STUD0F8D3,1996-04-08,M,Poland
STU60AFD4,1997-11-16,Other,Lithuania
STU8CB657,2001-12-26,F,Italy
STUE2BAF2,1999-08-17,M,China
STUDD5C99,2004-12-21,Other,Lithuania
STU59FE4F,1999-10-16,Other,India
STUFAA02A,1996-01-08,M,India
STU046455,1998-04-27,F,Estonia
STUEE8126,2004-02-13,M,Latvia
STU1D4746,2000-12-01,M,Estonia
STUFC0750,2002-07-15,M,China
STU21D2E1,2001-05-10,M,Estonia
STU745E95,1998-01-23,F,Norway
STU4B28E2,2002-07-27,Other,USA
STU51B39C,1996-05-01,F,Estonia
STUBF0A9B,1997-07-01,M,Italy
STUFF3943,1999-03-18,F,Spain
STU0D03DF,2000-08-09,M,Latvia
STU67132B,2003-11-11,M,Norway
STU6321AE,1999-05-10,F,Poland
STUF6BB3F,1998-09-18,M,Italy
STU0AEE92,2003-11-06,Other,Spain
STUE43134,2005-06-11,M,Sweden
STUAB0FEC,1998-08-07,M,Latvia
STU696DB8,1995-07-25,M,Norway
STUBBE186,2002-10-20,Other,Estonia
STU1A3D17,1995-05-28,M,Latvia
STUFF361C,1996-01-01,F,Spain
STU06E1B6,1996-01-11,Other,USA
STUE025E8,2000-01-15,F,Poland
STUFB072C,1999-01-22,F,Latvia
STUF97D6A,2001-09-15,M,USA
STU38AB9F,2001-10-02,F,China
STU733703,1998-04-18,M,China
STU4EB766,1996-01-20,M,Lithuania
STU9CDCB6,1995-10-04,M,France
STU49E72F,2004-12-17,Other,Germany
STUED0065,1996-11-13,Other,Italy
STUD090C1,1995-10-17,Other,France
STU20E6AA,2002-10-07,Other,Latvia
STU4A59DA,2005-04-22,F,France
STU740CE3,2001-10-01,Other,Sweden
STU5F7FDE,2005-02-01,Other,Sweden
STUC227F7,1995-04-08,Other,India
STU844C6C,1997-03-22,M,Latvia
STU8191F1,2005-12-06,M,Spain
STU446420,2000-04-15,F,Italy
STU2AE965,2005-08-05,F,India
STUB79941,1995-06-20,M,China
STU8A227C,2005-06-01,Other,Poland
STU2B3050,2003-11-27,Other,Norway
STU89E9C8,1997-01-14,Other,Sweden
STUABA441,2000-08-16,F,Norway
STU5B7020,2002-09-26,Other,Norway
STU05E216,1996-04-28,M,Latvia
STU75481A,2005-05-27,Other,Spain
STUD5F711,2004-08-05,M,Lithuania
STU06FF63,2001-12-14,M,Germany
STU2A2560,2004-06-14,Other,Estonia
STU27FF88,2003-07-12,F,France
STUE70159,2003-10-25,M,Sweden
STU09D0C9,2002-11-01,F,India
STU5AB710,1996-10-23,Other,Norway
STU17904A,2000-01-01,M,Latvia
STUBA3998,1996-12-10,Other,Lithuania
STU70120F,1999-04-18,Other,Lithuania
STU3A22CB,1996-06-28,M,Poland
STUA2D53F,2000-01-01,F,India
STU510B04,2003-04-12,Other,Spain
STU92C77D,1999-12-18,F,USA
STUBE6493,2003-05-26,M,Italy
STU5DBAEA,2000-07-03,F,Poland
STU77BEC9,2002-09-10,M,China
STU5A53A3,2002-07-01,M,China
STU6A847A,2003-12-07,M,China
STUDDEF97,2000-08-22,Other,Latvia
STU9D1CC0,1996-12-13,Other,Italy
STU99B019,2005-04-21,F,Germany
STUEA5468,1999-11-24,F,China
STU90A133,2004-04-25,Other,Sweden
STUB3FCC2,1995-05-25,Other,Germany
STU52602C,2000-10-19,M,France
STU5F797B,2005-11-23,M,Poland
STUD838F3,2004-04-19,F,India
STU6FB2F7,2003-10-17,M,India
STU6F4D08,2003-12-10,M,India
STUA4E09E,1997-05-27,F,China
STUBCEDDF,2000-08-23,F,Spain
STU76A790,1999-11-06,F,Estonia
STU1D4104,2000-11-03,M,Germany
STU5FC306,2003-07-25,Other,Italy
STUAC567F,1997-10-25,Other,Spain
STU7D73A7,2005-09-06,M,Lithuania
STU4F410C,2001-03-18,F,Latvia
STU293E16,2000-03-04,Other,Lithuania
STUDFF26F,1995-12-15,M,Italy
STU5DFC51,2004-01-03,M,Germany
STU83A938,2005-06-28,F,Lithuania
STUA72580,2005-05-10,M,China
STUDD785B,1999-09-05,M,France
STU8AA557,1998-01-06,F,Estonia
STUAA9EC8,2000-09-17,Other,Italy
STUA7534A,2000-08-07,Other,Spain
STU46FC2C,2004-08-09,M,USA
STU2C48F8,2001-01-18,F,Italy
STU901BE2,1995-03-22,F,Germany
STUDB74EC,2000-10-20,M,France
STU68655B,2005-04-27,F,Spain
STU353BEB,2004-06-20,F,Sweden
STUF9C05D,2004-02-15,M,Lithuania
STU051C10,2002-01-08,F,India
STU551DBC,2002-10-18,Other,Estonia
STUE5C445,1998-08-07,F,Spain
STU1994C2,1995-02-12,Other,Germany
STU5D9025,2002-08-07,F,France
STU3F8071,2003-02-04,Other,France
STU970907,1999-09-16,Other,Estonia
STU7BDD61,1995-06-05,Other,Poland
STUB00715,2003-05-10,M,Estonia
STU0BF286,1995-01-28,M,Italy
STU43443C,2000-09-15,Other,Germany
STUAABBAD,2000-08-07,M,Spain
STUE3240D,1995-03-06,M,Spain
STUA85438,2002-04-21,F,France
STU4C3591,1995-06-21,M,Spain
STU379136,2005-11-09,M,China
STU1AB423,1996-07-09,Other,Norway
STU595E83,2003-12-12,Other,Lithuania
STU8E863D,2001-01-20,Other,Spain
STUB225F2,1998-08-03,Other,Latvia
STUD1E8B9,2001-06-17,F,Poland
STU1007CE,1995-03-23,Other,India
STU10C4F3,1996-12-10,F,Italy
STUD764CD,1999-09-04,Other,China
STUFDAF27,2005-04-06,M,Lithuania
STU9A04C5,2001-02-12,M,USA
STUDA451F,2000-01-03,Other,China
STUB3670F,1996-08-16,Other,Latvia
STUBC895D,2002-10-11,M,France
STUCBDF2C,2002-11-23,M,Lithuania
STUFC9D69,2001-03-05,F,Lithuania
STU191C60,1996-08-27,F,Italy
STU29FD69,2004-02-15,Other,France
STUAEF73D,2003-11-19,M,Estonia
STU0143DB,1997-04-28,Other,China
STU861DC2,1998-07-01,Other,France
STUF54D9E,2005-05-16,M,Norway
STU1CC035,2005-01-14,F,Lithuania
STU4C4890,2000-08-20,F,Italy
STUD1A605,1997-08-07,Other,China
STUC9C7D1,2003-04-03,Other,Poland
STUFE84C0,1997-12-28,F,Estonia
STUB87FFB,2003-03-05,M,Latvia
STU390369,2004-09-15,M,Poland
STUF622F5,2001-03-22,F,USA
STU085CFC,1999-05-12,M,Sweden
STU503AFA,2004-07-03,M,Norway
STU08DE60,1995-04-09,M,Latvia
STU15B5F0,2005-05-20,F,Latvia
STU90A264,2000-04-04,F,India
STUA7A450,1995-03-21,F,USA
STU7CC402,1999-04-19,M,Estonia
STUC1BCB4,1996-10-04,Other,India
STU631803,2001-06-09,F,Estonia
STU067CA3,1999-09-01,F,Germany
STU24455A,1995-10-22,F,China
STU1C0A97,1997-12-25,F,Estonia
STU037B94,2000-09-21,F,Lithuania
STU871865,2002-03-12,M,Estonia
STU2A1F9F,1998-04-21,Other,India
STU31096E,1998-01-05,M,China
STUCCAE10,2001-09-06,M,Lithuania
STUE19159,2000-04-26,Other,France
STU6184A4,2000-03-18,M,Spain
STU2BEE9D,1999-10-15,Other,Italy
STU76146F,2002-06-28,M,Spain
STU7BE283,1997-07-13,M,Lithuania
STUFACFF6,1998-09-05,M,Poland
STU8713D0,2003-07-06,M,China
STUD3C0AB,2000-01-22,M,Italy
STU4D3C3B,2000-02-08,M,Estonia
STUAC4D92,2005-10-20,F,Germany
STU575C80,2004-05-06,Other,Sweden
STU62F3AE,1999-11-20,F,China
STU5AD9E0,2002-01-16,M,Spain
STUB1F9E8,1999-06-13,M,Poland
STU8ADB3E,2000-06-11,M,Norway
STU54DFF3,1999-03-28,M,Sweden
STU142003,2004-02-19,F,China
STUBC8760,2002-06-27,Other,China
STU933BE0,1999-02-22,Other,India
STUC2D71F,1995-05-11,F,Estonia
STU30DB63,1995-07-11,F,India
STUF995AD,2002-09-24,M,Estonia
STU23C319,1997-05-02,Other,Estonia
STU12C490,2003-09-13,F,Sweden
STU818236,1996-11-04,Other,Norway
STU822493,1995-01-15,F,Estonia
STU54F5FF,2003-10-26,M,Lithuania
STU07407B,2001-02-18,M,Germany
STU2F1A94,1995-04-04,F,Italy
STU57AFFB,2001-08-15,F,Germany
STU172F2D,1996-07-07,F,Estonia
STU12091E,1997-11-09,Other,France
STU09EB09,1999-06-01,F,Sweden
STU37BFC0,2000-05-15,Other,Latvia
STU42F035,2004-02-26,F,China
STU7AEE76,2000-10-08,Other,Latvia
STU4EBD38,2004-08-16,F,USA
STU2EFE24,2005-02-28,F,Germany
STUD69F9B,2000-12-17,M,Norway
STU47C8DE,1999-03-06,M,Germany
STU2470E0,1995-04-25,F,India
STU8886A6,1998-07-01,M,Poland
STU8D6F5C,1999-06-06,M,Germany
STU52C454,1998-03-25,Other,Poland
STU57E2CB,1999-03-21,M,France
STUC44160,1996-08-19,M,India
STU4214DB,2004-06-08,Other,France
STU42D877,1998-01-16,M,India
STU542328,2003-05-14,F,Lithuania
STUBADE4A,2004-01-08,Other,Italy
STU2840AD,1996-11-09,Other,Lithuania
STUB27E0D,2005-04-07,M,Poland
STU0548D8,1998-10-07,F,India
STUC80E84,1995-06-23,F,Germany
STU45304A,1995-11-15,M,Poland
STU098D9E,1996-06-27,Other,China
STU945C78,2001-08-28,F,USA
STUB59DCE,1997-04-17,F,Italy
STU92AA2D,2003-03-13,M,Lithuania
STU5F2102,1996-12-13,M,Latvia
STU5F2F97,1995-04-02,Other,Spain
STU0F5C3D,2003-08-26,Other,China
STUBE68EE,1999-03-13,M,USA
STUEC3E3F,1999-01-24,F,France
STUA80D27,2002-06-12,M,Italy
STUDF3E15,2005-07-20,Other,Spain
STU923D86,1997-03-20,Other,Poland
STU4DF3A9,2003-02-06,Other,USA
STU4596A4,1995-10-03,Other,Poland
STUD65BAB,2002-08-23,M,Poland
STU98B63D,2004-12-17,M,Norway
STU49C839,2002-11-26,M,Norway
STU338CC1,2004-06-13,F,Latvia
STU367829,2000-11-18,F,Sweden
STU45A65C,2001-02-05,M,India
STU915B12,2002-08-23,Other,India
STU640EF8,1999-12-09,F,Poland
STU139144,2000-07-12,F,France
STU53F53D,1998-08-11,Other,Latvia
STU20AA7C,1997-05-18,M,Spain
STUF135CD,1997-09-26,M,Latvia
STU7A9567,1995-02-06,Other,USA
STUA4D222,2000-06-17,F,USA
STU61E55B,1999-06-15,M,Italy
STU88DB3C,1997-07-09,M,China
STU5BF0F7,2002-02-23,Other,France
STU75F226,2005-10-03,M,Poland
STUC514BD,1995-05-14,Other,Italy
STUF0610D,1997-08-10,M,India
STUD0C36B,1999-06-14,F,Italy
STUAF1438,1999-04-03,Other,Germany
STU05C561,2004-01-08,Other,Germany
STUF7786C,2001-06-04,M,China
STUD74D2E,2004-05-15,M,Estonia
STUD016E4,2004-03-13,M,Spain
STU770BD5,2002-01-21,M,Estonia
STU1E8295,2000-02-03,M,USA
STUB734E3,2004-02-22,M,Germany
STU18CC86,1997-08-24,F,Poland
STU4212F3,2000-09-09,M,Italy
STU88E8BD,1996-02-18,F,India
STU75E164,1999-03-06,M,Poland
STU0B624C,2003-06-17,M,Poland
STU8B80B2,1998-03-20,F,Italy
STU665515,2002-01-07,F,Lithuania
STUEAAC42,2004-08-28,M,India
STU788863,2003-02-09,Other,Italy
STUEE6866,1999-04-13,M,USA
STU54E988,2002-11-09,Other,India
STU74961B,1996-09-15,M,Poland
STUA23A03,2002-12-18,F,Germany
STUFE25CD,2004-08-14,F,Germany
STU0E0219,2003-05-21,F,Latvia
STUE9745B,2000-02-19,M,Sweden
STU0B4725,1996-08-23,Other,China
STU93D2A9,2000-11-18,F,Estonia
STU287DAB,1997-08-23,Other,France
STU51532C,1997-11-20,M,USA
STUCFFDAF,1995-04-20,M,Sweden
STUC1247E,1996-01-05,Other,Poland
STU24B4A6,1996-02-04,F,Lithuania
STU24EB3A,1999-01-10,Other,Norway
STU020F3E,2003-11-22,F,Spain
STUADA013,2002-05-17,M,Italy
STUB9F6CA,1997-02-24,Other,Norway
STU0DBD07,1995-03-02,F,Spain
STU363C44,2004-08-25,M,USA
STU7A1040,1996-07-22,M,Poland
STUA1223E,2001-03-19,F,Latvia
STUCA0D16,1996-01-27,F,Norway
STUC0170F,1996-10-13,Other,Norway
STU9D3004,2001-08-28,Other,France
STU5F5476,1996-11-13,F,Lithuania
STU226B05,2001-05-18,F,Latvia
STU294BB1,2005-12-25,Other,Latvia
STUEEDCA7,2005-05-26,Other,China
STUD24408,1999-05-22,M,France
STU6EBD7F,2000-01-09,Other,Estonia
STUD1B906,2003-09-13,F,Italy
STUD01129,1998-09-14,Other,India
STU1CF094,1999-06-04,M,Sweden
STUC344B3,2000-03-16,F,Sweden
STUDD963A,2002-04-04,F,Italy
STU94E10C,1997-06-27,F,Poland
STUDBC2D0,2002-09-07,M,Poland
STUB90DE5,1996-03-13,Other,Poland
STUBACFD8,2003-07-17,F,Lithuania
STU0A0FEC,2001-04-10,F,Latvia
STU8AF5F4,2005-06-14,Other,India
STU90D0EE,2004-08-16,M,Lithuania
STU8C02B8,1999-06-21,F,Latvia
STU208B41,2003-03-14,Other,Spain
STU262E24,1999-03-27,F,Germany
STU718D5B,1998-06-20,M,Latvia
STU3FDB80,2003-11-16,M,Lithuania
STUE497B2,2000-03-12,M,China
STU8BF2FC,1998-07-06,F,Germany
STUEC600F,2000-09-28,F,Poland
STU91DD74,2003-03-04,M,USA
STU04570C,1999-01-23,Other,France
STUE1BDFC,2003-08-09,M,Sweden
STU6DFBB0,1996-06-21,F,Norway
STUD756EA,1996-03-03,Other,Sweden
STU33055A,1997-08-12,F,USA
STUFCF6E4,1998-04-23,M,Lithuania
STU1D3504,1995-07-04,M,USA
STU2F2B0B,2005-10-26,M,Sweden
STU9C0BCE,2003-10-12,M,Estonia
STU88A7D5,2005-08-25,F,China
STU06456D,2003-01-06,Other,Spain
STUF196DA,1998-11-27,F,Germany
STU041EAA,1998-06-28,Other,USA
STU1C70FB,1999-11-12,Other,Sweden
STU919E18,1998-09-07,Other,USA
STU08FF4C,2003-05-13,M,Norway
STUEED2E9,1999-10-03,F,India
STU591DBF,2004-09-28,M,Italy
STU906318,2000-06-14,M,Spain
STU047228,2004-07-25,Other,Lithuania
STU163743,2005-05-16,Other,Italy
STUA5C7DA,1996-11-01,F,Germany
STU84B648,1999-03-11,Other,France
STU1F4C29,2001-06-17,Other,Estonia
STU4FAF03,1998-04-08,F,Norway
STU65AC0A,1996-08-14,Other,China
STUBBEFD8,2000-04-17,F,Estonia
STU40E66E,2004-05-01,Other,India
STU27A6C4,1999-12-15,F,Germany
STU2E25D3,2002-10-15,M,Latvia
STU227B38,1995-10-28,M,Norway
STUA1CC67,2002-12-03,F,Lithuania
STUC3CECB,1995-11-10,F,France
STU6996E3,1995-09-16,Other,Latvia
STUADBF41,1996-08-08,F,Poland
STUB17158,2003-09-11,F,India
STU33D7C2,2000-03-09,F,Germany
STUAA4857,1996-07-10,M,USA
STU119F02,1995-12-03,M,India
STU65E02B,2003-01-17,M,China
STU9D6D32,2005-11-20,F,France
STUEE9A80,2005-09-21,F,Germany
STU5B93AE,1996-12-03,Other,Germany
STUDFE895,1996-12-12,Other,France
STUBD5BB7,2001-04-07,M,Latvia
STUA2B446,1996-12-16,Other,USA
STU7E32EE,2003-05-05,F,Sweden
STUECEB77,2004-01-04,F,Norway
STUAF3AD6,1995-07-20,Other,Lithuania
STU4586B3,2000-04-07,F,Lithuania
STUEC667E,2005-02-20,Other,Spain
STU2F79DF,2001-04-20,Other,Estonia
STUA8A95C,2003-12-14,Other,Italy
STUBCAEB0,1996-05-21,M,Sweden
STUB6A5BD,1999-07-06,Other,Sweden
STUCC1BAC,2004-01-12,F,India
STU321B21,2000-03-03,Other,Lithuania
STU95C7FC,2004-03-13,F,Poland
STUBEC589,1997-06-18,F,Lithuania
STU23EC1C,1999-08-14,M,Latvia
STU09B7BE,2005-04-26,Other,Lithuania
STUC91BDF,2002-04-11,F,Sweden
STU5803FE,1995-01-24,F,Estonia
STU9C975E,2002-12-09,M,USA
STUBAF3EA,2002-07-17,F,China
STU0A43C7,2001-05-09,Other,India
STU3AEEA8,1997-06-26,F,Estonia
STU4A138F,1998-04-09,Other,Latvia
STUA83A11,2001-10-11,F,Sweden
STU81644E,2003-01-01,M,Germany
STU9C91C9,1995-11-20,F,Sweden
STU17A012,1999-07-12,M,Poland
STU50077E,2002-11-12,Other,Estonia
STUD55C53,2000-10-14,M,USA
STU31AB32,2005-11-16,F,Germany
STUDA3A4A,1998-04-10,Other,Poland
STU2693B6,1997-09-23,M,France
STU7F0C38,1998-11-28,F,Lithuania
STU59E788,1998-08-11,M,Sweden
STU82F99D,2004-07-17,F,Norway
STU7442B7,2000-04-20,M,Sweden
STU3093AE,2005-10-04,M,Estonia
STUCA94BA,1999-07-18,Other,Spain
STU4B3ECB,1998-03-16,F,Sweden
STU87B44A,1996-07-07,Other,Latvia
STU9177C1,1999-09-04,M,Norway
STUA4938E,1997-03-11,M,Germany
STUC4DD93,2000-08-10,Other,Poland
STUF58451,2000-04-06,F,Sweden
STUE155E0,2005-01-21,F,Spain
STU826FC8,2004-09-04,Other,Latvia
STUB9B43F,1995-09-11,F,France
STU638AE9,1997-01-25,F,Lithuania
STU6A4D25,2004-11-20,Other,Spain
STUE94CEC,2004-11-28,F,Lithuania
STU222B31,1995-12-16,Other,Estonia
STU6DBBC0,1999-10-25,M,Italy
STU0CB785,1995-07-04,F,Norway
STUFBCC5B,1997-04-17,M,Lithuania
STU4FBCB7,2002-06-03,M,Spain
STU4CB672,1999-09-25,F,Italy
STUF90041,2002-10-14,Other,Latvia
STUCF0A46,1996-01-08,M,Lithuania
STU8459FE,1997-03-09,M,Poland
STU4293CB,2002-04-22,M,Latvia
STUD5B3CF,1996-06-20,Other,USA
STUC00D2B,2000-12-10,M,Poland
STU782330,1997-05-21,F,Norway
STU717978,1999-01-23,M,Estonia
STU8CB606,1999-01-10,M,Norway
STU246D05,2003-02-28,F,Poland
STUE3F3B9,1996-10-12,Other,Norway
STU6078FC,1998-07-02,F,India
STU559565,1998-05-02,F,China
STU21033A,1996-04-02,M,Italy
STUCE8C13,2002-03-08,Other,Italy
STU4E556F,1998-03-15,Other,Poland
STUEDA833,2003-03-08,M,Poland
STUABC814,2001-08-04,F,Germany
STU2CC52A,2004-10-14,Other,India
STU2E7233,2003-02-22,F,China
STU72314C,2000-05-18,M,France
STU1BE09F,1999-03-21,Other,Spain
STUA06464,1998-06-27,M,USA
STU7ADD9C,1996-06-13,M,Germany
STUEC5A95,1998-11-21,M,France
STU0FD106,2002-05-13,Other,Norway
STU87F61D,2004-03-16,M,Latvia
STU0CD89E,2000-06-24,M,Spain
STU5B53E6,2002-01-07,Other,Italy
STU49C853,2004-08-28,Other,Norway
STU9C56FE,2003-12-01,Other,Norway
STU3B8B07,2003-11-10,M,Norway
STUEAC647,2003-07-16,Other,USA
STU77B719,1998-10-25,M,Sweden
STU5729AA,2004-04-19,F,India
STU9016D3,2004-10-22,F,China
STU06528A,2002-03-01,M,Lithuania
STU8C95BB,1998-06-06,M,Lithuania
STU4C9751,1999-09-04,M,France
STUA2369A,2001-09-21,M,Spain
STUD7E584,2003-10-24,M,Spain
STUC13050,1996-04-17,F,Spain
STU415990,2005-11-10,Other,Germany
STU7305A7,1998-06-23,Other,India
STU020F68,1997-12-09,Other,Spain
STUF49F13,2002-12-26,M,Lithuania
STU3C5E5A,1999-02-15,F,Germany
STU1FFDF1,2003-06-27,Other,Poland
STU4EA404,1995-04-21,M,China
STU9D8A41,1996-07-09,M,India
STU11FCFC,1999-01-08,Other,India
STUD2E14B,2002-11-13,M,Poland
STU6F4A70,1996-09-18,M,Sweden
STU034046,2004-01-09,M,Latvia
STU8871C8,2004-02-04,F,USA
STUC0E019,2003-03-03,Other,Estonia
STU52CB6F,1996-03-01,F,Germany
STU91D533,1999-05-03,Other,Italy
STUB7D49D,1995-02-22,F,China
STU48AD25,2001-12-10,Other,Poland
STU33E245,2000-01-20,Other,Italy
STU5C4B74,2002-12-27,F,Sweden
STU93ADE1,2003-02-03,Other,Spain
STU7F3023,1999-04-03,F,Spain
STU76A18D,1997-10-08,M,France
STU6C2259,2004-04-20,M,India
STUEA6996,2003-11-05,M,Spain
STU1B3432,2000-12-20,F,Spain
STUE946C7,1999-12-16,M,China
STUD43B28,2001-03-24,F,Norway
STUD5A86F,1996-10-25,Other,Spain
STUA99521,2004-02-14,F,Germany
STU9D182D,2002-11-15,Other,Spain
STUB63BC7,1995-09-16,Other,Germany
STU87E8FF,2005-05-01,M,Sweden
STUBCC155,1999-09-25,M,Lithuania
STUC0E7D6,1997-11-12,Other,France
STU62631E,1995-07-23,F,India
STU200B95,2005-11-13,Other,Norway
STU521685,2001-06-03,F,Germany
STU270B78,2002-12-16,Other,Italy
STU1593D3,1998-03-19,M,Germany
STU3542F2,1998-11-13,F,India
STU66C9C1,2000-07-10,F,Poland
STU5ECB72,1999-10-07,M,Lithuania
STUAFFBE2,1996-12-27,F,Estonia
STU40D350,1995-04-18,M,France
STU1D94B3,1995-04-02,Other,Germany
STU4F0908,1997-11-17,M,China
STU8C44E4,1999-04-13,F,France
STUF433BD,2000-07-14,M,Lithuania
STU32FBD4,2004-11-02,F,Sweden
STU1DA278,2004-06-18,M,India
STU99F572,1999-10-09,M,Sweden
STU436D1C,2001-05-10,F,Italy
STUDC5C84,1996-06-15,M,Norway
STU70A4A8,2005-10-05,Other,Spain
STU08EC0F,1995-01-05,Other,Latvia
STU061FE5,1998-05-19,Other,Germany
STU9E8130,2003-05-26,F,Italy
STU4A8114,2000-01-16,F,USA
STU8A99FA,1997-10-22,Other,Germany
STU992B9B,2003-01-07,Other,Norway
STU61B216,2004-11-09,F,Lithuania
STUF79261,1995-01-03,M,Italy
STUD98614,2001-09-19,F,Norway
STU5DC12F,2004-01-08,Other,Sweden
STUFA1A8C,1999-10-13,F,France
STU8FB486,1997-11-05,M,Sweden
STU5A202F,2004-07-27,Other,Latvia
STU771F67,2004-03-23,Other,Sweden
STU63ED29,2004-08-19,F,Estonia
STU06B118,1998-05-17,F,Estonia
STUB09C11,2001-04-28,F,Norway
STU1354D0,1997-03-26,Other,Spain
STU53B114,1996-06-05,Other,Sweden
STU631241,1995-06-23,F,Estonia
STU2EFF2B,1999-09-03,F,Norway
STU2452D3,2000-09-04,M,Lithuania
STU78F03F,1996-12-12,F,France
STUAA68F0,2002-06-03,M,France
STUBDE934,2000-08-08,F,USA
STUCB6F9B,2004-12-18,F,Latvia
STU7909CB,1995-12-02,M,China
STUD58C07,1995-11-08,M,Latvia
STU4387FE,2002-11-25,M,Norway
STU812AFA,2003-10-28,F,India
STUB033F6,1996-08-17,Other,China
STUCDB3D0,1998-03-22,M,Italy
STU74FAF6,2005-01-20,Other,Poland
STUD17EE3,2000-12-27,F,Norway
STU1E4B13,1998-03-06,M,Germany
STU112AB1,1998-12-05,F,Lithuania
STU339B62,1996-08-12,F,Germany
STU6CC0B2,2001-10-24,Other,Latvia
STUD4AD82,2003-04-06,M,Estonia
STU33C21B,2004-11-03,M,France
STU6E3325,1997-04-10,Other,Spain
STU79EB5F,2005-10-21,M,India
STU546AA4,2001-02-23,Other,France
STU80C7D8,2000-07-23,Other,Norway
STU00489B,1997-08-17,F,Norway
STU536845,1998-01-05,Other,India
STU2EEE7C,1998-11-24,Other,France
STUA29EF4,2003-05-16,Other,Norway
STUF1AE64,1996-05-13,F,Spain
STUBA1602,1998-11-19,Other,India
STU34C00A,1995-10-05,M,Spain
STUFD0FC3,2002-01-04,Other,Spain
STUF73AEB,1997-08-09,M,China
STU0D5424,1998-02-14,Other,France
STUC8E82C,2005-12-16,F,Spain
STU0CD687,1999-02-18,Other,Poland
STUAA557C,2000-11-15,Other,Sweden
STU250CE3,2005-06-03,F,Lithuania
STU1AF54B,1997-02-17,F,France
STUC81002,2000-10-18,M,Poland
STU791986,2004-05-04,F,Poland
STU457AFB,2002-07-25,M,Latvia
STUE45A08,2001-02-18,Other,Estonia
STUF7C82D,1995-09-12,F,Lithuania
STU29021E,2005-04-02,M,Germany
STU1CE88C,2000-04-12,F,Italy
STU5D66FC,2004-10-24,F,Spain
STU2D8DBD,2004-08-06,M,China
STU73A0B2,2000-07-01,M,USA
STU3B334F,2001-12-25,F,Germany
STU225455,1995-10-06,M,Italy
STU317290,2004-08-26,M,Estonia
STU1F65FF,2001-08-26,M,Norway
STU3492D3,1996-01-13,Other,China
STU0D33B3,1995-02-24,M,India
STU0EAAE7,1998-11-26,M,Spain
STU906640,1997-03-07,Other,Germany
STU2C4A4B,1998-06-23,F,Spain
STU70CDD4,1998-12-16,Other,France
STU7AC037,2000-04-27,F,India
STU370C37,2000-07-02,M,Sweden
STU471B52,2002-12-10,M,Germany
STU9CD3E1,1996-07-08,Other,Germany
STUBB1F51,1999-06-19,F,Germany
STU5E83F2,1997-04-20,Other,Norway
STU64070B,1997-05-23,Other,France
STU6EFBBB,1998-10-14,Other,India
STU3D63AB,1995-10-19,F,India
STUF8AA11,1995-08-19,M,Estonia
STU7A4660,1996-01-12,M,Italy
STU1CE216,2005-01-24,F,Poland
STU8DD8DB,2005-01-17,M,Sweden
STU5B9511,2000-04-23,F,Estonia
STU04390D,2005-09-12,Other,USA
STU3E4EBA,1996-06-21,M,USA
STU26513A,1997-01-23,Other,Germany
STU126322,2003-04-21,F,Spain
STU4F561A,1999-03-21,F,USA
STU833F13,2004-06-01,Other,Poland
STU53B156,2000-03-23,Other,USA
STUDE0249,2003-01-02,Other,China
STU9BB1F9,2001-05-27,Other,Sweden
STU7D0727,1996-11-11,F,USA
STUF1DD42,2002-10-19,M,USA
STUDFF1C6,1997-05-13,Other,Estonia
STU244EC2,2005-07-23,F,Estonia
STU035D78,1997-09-19,F,Spain
STU8A01FE,2003-10-21,Other,Estonia
STU364E4E,2001-09-01,M,Germany
STU4EC522,2001-07-19,Other,Estonia
STUCBEF0A,1998-01-02,F,France
STU69732B,2002-07-09,M,India
STU2A9ED9,1999-10-09,F,Germany
STU57CB6B,2003-03-27,Other,Poland
STU0CD192,2003-04-05,F,Italy
STU6A5A7A,1996-03-13,F,China
STUBF6F11,2004-02-16,Other,Latvia
STU97C7D4,1997-08-06,Other,Norway
STUE2AA4F,1997-02-08,F,Estonia
STU2A355A,1995-09-13,F,Lithuania
STU2F98B6,1997-03-19,F,Spain
STU2237C1,1996-07-12,M,Poland
STU32B512,1997-05-27,M,France
STUA06E56,2005-01-24,Other,Spain
STUA11947,1999-02-16,F,Lithuania
STU905631,2005-11-20,F,Poland
STUEFA05D,1998-08-16,F,Estonia
STUE722ED,1998-09-13,F,Lithuania
STU13BB4C,1999-08-27,M,France
STU0BF6E2,1997-01-22,Other,Sweden
STU9D547A,2001-12-10,F,India
STUCBD0C4,2003-07-07,F,India
STU315557,2004-11-09,M,Lithuania
STU640591,1996-03-05,F,Estonia
STU535FDB,1999-02-11,M,USA
STU4B9193,2000-05-27,M,Poland
STUDB99C4,2003-08-26,M,USA
STUA61E52,2005-06-25,M,Estonia
STU03A1AF,2003-03-05,M,China
STUEC60C2,2001-03-24,F,Estonia
STUC064CA,1998-03-28,M,France
STU963398,1995-12-25,Other,France
STUC00DA9,2005-01-21,F,France
STU5F4153,2004-04-17,M,France
STU16C029,1996-07-05,M,China
STUC5DAA1,1997-06-21,M,Latvia
STU7A4B5F,2002-05-10,M,Germany
STUB78152,2004-02-07,M,Germany
STUB4A284,1997-08-14,M,Spain
STUE8D12E,2004-03-26,M,Estonia
STU8AF149,1996-07-26,F,Latvia
STU2C7815,1995-07-09,M,USA
STUE391A7,2003-06-26,F,India
STU55595B,1996-03-20,Other,Latvia
STUFE514D,2001-07-23,M,Poland
STU035263,2003-11-01,F,Latvia
STU4A263D,1998-01-20,F,Sweden
STU000398,2004-01-26,Other,France
STUF48319,2001-04-27,F,Lithuania
STUB9AE39,2002-08-08,Other,Poland
STUADFD3E,2003-09-11,Other,Spain
STUACEC26,2002-08-12,M,Spain
STUE5D53A,2000-10-22,Other,France
STU09BBD1,2005-01-19,F,USA
STUF915EF,2005-04-27,M,Germany
STU532476,2005-05-22,Other,India
STUFAE9D9,1998-04-28,Other,Italy
STU69CE0A,1995-07-19,Other,China
STU6E0820,1999-05-08,M,India
STU70F44D,2003-10-01,M,Italy
STU74680C,1999-08-24,M,USA
STUA6A809,1997-08-18,M,China
STUB02657,2001-07-09,F,Latvia
STU4B23C2,2000-11-14,F,China
STUB269FA,2003-12-13,Other,Estonia
STU4544BA,1997-07-24,Other,Italy
STUB82999,2000-02-05,F,China
STU29FF4D,1995-12-04,M,Latvia
STU0C0A38,1998-07-02,F,Spain
STUA0BEB4,2002-01-26,Other,USA
STU51FA05,2000-06-10,F,Sweden
STU96C14F,2000-02-11,F,USA
STU35010E,1996-05-06,M,India
STU6B8846,2003-07-03,F,Italy
STUAAB205,1995-10-10,M,Spain
STUA3ECFB,2005-11-18,M,Germany
STU8AB3C2,2000-09-03,F,India
STU4C0071,1995-02-21,M,Poland
STU60B766,2005-02-19,M,Italy
STU736D45,1995-11-10,Other,France
STUBF0D36,1997-11-18,M,Sweden
STUD964F5,1999-06-17,Other,India
STU60EE4E,1995-11-24,Other,Poland
STU3D9E5B,1995-11-24,F,India
STU7D5142,1998-06-12,M,Estonia
STUD820DB,2002-03-13,M,France
STUA31BD0,1999-06-11,F,Italy
STUD49521,2003-03-10,F,Sweden
STU1510C9,2003-03-23,Other,Italy
STU0F4C94,2003-05-12,Other,Norway
STUE83204,1997-03-02,F,Lithuania
STU325ACC,1996-11-03,F,Lithuania
STUE6DE94,1995-03-14,Other,France
STU0676D0,2005-10-14,F,Norway
STUB31DCE,2002-07-24,M,Estonia
STU2D16B0,1997-01-05,Other,Norway
STU0BFFAF,2001-04-15,F,Italy
STU04B746,2000-06-22,F,Estonia
STU08B689,1999-12-08,M,USA
STU3944FA,2005-10-07,F,Sweden
STU930FAC,2002-02-03,F,Germany
STU1333EF,2000-04-11,M,Germany
STU89A50B,2004-04-25,Other,Sweden
STU4A6A47,1997-10-21,M,Latvia
STUEFE8F1,2002-11-19,M,USA
STU785E1D,2005-11-27,F,Italy
STUD31DC6,2004-04-21,F,USA
STU9734FD,1997-08-12,M,Spain
STU87D9EB,1996-06-17,Other,Sweden
STU367AAD,1997-01-16,M,Spain
STU251AD1,2003-10-09,F,USA
STUE88B7B,2002-11-18,F,France
STUFDB8AE,2005-11-02,F,Estonia
STU41A62D,1999-06-08,Other,Spain
STU4F7FFF,1999-02-04,M,Spain
STU2CCFC1,2001-05-27,F,India
STUA02335,1997-11-27,Other,Italy
STU40DC27,1995-07-19,F,Norway
STU8E75DE,1997-12-28,M,Sweden
STU807413,1999-08-10,M,India
STUEDEA15,2000-06-23,M,Spain
STUFB8AB4,2002-06-01,M,India
STU862EE5,2001-01-11,F,Norway
STUC86A5A,1995-05-28,F,Latvia
STUF1D3DA,2002-11-03,M,Spain
STU3005C9,2002-12-24,M,Latvia
STU3B5051,2002-12-08,F,Norway
STU23E845,2001-09-12,F,France
STU0D499D,1997-10-14,F,Spain
STUACE3AD,2004-10-21,Other,Lithuania
STU5B6A3D,2004-06-10,F,Poland
STUE273D8,2002-12-15,F,India
STU0B9532,1996-07-17,F,Norway
STUE7BAE9,1999-12-09,Other,Estonia
STU7F7902,2004-07-04,Other,Italy
STU8753E5,1996-11-21,F,Lithuania
STUB5B95D,1995-09-01,F,France
STU4C203C,1998-06-24,Other,Spain
STU2E9C49,2000-12-25,M,Lithuania
STU12080D,1995-07-22,F,Lithuania
STU919AAD,2002-11-14,M,Spain
STUA6C695,2005-05-25,F,Spain
STU92E651,1995-01-21,Other,Norway
STUED01FD,2005-04-09,M,Italy
STU706017,1997-08-09,Other,Germany
STU614DCD,1996-03-18,M,Spain
STUF1E6B8,1998-01-20,F,Spain
STU337181,2003-01-04,Other,Lithuania
STU727682,2003-08-28,Other,Italy
STU72DA00,1998-08-10,M,Germany
STU90957D,2001-01-01,M,Sweden
STUE15F15,2005-12-15,F,Italy
STU498214,2005-09-13,M,Latvia
STUB2FE3D,2004-11-22,F,Germany
STU28884D,1995-07-05,F,Latvia
STU7B63B3,2003-08-17,M,USA
STUDB1DF7,1995-03-25,Other,Germany
STU874072,2000-04-25,F,Italy
STUBBF363,2000-03-05,M,Italy
STU0B799E,1998-09-10,Other,Lithuania
STUD01441,1998-01-06,F,Poland
STU039D87,2000-08-25,M,Sweden
STU38281C,1996-10-11,Other,France
STU06926C,2001-08-05,M,Estonia
STU2E20B3,1995-11-10,F,Poland
STU05190B,2003-06-22,M,Norway
STU17A8EB,1996-02-07,Other,Spain
STU5E1DB7,2005-11-12,M,France
STUA3FA40,2001-04-12,F,Norway
STUFFBAAF,2001-06-18,F,Latvia
STUA9085F,2003-06-10,Other,India
STU04BDC6,2002-07-06,M,Sweden
STUA0509B,2004-04-23,Other,France
STUFA8BB1,2003-07-16,M,Norway
STUF1021D,1995-11-06,M,India
STU79298D,2004-08-13,M,Norway
STU396217,1999-04-05,F,France
STU991FA0,1996-08-06,Other,Germany
STU38F3E6,2000-06-04,F,Italy
STUAD74A7,2003-09-11,M,Poland
STUAAC365,2003-03-19,Other,Estonia
STU7E6901,1995-10-03,M,Poland
STU2199E9,1995-03-13,M,Estonia
STU9B01C1,2005-01-01,Other,Poland
STUA27AEA,2004-10-01,F,India
STUF319E6,1998-10-09,Other,China
STU759814,2003-04-10,M,Spain
STU9736AA,2004-01-14,Other,Lithuania
STU18104E,2002-11-16,M,Latvia
STU660040,2002-03-26,Other,Norway
STU2F44A6,1995-04-09,F,Lithuania
STUA40F5B,2005-06-18,Other,Latvia
STU59E0AB,1997-11-02,M,France
STU80F747,1999-07-22,Other,France
STU3EAF43,2005-04-20,Other,China
STU771258,2002-05-06,M,Italy
STUD4AF02,2002-08-19,Other,Latvia
STUEBA1ED,1998-01-10,Other,Germany
STU3079DB,1996-05-11,M,Latvia
STU59E020,1997-04-08,M,Poland
STU12CEF8,1998-12-02,M,Estonia
STUB9375A,1998-09-25,F,USA
STUA01200,2003-03-05,F,Norway
STUB48B59,1997-04-11,F,Poland
STU43506A,1996-10-28,F,Spain
STU564897,2001-02-10,F,Italy
STUE4671C,2001-03-19,F,Latvia
STUB3BB65,2003-03-08,F,Italy
STU78F030,1998-02-18,Other,India
STU0940AD,2005-05-10,F,India
STUD6D4B6,2001-10-02,F,Latvia
STUD93997,2003-04-11,F,Spain
STU5A5D80,1999-08-04,F,Latvia
STU648012,2005-09-02,M,Norway
STUCD3C04,2002-02-02,Other,India
STUB8E9AE,2001-10-13,F,France
STU7A8216,1995-07-12,M,Lithuania
STU227BEB,1997-04-12,F,India
STU2DFCF6,1999-02-10,M,Norway
STUE9CFED,2002-02-27,F,Germany
STU3EE190,1996-12-01,F,France
STU1BCECC,1998-06-24,M,Spain
STUFA32BA,2002-02-17,M,India
STU995DAE,1999-10-21,F,India
STUA04550,2004-10-05,M,Estonia
STU1AA4A0,1996-01-23,Other,Lithuania
STU92CF4E,2002-08-18,F,USA
STUBAA118,2003-06-20,Other,Estonia
STU6DC4E7,1996-11-20,M,Latvia
STUD756F8,2004-11-22,M,Poland
STU5AFCDF,2002-07-27,Other,Sweden
STUE2F2E4,1995-04-18,M,France
STUCD2CA8,2002-09-14,M,Sweden
STUEA94BA,1999-07-26,M,India
STU80FAFA,2001-02-11,Other,USA
STU1943C5,1995-02-18,F,Lithuania
STU7B02C8,2000-01-08,F,Lithuania
STU746962,2004-01-21,F,Latvia
STU4643FF,2001-02-28,M,India
STU3A575C,1999-01-22,F,Sweden
STU433E4E,2002-01-08,F,USA
STU14F811,2002-01-02,Other,Germany
STU8E1DD0,2001-04-16,F,USA
STU3A6A06,2001-05-13,M,Germany
STU9570DB,2005-06-02,Other,Norway
STU00108D,1999-08-14,M,Poland
STUCC8CB5,2004-09-27,Other,India
STUA05525,1998-12-18,Other,Spain
STU0058A1,2005-06-19,M,Lithuania
STUFD37C0,1996-07-17,F,Estonia
STUFBE6D3,2002-01-15,M,Estonia
STU5D8552,2004-03-12,F,Italy
STU03F18D,1996-02-15,M,France
STUC4ACE0,1999-12-01,M,France
STU91E214,1997-09-27,F,Italy
STU623C7E,2005-07-15,M,India
STU104C10,1996-12-04,M,Poland
STUB1AEDA,2002-07-13,M,Germany
STU4A3042,2002-10-03,Other,Germany
STUF59E2E,2001-02-12,F,Lithuania
STU726AC7,2004-09-22,F,Sweden
STU135B16,2004-02-01,M,Estonia
STUA105D6,1998-05-18,M,Lithuania
STU142C81,1995-04-07,F,USA
STU8D8C39,2000-04-25,Other,Spain
STUB52C69,1996-11-16,F,India
STU920AD3,1997-03-03,F,Italy
STU17E5D6,2004-09-04,M,Italy
STU4CF7E8,2002-10-25,M,Spain
STUBCBB7C,2001-11-15,Other,Latvia
STU6FE5A5,2005-10-11,M,Norway
STU0953C3,2004-03-18,M,Sweden
STU6D56B9,1998-10-13,Other,Latvia
STU050DA2,1997-05-17,M,Norway
STUC09B2F,2005-03-20,F,Poland
STU03952C,1998-02-03,Other,Italy
STUF77475,2003-03-11,M,Latvia
STU1F9712,1999-04-09,Other,Germany
STUE8DCE0,1996-12-04,M,Poland
STU3E03EC,2003-12-06,Other,Latvia
STU3ECD45,1997-10-04,F,Italy
STU0412C8,1999-08-02,Other,USA
STU0D956C,2000-05-08,M,Germany
STUC98257,1996-03-11,Other,India
STU7E117E,2000-11-26,F,Spain
STUE1E07A,1997-12-09,F,India
STU5133EC,1998-12-20,M,Germany
STU6416F3,1995-08-17,Other,USA
STUC73CFE,1996-01-11,Other,Lithuania
STU9DF4CF,2003-10-18,Other,USA
STU3DCB2E,2004-12-09,Other,India
STU5AA77C,1995-12-18,Other,India
STUAA2E98,1996-07-21,F,Germany
STU28EFF2,1998-04-13,Other,Spain
STUC1F8E0,2000-02-24,M,Norway
STU08C79D,1998-09-12,M,Italy
STUFF2577,1998-05-21,M,Italy
STU32F712,2001-08-26,Other,France
STU3439E8,1996-06-10,Other,Lithuania
STUAB2DE9,2004-05-14,M,Norway
STU3FCAE9,1999-06-11,F,Spain
STU7A1A06,2002-09-25,M,Poland
STU8E4F2D,2003-08-04,Other,Italy
STUA9BA33,1996-04-26,M,Lithuania
STU60ED2D,2001-04-10,M,Estonia
STUB5C9A3,2001-02-06,Other,Estonia
STUD0EB3F,2004-03-13,M,USA
STUA42C6D,1998-07-04,Other,China
STUBCA1B9,1996-06-15,Other,Norway
STU97C4E5,2002-07-10,M,Spain
STU038159,2002-09-23,Other,Italy
STU5E0876,1995-08-19,Other,Lithuania
STU839519,2005-11-10,F,Italy
STU1C526D,2000-03-07,M,China
STU9F7678,1998-04-23,Other,Italy
STUF4AAF2,2005-01-04,M,Spain
STU01AA84,1997-10-01,M,China
STUC412A2,1996-02-23,M,China
STU3D7212,1999-10-08,F,Poland
STUD30566,2005-06-22,Other,Germany
STU580CD0,1997-02-28,M,Poland
STU5EA10A,2000-02-04,M,Latvia
STUB668EC,2003-01-23,Other,Latvia
STUE07B5F,2004-06-02,F,Sweden
STU6D61AB,2000-10-26,Other,Spain
STUDBA2E0,2000-07-27,M,India
STUE65A79,1999-01-01,Other,India
STU97FBB2,1996-05-22,F,Germany
STUF4D008,2005-09-13,M,Sweden
STU0CA86C,2003-10-05,M,Norway
STU05AF12,1999-05-16,Other,Lithuania
STU1AC006,2002-05-20,Other,India
STUA29230,2000-03-05,F,Estonia
STU89CBA7,2004-05-22,Other,USA
STU09CF82,2003-10-15,F,Spain
STUEDB277,2004-02-13,M,Lithuania
STU3EE515,2002-07-19,F,Poland
STUFDD752,2001-06-22,Other,Norway
STU357F3A,1995-12-03,F,Germany
STU1D0E6F,2004-06-02,F,Spain
STU66E2A2,2000-05-04,Other,India
STU69256B,2001-08-17,Other,Italy
STU28E69E,1998-01-09,F,Italy
STUF39B7E,2001-08-25,F,USA
STUB9F2F2,2004-09-22,M,Latvia
STUFD2A7E,2005-07-08,M,USA
STUB705A2,1999-12-07,M,Italy
STUC12EF6,1995-09-21,F,Poland
STU48659B,1996-03-15,F,Latvia
STUB72970,2005-12-04,F,Germany
STUC5B89E,2001-12-26,Other,Latvia
STUD73481,2000-03-01,F,Sweden
STUD9B200,2005-07-01,F,India
STU94AA44,2004-10-19,Other,India
STUCE3154,1998-03-21,M,Estonia
STUD99B7A,2002-05-13,F,Sweden
STUD441EF,1998-11-17,M,Italy
STU8FCD23,2001-10-02,M,China
STUA3FCF1,2003-08-21,F,Poland
STUCFEC53,2004-08-23,F,China
STU642865,2003-02-08,Other,Estonia
STUEA7F99,1996-01-05,Other,Lithuania
STUE8D45D,2003-08-23,F,Lithuania
STU056307,1997-09-19,Other,Spain
STU8CD507,2001-06-21,Other,Lithuania
STUD334B6,1995-12-22,M,Poland
STUBC5172,2004-01-18,F,Norway
STUC95DF1,2003-09-06,F,Latvia
STU9BD34C,1999-03-06,M,Latvia
STU44339B,2005-07-12,M,China
STU194663,1995-08-16,F,Latvia
STU96F5B6,2001-01-06,F,China
STU8ACE1B,2001-04-16,Other,Poland
STUDF8A7D,1996-12-22,Other,Sweden
STU6F8AC5,2004-01-22,Other,Norway
STUA2E4A4,1997-08-08,M,USA
STUE69B02,2003-06-12,F,China
STU53F389,2002-10-16,F,Latvia
STU267E02,1999-12-28,M,Latvia
STUD33D48,2000-03-25,M,Latvia
STU06FAE7,2001-02-20,Other,Germany
STUAE31A8,2002-03-14,M,Sweden
STU563621,2000-08-14,Other,Germany
STU49EA8E,2004-10-25,F,Norway
STU7FA373,1997-09-06,F,Poland
STUA2A068,2004-08-17,Other,Sweden
STU9623C7,2003-01-09,M,Latvia
STU02FCF0,2003-08-17,Other,Estonia
STUB70F2C,1997-06-26,Other,Latvia
STU5692AE,2001-08-23,M,India
STUD79887,1999-02-20,F,France
STU79ED63,1996-11-12,F,Poland
STU21F9AE,2002-07-06,F,Estonia
STUA3446D,2001-08-27,M,China
STUB960AE,2003-10-05,F,Norway
STUA249D0,2001-06-11,F,Poland
STU666CCD,1999-07-12,Other,Estonia
STU0654DC,2003-04-03,F,Spain
STU83AB7C,1995-10-20,F,Spain
STU971C87,1997-02-18,Other,Spain
STU4B8FC7,1996-11-12,Other,Spain
STU1CE582,1995-06-22,Other,India
STUC8EEC6,2001-06-09,Other,Spain
STU7B2992,1998-11-17,Other,Lithuania
STUF0087D,2001-08-04,Other,Poland
STUED1E4F,2002-05-06,F,Poland
STU7404E2,2003-11-14,Other,Norway
STUD92CFE,2000-11-14,F,USA
STU7EFEF5,2002-02-27,F,USA
STU280512,2000-12-05,F,USA
STUA6FF04,1995-10-15,Other,Italy
STU94E1BF,2003-07-04,M,USA
STU548481,2004-04-09,F,France
STU929275,2005-11-19,F,Lithuania
STU5BE1F9,1995-05-10,M,Latvia
STU110725,2000-11-02,M,India
STU95E35E,2001-01-07,M,Norway
STU8C97B5,2005-12-20,Other,France
STUFB2154,1998-07-08,F,Latvia
STU3C40C5,2001-02-11,Other,Sweden
STU7B9F29,2000-09-17,F,Estonia
STU77583F,1998-05-27,M,USA
STU68E768,1999-09-13,Other,India
STUEA2BA4,1998-09-23,F,Poland
STUB89F7E,1998-08-01,F,Latvia
STU8F1202,2002-01-08,Other,Spain
STUE81034,1995-02-09,M,Poland
STUFB8F4B,2003-03-13,Other,Lithuania
STUFFFA4D,2001-12-02,F,Latvia
STU813E66,1997-12-24,M,Norway
STUF74E45,2004-08-14,F,USA
STU5B430D,2001-08-01,F,Norway
STUA2E5BE,1999-03-01,F,Lithuania
STUEAE25B,2005-01-18,M,Lithuania
STU54F5EC,1995-02-17,Other,Germany
STU081EB3,2001-01-23,F,Germany
STU0D40BB,1995-02-04,Other,Estonia
STU78266C,1995-07-27,Other,Latvia
STU799D6B,2002-01-24,Other,Estonia
STUFD7197,1995-10-02,F,Germany
STU041A1B,1998-03-14,Other,USA
STU1E64A9,2001-04-23,F,Italy
STU8B389E,2001-05-11,M,USA
STU5F7EEB,2005-05-25,M,India
STU6C3A20,2002-10-22,F,China
STUE11608,1997-11-12,Other,Germany
STUCC4F22,1997-01-06,M,Spain
STU8C9EC8,2004-11-27,F,China
STUDE1739,1997-01-16,F,France
STUAFC1F9,2005-04-11,Other,Spain
STU91AC4C,1997-06-14,M,USA
STU0A37D4,2003-04-23,F,Lithuania
STU526B50,1996-06-15,F,France
STUCA7268,1999-02-21,F,Sweden
STU00DF82,1997-02-10,Other,Italy
STUFB3F31,2004-09-10,Other,USA
STU67368C,2003-12-21,F,Norway
STU81F3BD,2005-02-14,Other,China
STU8C4A3B,2005-10-23,M,Sweden
STU94281C,1996-08-22,F,Sweden
STU261A31,2003-03-22,Other,Sweden
STU193D8E,2003-02-25,F,USA
STUB6E15D,1996-06-11,Other,Lithuania
STUBA9EBF,1996-11-10,F,Norway
STU8C8976,1995-01-10,Other,Lithuania
STU75D480,1996-08-07,Other,Spain
STU5AF3BF,2002-06-19,M,Poland
STU0888F9,2005-03-17,Other,Sweden
STUD6EA2F,1996-04-04,Other,Latvia
STU347642,1998-10-11,F,Norway
STUECA315,1995-02-14,M,Poland
STUFD4F37,2001-02-22,Other,Estonia
STUF5DE6C,2000-10-10,M,Italy
STU4BFF11,1998-06-25,M,Italy
STU312EE7,1998-08-01,Other,France
STU448D39,1997-01-27,Other,Sweden
STUA78806,2000-10-27,Other,Estonia
STUA1807C,2000-11-22,F,France
STU80F806,1995-09-01,Other,Estonia
STU8C4D93,2004-06-18,Other,Germany
STUB72BFB,2005-11-17,M,Poland
STU03DF1B,2005-06-26,F,China
STU939431,2004-11-23,Other,Sweden
STUEF034B,1998-01-17,M,Estonia
STU2F029B,2002-08-05,Other,Italy
STU17049D,1996-09-17,M,Spain
STU7A35A4,2003-11-19,F,Spain
STUD4BE8C,1999-10-03,M,Germany
STU6D0E7C,2001-04-20,Other,India
STU878560,2001-05-19,M,Italy
STUCD5AB2,1999-05-19,Other,USA
STU44F583,2002-01-15,F,Italy
STU6FCD0A,1999-06-07,Other,Latvia
STU2933A9,1997-03-08,Other,India
STU5D3EEB,1999-01-19,M,Norway
STU364C81,1995-09-23,Other,Italy
STU8373C7,2002-05-07,Other,Germany
STUC6F4C2,2001-08-17,M,Latvia
STUA93E54,1997-08-12,Other,Latvia
STU7B29CF,2002-07-17,M,Norway
STU826AD2,2004-09-25,M,Lithuania
STU22A961,2000-02-23,M,Poland
STUE3CF5E,1999-07-19,M,Estonia
STU2D2CF9,2004-04-07,Other,Latvia
STU5C4430,2001-12-22,M,France
STUBA0178,2000-09-16,M,Spain
STU34648A,2001-04-21,F,Germany
STU0F6FA7,2003-06-24,Other,Latvia
STU47EC27,1999-11-26,Other,Latvia
STUBDFA46,1996-02-27,Other,France
STU72FFE8,2000-08-12,Other,India
STUCCAB60,2002-04-18,F,Latvia
STU961B30,2003-01-12,M,India
STU7B4607,2002-05-11,M,Poland
STUEB5364,2000-03-10,F,Poland
STU1B80F8,2003-12-15,Other,Poland
STU709C1F,1995-11-02,M,China
STUF34E00,1998-01-02,M,Italy
STUFAF0C3,2005-03-28,Other,Norway
STUA894A0,2000-02-15,Other,Germany
STUFC02E4,2003-07-08,M,France
STU1E6D2B,2004-05-26,Other,Norway
STU416F88,2003-04-14,M,India
STU035F3C,2005-01-05,Other,Latvia
STUA87EEE,1999-12-21,Other,Italy
STU706EA0,2005-06-24,Other,Germany
STUF5915C,2003-02-10,F,USA
STUA2C984,1996-08-28,Other,Germany
STU9D12E6,2002-01-03,Other,Estonia
STU77B462,1996-04-17,Other,Norway
STU7CFC90,1997-02-16,Other,Germany
STU21F55D,2005-09-08,F,Lithuania
STU60E1EF,2001-10-13,F,Latvia
STU263B0A,2003-05-25,F,Latvia
STU343A20,2002-10-10,Other,Spain
STU1E13F5,1996-08-07,M,Germany
STU85F623,1997-01-14,M,France
STU4B11F7,2003-01-15,M,Norway
STU2DE710,1999-04-11,Other,USA
STU32D922,2000-07-19,M,China
STUFC4673,1997-09-16,Other,France
STUAFA8A7,1998-05-05,M,China
STU9A768E,2000-01-06,F,Lithuania
STU9B6322,2004-01-12,M,Latvia
STU260CEA,2005-04-23,Other,France
STU905AAB,2000-01-07,F,China
STU9ABF22,1998-06-01,Other,Germany
STU6EED2E,2005-07-25,Other,Germany
STU3BBD83,2000-12-22,Other,USA
STUD610FB,1997-07-03,F,Italy
STU4BAD7A,1996-06-28,F,Poland
STU5599D8,2003-09-21,M,India
STU076DBC,1997-11-17,F,Lithuania
STUCA0806,1995-03-03,M,Sweden
STU6E004A,2005-02-07,Other,Estonia
STU8FE007,2004-03-07,M,Spain
STU85B138,2004-11-17,Other,Norway
STUBF4418,1999-11-21,F,Italy
STU924025,1996-03-05,F,Sweden
STU98B557,2005-11-22,M,Norway
STU20CDAA,2003-07-14,M,Norway
STU058D37,2001-05-10,Other,USA
STU461F27,1997-01-15,M,Norway
STUDB1B15,2002-02-08,Other,Italy
STU98AEBE,2005-10-20,M,India
STU7318EE,1998-04-03,M,Latvia
STU6AE9D2,2004-10-17,F,Poland
STUBD30CB,1996-09-24,F,India
STUF97353,2005-01-12,F,Germany
STU69910D,1998-02-04,Other,Germany
STU72A4C3,2001-03-12,F,France
STU7711BA,2003-10-09,F,Sweden
STU008DC5,2002-05-13,Other,Italy
STU0326FC,2000-01-12,F,Italy
STU4D7133,2005-02-19,F,Spain
STU9B6ADA,1999-03-11,F,Latvia
STU2B117F,1997-11-11,Other,Lithuania
STU3C6E70,2003-06-24,M,Poland
STU254CFC,2000-05-26,Other,France
STU030B1F,2002-12-27,F,India
STUD02425,1995-11-10,F,Italy
STUEC9C83,1998-05-27,M,Italy
STUABCFEC,1999-11-05,M,China
STUD1B649,2003-09-01,Other,Spain
STUDC72B0,1997-07-01,M,Estonia
STUD526C3,2002-11-24,Other,India
STU3AEB90,1999-09-01,F,Norway
STU15FA94,2004-07-23,Other,Latvia
STU4D098F,2002-11-27,M,Spain
STU107EDB,2000-03-02,M,Latvia
STUB3FDA6,2003-10-15,F,Poland
STU8D1C70,1996-01-22,Other,Norway
STU688553,2001-04-02,M,Latvia
STU0C5B1E,2001-07-28,Other,USA
STU598421,2005-06-08,F,India
STUBB2A92,2005-09-03,Other,Estonia
STUBFAB8C,2003-06-27,F,Estonia
STU8A18B7,1996-11-15,M,Poland
STUA51776,1999-09-13,Other,Latvia
STU2B09DD,1997-11-08,Other,India
STU3E3275,2000-06-04,Other,Italy
STU35E37F,1996-01-25,Other,Estonia
STUCD7357,1998-05-13,F,Norway
STU43F4F8,1998-01-17,Other,Lithuania
STUC3C32A,1999-09-22,M,Latvia
STU49D081,1996-03-24,F,China
STUCD3DEB,1997-08-23,F,Sweden
STU982C23,1995-01-03,M,Poland
STUE491F3,2000-07-27,F,Spain
STU271577,2005-02-24,M,Lithuania
STUA05B99,2003-05-18,F,Italy
STU6A37E4,2002-12-20,Other,Spain
STU4C6327,2004-11-26,M,Latvia
STU1A3E21,1996-03-09,M,Poland
STUC6751D,1999-08-13,F,Estonia
STU3EC1AF,2001-05-18,F,Sweden
STU33635C,1996-06-20,M,Lithuania
STU3771F7,1996-05-11,M,Estonia
STU61FEB9,2002-11-26,M,Norway
STU38CC80,2005-04-24,M,France
STU050E5C,1998-11-04,M,Spain
STU258537,2003-08-11,M,Estonia
STUDE5C4D,1998-02-21,M,India
STU310E92,2001-12-04,F,Spain
STUA900B0,2000-12-12,Other,Estonia
STU38B9F7,2004-08-04,F,Norway
STU10A1BD,2002-03-28,M,Sweden
STUF3D1B7,2001-05-02,M,China
STU0B9AEB,2001-03-11,Other,Italy
STU07EFBD,1998-05-12,F,Norway
STU747225,2004-08-05,Other,India
STU9C2D18,2005-01-17,Other,China
STU5E8E97,1998-08-05,F,Estonia
STUA5CF1D,2000-07-04,F,India
STUED75FA,2003-10-27,Other,Spain
STU41DEDD,2002-11-11,M,Poland
STUF469E6,1999-09-04,Other,Lithuania
STU3C4BA5,1997-08-01,Other,Spain
STUF36956,2001-05-23,F,Italy
STU7E1680,2002-07-03,Other,USA
STUFCBE58,1995-06-05,F,Germany
STU73F7EB,1998-11-16,F,France
STU4EAE1D,1998-06-10,F,Norway
STU6EBEB5,2003-11-02,M,Italy
STU2B8260,1997-07-27,Other,Lithuania
STUA37DAF,2002-05-18,F,Estonia
STU305DE3,2004-04-11,Other,Latvia
STU9B8B94,1998-10-16,Other,Latvia
STUBE1FAD,1999-08-20,M,India
STU8E8E17,2005-07-13,F,Estonia
STUC2B032,2005-02-10,F,France
STU0AF3BF,2000-01-28,M,Germany
STUC2245F,1998-02-05,F,USA
STU603CAB,2003-11-24,Other,Poland
STUEB397B,1999-03-16,F,Germany
STU470B84,2005-06-17,Other,Poland
STUFA1EF8,2000-10-13,F,France
STU514F61,2000-11-18,M,China
STUB77582,2002-04-15,Other,Germany
STU949761,1995-05-04,F,Latvia
STU90BB29,2004-04-20,Other,France
STU4380D1,1997-05-04,Other,Italy
STU79D46C,1995-05-17,Other,Lithuania
STU03D2A9,1995-07-01,F,Norway
STU44DD21,1995-09-23,F,Sweden
STUE47D53,1997-05-01,Other,Germany
STU45CEDA,2003-04-27,M,USA
STU76F835,1995-01-22,Other,Germany
STU38CC23,2002-04-08,Other,Italy
STU45D1DF,1997-09-20,M,Italy
STU4E635A,2002-01-27,M,India
STU009FA5,2001-11-16,M,Poland
STU689C45,2003-03-12,F,Poland
STU632A81,2000-08-16,M,India
STU9B7428,1996-08-11,M,China
STUA1606A,2001-04-20,F,Latvia
STU2CC377,2001-11-20,M,Spain
STUBE5902,2001-02-27,Other,France
STUA64B84,1998-10-24,F,Latvia
STU2940E6,1997-03-26,Other,Latvia
STUDA3BE9,2005-04-07,F,Estonia
STUC5CC7D,1996-10-11,F,Poland
STU27343B,2002-09-07,M,Lithuania
STUF3D704,1998-01-21,F,Sweden
STUFBCB61,1999-05-03,F,Latvia
STU7C4E94,2004-07-18,Other,USA
STU8E6F13,2002-05-17,M,USA
STU618FEC,2003-08-11,Other,Latvia
STUE7C0EA,1998-11-22,M,China
STU239CAC,1996-09-27,Other,Spain
STU6147EE,2005-10-01,Other,India
STU3E39F9,1997-02-11,Other,Norway
STU7827E0,1998-11-05,M,Latvia
STU06598F,1998-12-14,M,India
STUB74C64,2001-12-06,M,Latvia
STU61C272,2002-10-10,F,Spain
STUEE580A,1996-02-28,M,Estonia
STUF21816,2003-03-02,F,Latvia
STUBCE60B,1996-07-04,M,Spain
STUE3D6E9,1998-07-06,Other,Latvia
STU97181E,2005-12-27,F,Norway
STU8E296C,2005-01-04,F,Latvia
STUCFBFD6,2004-07-16,M,Estonia
STUC5876D,2001-06-06,Other,Sweden
STU29F068,2005-04-28,Other,Lithuania
STU5A95F2,1997-11-27,F,Sweden
STU73C59C,2004-09-02,M,Germany
STUF06F5E,2005-11-15,Other,Spain
STU8F1BFD,2004-12-24,Other,China
STU1F1D18,2001-07-13,M,Estonia
STU446DF8,1995-10-03,M,Norway
STU8336B3,1999-02-27,M,Latvia
STU9577D4,1998-12-19,Other,Poland
STUA9B8EF,2005-08-12,Other,China
STUE94CB5,2001-08-07,F,Lithuania
STU999E01,2005-09-06,M,India
STUC9254B,1995-12-09,F,USA
STUA008A9,2005-12-25,M,Lithuania
STU42A82D,1996-10-05,F,Estonia
STU89DD4F,2005-01-28,F,France
STU0F6C0B,2003-09-06,F,Poland
STUA39E9F,2003-04-21,M,Italy
STU97CD80,2001-08-05,M,Norway
STU8ABE1D,2005-11-03,Other,Estonia
STU284F55,1995-02-09,Other,Norway
STU13E6DA,1998-12-09,Other,Germany
STU008B8D,2002-03-06,M,Latvia
STU14898D,2004-06-18,Other,Lithuania
STU9DF826,2004-01-22,M,Italy
STUA5840B,1996-08-27,F,USA
STU423E27,2003-10-17,F,Germany
STU645F57,1997-01-14,Other,Sweden
STU030331,2002-04-14,F,Spain
STU108D31,2005-09-20,F,Poland
STU037406,2000-03-08,F,Estonia
STUFAF476,2003-03-21,M,Germany
STUF2A040,2004-11-02,M,Sweden
STUB03BCA,2001-06-04,F,Poland
STU34551F,2002-05-16,F,China
STU84C30E,1997-04-22,F,Spain
STUE90103,2005-07-13,Other,Sweden
STUF76BDA,1999-08-20,Other,USA
STU58FA1C,2005-05-21,F,Italy
STU25089F,2005-01-07,M,Italy
STU8C3DEE,1995-05-13,Other,China
STU079801,1995-12-27,M,Italy
STU039400,1997-08-26,F,Italy
STU658C62,1995-10-26,F,Lithuania
STU01743B,1998-01-15,F,India
STU4EACF5,2003-06-14,Other,USA
STUBA9F72,1998-12-20,Other,Sweden
STU068491,1998-03-27,M,Estonia
STU46B5A8,2004-02-20,F,India
STU7BE9D1,2005-06-23,F,Sweden
STUFAA070,1998-11-09,M,Spain
STU4C8D4F,2004-10-25,F,Poland
STUAFBC38,1997-04-14,M,Lithuania
STUB05F62,2001-02-20,M,Norway
STUB8C1A1,2005-12-15,Other,Lithuania
STU5E9A9F,2001-02-20,Other,Norway
STUFE4F22,2003-12-02,Other,Poland
STUD14A38,2003-08-26,Other,Poland
STU8B3B9F,2001-07-21,Other,Estonia
STU9EB529,1998-05-21,M,Lithuania
STU24285B,2000-06-13,F,China
STU25AEF7,2005-03-09,M,Norway
STU3C8CF8,1999-03-02,Other,USA
STU7847CF,2002-09-10,M,USA
STU2FE8E7,2002-02-25,F,USA
STU691C5F,1996-04-15,F,Sweden
STUA41601,1999-09-14,F,India
STU3FB3A0,1996-05-27,M,Sweden
STUA402F5,1999-09-19,M,Sweden
STUF91253,1996-08-11,Other,Lithuania
STUA6BF26,2003-09-21,F,India
STU9E9A47,1995-01-28,M,Italy
STU94E3C8,1996-09-18,M,Latvia
STUFD3299,1996-07-02,M,China
STU05F521,2000-04-08,F,France
STU6C1B3F,1996-02-01,M,Germany
STUC5EDAE,1995-02-08,Other,Germany
STU0952B1,1996-07-01,Other,Estonia
STUF85C03,1997-03-17,Other,Spain
STU2CAC7A,2002-01-24,Other,India
STUBDD967,2004-08-06,F,Spain
STU78904C,1998-03-19,M,Spain
STU92938F,2005-01-27,M,Germany
STU1C8B0B,1998-03-18,Other,Italy
STUE18718,1997-02-05,F,Lithuania
STUC83000,1995-07-27,M,Germany
STU2AD0E4,1999-02-16,F,India
STUD50FF4,2003-07-02,M,Sweden
STU13FFCC,1999-10-22,Other,Latvia
STU2BF26B,1997-05-15,Other,Sweden
STU6C0615,2004-01-21,M,Estonia
STU0866D5,1995-12-06,F,Sweden
STU8D537A,2004-12-20,Other,Lithuania
STUC753EA,1999-06-02,Other,Latvia
STUB95375,1997-01-27,Other,Germany
STU11076F,2001-12-28,Other,Germany
STU5666BD,2002-09-06,Other,Estonia
STU28E3CB,2002-03-28,Other,Italy
STUD6948E,1998-10-17,M,India
STUF0B375,2002-05-11,M,Norway
STU01FEC1,1999-01-03,Other,Germany
STU301E41,2001-09-09,Other,Lithuania
STU42F61D,2003-06-14,F,Spain
STU71C6F5,1997-11-01,F,China
STUD931D5,2000-10-08,M,Germany
STU0B5D91,1999-09-08,Other,Germany
STUCA0210,2002-10-02,F,USA
STU7E80B1,2000-05-11,F,Spain
STU6CE19F,1999-11-18,Other,Italy
STU54ADA9,1999-02-07,M,Spain
STUF2800B,2001-07-03,F,Germany
STU1C176F,2000-03-08,M,USA
STUFC2FDD,2005-09-03,Other,USA
STU47CB77,2002-04-22,Other,Spain
STU941132,2005-05-20,F,Italy
STUBF1DB0,1997-01-09,F,China
STUDFAB1E,1997-05-05,Other,Lithuania
STU9BDA0C,2000-03-14,Other,Norway
STU25407B,1998-09-21,Other,Estonia
STU1F132D,1995-11-15,F,India
STU55B738,1996-04-04,Other,India
STUCFE9E4,2003-08-23,F,Spain
STU29969C,2005-11-27,Other,Italy
STUA0C2A0,1999-12-02,M,China
STU31745A,1997-03-01,Other,Germany
STUF88E57,2001-08-18,Other,China
STU049173,2001-10-12,M,Germany
STU8BD54A,2002-12-28,M,Italy
STUEA62CA,2002-01-23,M,Norway
STU7F6AF9,1998-11-01,Other,Spain
STUE20687,2003-03-02,M,Lithuania
STU1CCA9E,2005-01-07,Other,Lithuania
STUDF261D,1996-02-02,Other,Lithuania
STUA3612A,1995-10-06,Other,Germany
STU85A092,1996-01-07,Other,Latvia
STUCB3460,2002-09-04,F,Poland
STUF8720C,1999-02-15,Other,Estonia
STU737158,1997-07-12,F,Lithuania
STU46519D,1996-07-06,Other,France
STU3DD3A2,1997-10-12,Other,Italy
STU6D2220,2000-04-17,F,Lithuania
STU2CCA23,2004-08-19,M,Italy
STU1FBAA3,2005-05-06,M,India
STU12A4CA,1995-06-18,Other,Spain
STUA73231,1997-12-17,M,Norway
STU311737,1996-12-12,Other,Norway
STU4B332E,2000-05-09,Other,Sweden
STUBF7557,1998-03-09,M,France
STU586AD5,2001-07-02,F,Norway
STU969133,1997-10-09,Other,France
STU44734C,1997-03-01,Other,Lithuania
STU4576A9,1995-02-24,F,Spain
STU9B52C9,1996-01-03,F,USA
STU152860,1995-10-15,Other,Lithuania
STU7B4042,2001-08-21,M,France
STUA6AA61,1998-01-06,F,Poland
STUBDA753,2004-04-12,M,Latvia
STU6E54A5,1995-06-09,M,Spain
STU32A4E0,1998-06-16,F,Poland
STU84827A,2000-02-18,M,China
STU846E58,1998-05-06,Other,Latvia
STU151FB5,2005-09-04,F,Poland
STUB11CB2,2005-05-15,Other,Spain
STUC5CF24,2004-12-19,M,Italy
STU49B128,1998-08-19,Other,India
STUEA8BDF,2005-10-19,M,India
STU2DEF78,2000-11-11,F,Germany
STU086F1A,2003-12-16,F,Latvia
STUF0150D,1999-11-27,M,Latvia
STU93C8FA,1996-07-05,Other,Latvia
STU043324,1997-07-04,Other,Spain
STUE79DB8,2001-03-09,M,USA
STUED4783,1999-11-04,Other,Poland
STUCE6E4C,2002-11-21,M,India
STUD277B8,2004-06-19,M,Germany
STUFA11CF,2004-06-10,F,India
STU9EE563,1995-06-24,F,France
STU5F2855,2005-07-08,Other,Germany
STU309393,1996-09-06,F,Lithuania
STUD4F005,1995-07-25,Other,Germany
STU1AA2F5,2001-09-27,F,Poland
STU764EF1,1995-09-25,F,France
STU8248D4,2002-07-02,Other,Norway
STU4144AD,2002-10-17,Other,Latvia
STU34CD00,2004-07-22,M,Latvia
STU7F5F5F,2001-08-10,M,Spain
STU81691A,1998-12-20,Other,Latvia
STUA0FB33,2004-09-26,F,China
STU52A26B,1997-06-25,Other,Latvia
STU8CBEB3,1995-05-19,Other,Sweden
STUB5DF65,1997-06-06,F,India
STU4CD314,2000-09-01,M,India
STUF984A9,1996-06-08,Other,India
STU2A54D0,2000-04-03,Other,Spain
STUC68212,1996-04-12,M,Poland
STUFEF23F,1999-12-17,F,USA
STU714B04,2002-06-03,F,France
STUF2959A,1998-02-20,M,USA
STUAABBE3,2001-03-03,Other,Norway
STUD1BA9B,1998-02-10,F,Norway
STU274081,1997-07-21,F,France
STU5B39E3,1997-06-17,Other,Sweden
STU3714A5,2001-01-27,M,Estonia
STU422658,2005-12-09,F,India
STU542504,1996-02-14,M,Latvia
STU18412C,1996-01-16,F,USA
STUA646D0,2000-03-12,F,USA
STU15A8D9,2003-07-04,Other,China
STU235041,2000-01-17,F,Italy
STU9E53C4,1996-02-02,Other,China
STUE6F9D0,2003-01-28,M,Lithuania
STU6FB679,2001-11-04,F,France
STUAD48A6,2002-02-02,F,Norway
STUC5888F,2003-08-02,M,USA
STU4C81BD,2002-02-07,M,Poland
STU7B4522,2004-05-21,M,India
STU5F0549,2002-02-02,M,Spain
STU304795,2001-07-14,M,Sweden
STUC49D89,1998-03-18,Other,India
STU70BBBE,2002-10-17,Other,Poland
STUFF3A03,2000-10-09,Other,USA
STU708C0E,2000-07-24,M,Sweden
STU8EC13B,2004-11-28,F,Italy
STUD97EBA,2005-12-19,Other,China
STU813744,1996-06-06,F,Germany
STU9EBFA8,2002-12-11,Other,Lithuania
STU9E5167,2004-01-04,F,China
STUA4FE9F,2005-02-11,M,USA
STU5E5898,2005-07-09,F,China
STU3B9446,1998-02-13,M,Spain
STU83003B,1995-01-27,M,Lithuania
STUE5D023,1995-05-22,F,China
STU05DAFD,2005-03-28,M,Latvia
STU2FE72B,1997-04-11,M,Estonia
STU3E4BFD,2001-09-18,Other,Latvia
STUF9342A,2005-09-24,M,Poland
STUB6F482,1996-05-19,F,Spain
STUCD20EB,2003-07-16,F,Latvia
STU99CFC8,1999-05-09,M,USA
STUB63CFC,1997-02-28,Other,China
STU1C807B,1996-08-25,M,Sweden
STUB5BDEF,1997-03-21,M,Norway
STU676AB7,2003-10-10,M,China
STU1DD2FF,2001-12-01,M,Germany
STUAF122B,1995-01-25,Other,Spain
STU1E77E0,2005-10-01,M,Estonia
STUAD2599,1996-06-10,M,Italy
STUE3DC39,2004-05-23,M,Latvia
STUF28F22,1998-10-23,Other,Poland
STU87EB8A,1996-03-04,M,Italy
STUC454E8,2004-08-28,M,Poland
STU231337,1997-11-09,Other,France
STU5A985A,1997-12-07,F,Lithuania
STU195E09,1997-06-14,F,Spain
STUF4F7B0,1997-12-06,Other,Poland
STUD9876C,2002-02-06,M,India
STUF98D4B,1997-01-20,Other,Italy
STUE294CD,2000-05-01,Other,Spain
STUA5A12F,1999-04-13,Other,Latvia
STU43D48B,2005-09-14,Other,Poland
STU64DE5A,1999-09-02,M,Lithuania
STU097E05,2001-07-12,F,USA
STU9FEC90,2004-04-01,Other,Lithuania
STU0869A8,2005-10-02,M,Latvia
STUEAD3CC,2005-08-11,Other,Italy
STU973A79,2001-08-13,M,Spain
STU0281AF,1999-03-18,M,Spain
STUECF0D0,1998-05-28,F,Spain
STU7CAA18,1995-12-09,F,Poland
STU04486E,1999-03-16,M,India
STUC76BC6,1995-06-03,Other,Spain
STU1F9EB7,2004-06-10,M,France
STUB84169,2004-02-25,F,Poland
STU17ACAF,2005-12-03,M,Germany
STU8ECB6B,2003-05-05,F,China
STU4294F1,2001-11-03,Other,Sweden
STUA8015D,1997-04-25,M,USA
STUD021FF,2001-12-18,F,Germany
STU76645F,2000-02-27,M,Norway
STU3AF68C,2002-03-16,F,USA
STU4F31D0,2004-01-12,F,Italy
STU6123E3,2004-01-28,Other,France
STU869095,2005-09-07,M,Lithuania
STU71CED5,1998-05-10,F,Estonia
STU2F6954,1999-04-02,F,France
STU1003AE,2004-09-27,Other,India
STU3809EA,1997-01-20,F,China
STUBA08D9,2005-07-17,M,Germany
STU6B637F,2002-09-17,Other,India
STUD823DD,2004-01-25,M,USA
STUAA9FEF,1997-03-13,Other,Estonia
STUD62CD2,2000-02-20,M,Sweden
STU9C452F,1997-10-25,F,France
STUD8F63C,1997-01-12,M,Lithuania
STUE98B28,1998-01-14,Other,Italy
STUF3D69F,2002-02-26,M,Latvia
STU09CC50,2002-06-23,M,Spain
STU811E55,2005-05-17,M,USA
STU8EAB40,2003-01-03,M,Sweden
STUB7BED4,1995-05-27,Other,France
STU5C4A80,2002-05-23,M,Poland
STU6DB0B9,1999-03-11,F,India
STUB0DA4A,2003-03-15,M,Latvia
STU2B2EF9,2004-09-01,F,Italy
STUBCD702,2002-07-19,M,Germany
STU59A2A7,2004-07-06,F,Latvia
STUC9DCA5,1999-08-21,M,Norway
STU0FF3F8,2005-03-04,F,Sweden
STU75CA40,2004-11-22,Other,India
STUC68B73,2004-06-20,M,Italy
STUB9C684,1998-01-09,F,China
STUF1ABF9,1998-02-21,Other,Norway
STU0DCA2B,1999-01-13,M,China
STU0EB630,2005-10-12,Other,Lithuania
STU00206E,2002-01-02,Other,Norway
STUD97873,1999-01-15,M,Spain
STU06C03B,2004-08-07,F,Poland
STU62A958,1995-10-01,Other,Spain
STU3076BF,2005-04-03,Other,Sweden
STU3D7F19,2003-04-22,Other,Latvia
STU2865B7,2005-06-19,M,France
STU2033C0,2001-10-08,F,Sweden
STU03C590,2001-04-19,M,USA
STUA58B75,2003-10-02,M,Estonia
STUB7CABE,1996-09-23,M,Norway
STUB71D73,1998-11-06,M,Latvia
STU8C78E8,2004-11-12,M,France
STU7E052B,2005-02-20,F,India
STUC3E7EF,1998-05-27,Other,Sweden
STU69A43A,1995-08-22,M,Norway
STUDCA648,2002-06-10,F,China
STU7D284D,1995-08-21,Other,Italy
STU0C1485,2001-09-22,F,Latvia
STU8B170F,1995-05-25,F,Norway
STU07DB61,2004-01-25,Other,Lithuania
STU636B28,1996-11-07,Other,China
STUA9C766,2003-06-19,F,USA
STU00E8D3,2003-08-03,Other,Poland
STU3A6760,1998-10-06,M,Poland
STU3E7B77,2002-01-24,F,Estonia
STUF916ED,1999-07-13,Other,Sweden
STUA58A82,1996-05-22,F,Estonia
STUFCFDA3,2002-11-19,M,Latvia
STUB1C74A,2004-03-13,Other,France
STU1AAF78,2003-02-08,Other,Spain
STUCEECB5,2000-03-19,Other,Italy
STUC34BE5,1999-11-02,Other,USA
STU5B508C,1995-06-24,F,Italy
STU0BACEB,1998-01-10,M,Poland
STU3B4B13,1999-12-24,M,Poland
STU05BDC6,2001-12-14,F,Poland
STU46F811,2003-10-19,Other,France
STUAA1771,1995-04-13,Other,India
STU4E2E07,1999-01-05,Other,Latvia
STUA78485,1996-07-17,F,Latvia
STU6250FC,2005-04-07,M,Sweden
STU89D33A,1997-02-01,M,Spain
STUB5BDD6,2005-09-11,Other,Estonia
STUACCA76,1999-08-05,Other,Poland
STU2FC1D7,2000-06-04,F,USA
STU73E205,1997-02-19,Other,China
STU2CA792,1998-07-23,M,Spain
STU6DE33E,1995-09-03,Other,Norway
STUDBF177,1997-12-13,M,Norway
STUE99E45,2001-02-05,F,Germany
STUA1D019,1995-05-09,M,Italy
STU48A435,2001-09-22,M,India
STUCB61D8,2005-01-26,F,Germany
STU5E6AF8,2002-11-20,Other,Estonia
STUB9E16E,2005-10-10,Other,India
STUE3B234,2004-05-28,Other,Lithuania
STU791938,1996-12-17,Other,Latvia
STU439765,2004-03-13,F,Germany
STUDE2229,2004-04-25,Other,USA
STU2856CB,2001-08-09,M,Latvia
STUDA10B7,2005-07-12,F,India
STU57D610,1995-01-26,M,India
STUFCBFB7,1997-10-11,Other,Norway
STU49EC36,1995-04-10,Other,Spain
STU907747,2000-12-12,M,France
STU60829F,1996-08-13,M,Norway
STUDEDF10,2004-12-17,F,Sweden
STU42B1E0,2002-10-20,M,Sweden
STU8C5632,2003-10-04,Other,Italy
STU1F1749,1997-01-19,Other,France
STUD14CCD,2001-12-08,F,Norway
STU3DF7EB,2002-08-09,M,Italy
STU8508DA,1999-07-28,M,USA
STUAF06B5,1998-05-22,F,India
STUEEC000,1996-10-02,M,Germany
STU1670C1,2003-01-06,Other,Poland
STUBA5B9C,1999-04-27,Other,France
STU2C12DA,1997-01-15,F,Latvia
STU3D6B63,1995-02-11,F,Estonia
STU3DC7B0,2002-03-02,F,Sweden
STU274026,2000-03-06,F,Poland
STU289DF9,2004-03-24,F,USA
STU533406,2003-01-15,F,Lithuania
STU55D709,2005-01-19,F,Norway
STU4FCF71,1995-09-08,M,Latvia
STU5746D3,2003-12-17,M,Sweden
STUD3551A,2004-08-08,M,Latvia
STUCC2031,1997-09-16,Other,USA
STU69C91A,2004-11-24,Other,USA
STU1301C9,1996-11-15,M,Spain
STU40C3D2,2000-03-18,Other,Latvia
STUDB6E54,1996-06-28,M,Spain
STUDFAE03,2001-10-25,Other,Germany
STU600C94,2003-08-04,Other,Lithuania
STU9A9D3D,1995-03-07,Other,China
STU8649DD,2002-08-27,M,France
STU3C10CC,1998-02-07,F,Italy
STU7678CA,2000-02-14,M,Latvia
STU404B44,2003-09-25,M,Germany
STUAF349B,2003-10-20,F,USA
STU19EBAB,1996-01-12,F,Italy
STU60CDB7,1999-12-20,Other,China
STUC60449,1996-02-03,Other,Lithuania
STUADE4F1,2004-09-03,F,Sweden
STU3C6CB6,2005-01-24,Other,Estonia
STU37EC80,2003-11-20,M,India
STU13A195,1996-03-17,M,France
STU4154CB,2002-02-09,M,Latvia
STU0C4549,2005-05-02,M,China
STU574BEB,1996-06-27,Other,France
STU20D5D3,1995-11-25,M,Spain
STUAC0660,2000-10-14,Other,Lithuania
STU411622,1995-08-02,F,Italy
STU0D3EAF,1998-01-20,F,Germany
STUD68204,2002-08-03,Other,Sweden
STU93349D,2004-09-14,Other,Spain
STU22DE36,1995-02-15,F,Sweden
STUBD3738,1997-07-02,Other,USA
STU46E098,1999-12-20,M,India
STU7AA01F,2002-11-10,F,Spain
STU141C7F,2002-10-12,Other,Sweden
STU2AEA91,2004-07-18,M,Sweden
STUDAE47D,1995-12-13,Other,Germany
STU130C67,2003-01-10,M,Norway
STU45A503,2004-11-12,Other,Latvia
STU800E46,2005-12-07,M,Spain
STUB7FDFD,1998-06-02,M,Spain
STU690A09,2002-07-13,M,Lithuania
STUA17F83,1997-09-28,F,Italy
STUF2E292,1995-04-18,F,USA
STU9C7156,2002-02-01,F,Latvia
STU7B55B1,2005-10-16,M,China
STU489EAB,1996-08-08,F,Norway
STU3EB909,1997-04-23,M,Lithuania
STU187E17,2005-02-23,M,Estonia
STU3FAAC2,1999-06-27,Other,Norway
STUFB4331,2000-11-04,M,Lithuania
STUE8F70A,1996-03-01,F,Spain
STU14AA3B,1995-09-03,F,Spain
STU6F0C7D,1999-09-04,M,Lithuania
STU51EFE1,2000-01-05,F,China
STUE7DCB2,1997-06-21,F,China
STUC8145B,2002-03-14,M,Estonia
STU7A5473,2000-09-23,F,China
STUC6C620,1998-07-04,Other,Germany
STU1BCC66,2002-04-12,Other,Italy
STU5130B6,2003-11-05,F,Spain
STU2ED24D,1999-09-28,M,Germany
STUC4E457,2003-01-28,Other,Italy
STU8423F6,2002-07-06,Other,Spain
STU8AA3FD,2001-03-08,Other,Poland
STU4247A3,2001-12-04,M,India
STUC151DA,2000-01-05,F,Latvia
STUDF1DC7,2005-12-26,F,Italy
STU84E33E,1997-06-13,Other,Norway
STU6C0087,2005-01-17,Other,Lithuania
STU370FB1,2001-12-27,M,Italy
STUE29D34,2002-03-26,Other,Latvia
STU5DF234,2005-10-18,M,Lithuania
STUB4808A,2000-05-03,M,Norway
STU7DFD52,1997-09-06,Other,Poland
STUE5150B,1997-08-03,F,France
STUC09C4E,1998-02-21,F,Estonia
STUA93EFC,2000-11-18,M,Lithuania
STUA62F1F,2001-09-09,M,China
STU8791C3,2005-02-26,F,Lithuania
STUD986CC,1997-11-02,Other,Poland
STU46C236,1997-03-28,M,China
STU19FFA0,1997-06-18,F,China
STU5B15C1,2002-03-08,Other,Norway
STU72B6C7,1999-09-28,F,Latvia
STU166A55,2004-12-08,Other,Sweden
STU3E463F,2004-09-01,Other,Germany
STUAB46EA,1997-06-02,Other,Poland
STUD025A9,1998-06-22,Other,Norway
STUE6A3B3,2005-09-25,M,Spain
STU5BEC59,2002-12-09,M,China
STUDDD080,1996-05-26,M,Italy
STU7F60F8,2002-01-19,Other,Italy
STU6C104E,1997-02-02,F,Sweden
STU73EB84,1995-06-20,Other,Estonia
STU6A6B48,2004-03-13,M,Poland
STUEAFECD,1995-11-10,F,India
STU64AC69,2002-12-22,F,USA
STUDE77B0,1996-12-27,F,Estonia
STU4FBC71,1999-04-10,M,Italy
STU753FE8,1995-02-08,F,Latvia
STU547B14,1996-10-10,Other,China
STUC50A05,2005-06-15,F,China
STUBC8BC9,1999-12-23,F,Germany
STUE5702F,1998-06-12,Other,Estonia
STU5FD2DB,2002-03-19,F,Italy
STU1B4BD6,1995-06-27,F,Germany
STUFC8817,1999-02-04,M,Latvia
STUA99EFB,2002-11-28,M,Italy
STU338B00,1999-01-26,Other,Estonia
STUFA3ECD,1997-03-20,Other,USA
STU8657B1,1998-05-14,F,Germany
STU2B26B9,2004-08-06,F,India
STUD0235D,1999-09-08,F,France
STUA5BC12,2000-12-20,Other,Italy
STU32734D,2002-03-14,M,France
STU7912A4,2003-12-12,F,USA
STU89FD2D,1995-01-05,M,USA
STU37A0B1,1995-10-24,Other,Norway
STUEC238A,1997-10-13,Other,Norway
STU939817,2003-03-18,F,Sweden
STUC09EE5,1996-10-17,M,Latvia
STU80F354,2000-10-01,F,Lithuania
STUC045F0,2001-03-02,Other,USA
STU676FE5,1999-04-26,F,Poland
STU07EB0F,1995-03-27,M,India
STUEE0040,1995-02-26,Other,Spain
STUFCC55B,1995-12-04,M,Spain
STUC7AF9C,1997-07-08,M,Estonia
STU94F7DA,2003-09-14,Other,France
STU303DF1,2004-07-14,F,Latvia
STU7A4F4B,2001-08-07,F,India
STU1136FC,2003-02-28,F,USA
STU91F969,1998-10-26,M,Germany
STU4DBDE8,1997-02-20,M,France
STU4DE80D,1998-12-25,Other,Sweden
STU1822C8,1995-06-14,Other,Lithuania
STU9F26AF,1999-04-14,Other,France
STUEDB3C2,1999-05-24,Other,China
STU4F0ABE,2001-10-09,F,Germany
STU73C800,2005-02-23,M,Lithuania
STUBF2DA8,2001-08-01,Other,Estonia
STUA3C284,2005-01-12,M,USA
STU4BC256,1995-04-06,F,China
STU5CF519,2005-02-28,F,Poland
STU0DDC0B,2005-09-15,M,Lithuania
STU927291,1999-01-22,F,France
STUE17201,2001-05-25,F,Spain
STU653D91,2003-10-18,Other,Germany
STU602789,1997-09-10,M,Poland
STUD1EBBC,1999-12-09,Other,USA
STU9767B3,2004-08-19,M,India
STU5D08BE,2005-11-11,Other,Norway
STU2D5197,2005-04-11,Other,Lithuania
STU1DDD56,2000-05-04,F,Spain
STUF11404,1996-09-20,Other,Germany
STU02DA24,2002-06-02,M,Sweden
STU7F4C4B,2005-11-19,M,Poland
STU7CB732,2000-04-20,Other,Lithuania
STU1C86B4,2005-01-11,M,India
STU29E4B9,2001-12-16,Other,India
STUCC1C3A,1999-09-21,M,China
STU40B662,2002-10-27,Other,India
STUED14FD,2004-01-07,Other,USA
STU08E37F,1998-01-08,Other,Spain
STU3D7F63,2002-06-25,Other,USA
STU8F1AEA,2003-02-25,M,India
STUC49D49,1995-12-04,M,Poland
STUAD5CB9,2002-01-20,Other,India
STUFDCBDE,1999-05-19,F,Norway
STU0EDDAA,1996-09-03,M,France
STUD77577,1996-01-06,Other,Lithuania
STU81CDC5,2001-02-13,Other,Poland
STU8BE049,2003-06-07,F,Poland
STU8E627F,1995-07-16,M,Norway
STU4A3A72,2001-10-13,F,Lithuania
STUF33B63,1997-06-23,Other,Estonia
STU0AC086,1996-03-16,M,Norway
STUA77A35,2002-04-26,M,Sweden
STUE6FDFE,2003-11-11,Other,USA
STU86625A,2002-09-25,M,Lithuania
STU8D0D13,2000-12-05,Other,Estonia
STU1B62F4,1999-02-14,Other,India
STUAB0722,2003-07-26,M,Poland
STUE7953D,2003-06-12,M,USA
STU33B277,2000-07-15,F,India
STUB21BB5,2002-09-15,Other,USA
STU76540D,1995-06-24,F,Poland
STU394729,1996-07-22,Other,Sweden
STU238299,2004-02-03,F,Spain
STUB32CD3,1999-01-21,F,Germany
STU5C798F,1999-03-14,Other,China
STU010E7B,2004-07-22,Other,China
STU1F997C,2001-10-15,F,Latvia
STU10DED2,2001-10-26,Other,Lithuania
STU9C3184,1995-08-18,M,Latvia
STUF6A728,1996-07-27,M,France
STUC340E7,1996-04-16,Other,India
STU8503E5,2005-07-09,Other,Lithuania
STU555CC9,1999-10-27,F,Lithuania
STU801F17,1998-09-08,F,Poland
STUBD50C1,1995-04-03,M,Poland
STUB347AA,2000-06-16,Other,Norway
STU2D6804,1995-02-18,M,Lithuania
STUF7D9A0,2005-11-16,Other,France
STUDCA998,2004-01-17,M,China
STU78C5FB,1999-06-13,M,USA
STU8CBB6F,2004-05-08,M,Lithuania
STU0BD351,1996-04-02,M,China
STU2EDD1D,1997-04-19,Other,Spain
STU8CC14F,2005-06-09,M,Spain
STU3E31D7,2000-08-03,M,Spain
STU4D5F76,2003-05-09,F,Germany
STU2D30A8,2005-08-18,M,Germany
STU4F9EBE,1996-10-13,Other,India
STUE3A246,2000-11-27,Other,Norway
STU2A6662,1998-06-03,F,USA
STU2DC77C,1999-10-13,M,USA
STUF02DDC,2001-07-02,F,India
STU03D4DC,2001-07-09,F,Poland
STU211B83,1997-05-07,F,India
STU50147F,2001-11-27,Other,Spain
STU5E91E6,1999-09-11,F,Estonia
STU69688C,2002-06-04,Other,Italy
STUF43412,2002-10-17,M,Lithuania
STU44424C,2000-09-08,M,Sweden
STUE00A0E,2005-10-16,Other,Spain
STUDD6086,2001-01-14,M,India
STUB253DD,1995-02-15,Other,Latvia
STU4F083F,2005-03-27,Other,Poland
STUE31E8A,1995-10-11,Other,Germany
STU45A225,2002-09-08,Other,India
STUFDB5AB,1998-03-18,F,Estonia
STU90E185,2001-09-08,F,Italy
STU589CF2,1996-02-14,Other,Poland
STUF97320,1995-07-12,M,Italy
STUD176FA,2005-02-07,Other,Germany
STU1F839D,1997-03-14,M,Estonia
STUF1964A,1998-07-25,F,Latvia
STUD1137C,2003-04-27,F,India
STU8E1B41,2004-10-13,M,Italy
STUA142BF,1997-01-24,F,Latvia
STUDF254A,2003-03-11,M,Sweden
STU40306C,2005-08-22,Other,Poland
STU34CEC2,1998-09-17,F,Poland
STU19E59A,2000-09-13,Other,France
STUBAC353,1995-10-10,Other,Norway
STUB392D6,1996-09-17,M,Estonia
STU1D97D6,2004-02-21,F,Latvia
STUD0C643,1995-08-13,F,Poland
STU809691,2000-05-12,Other,Latvia
STU6F0DCB,1995-11-21,F,Poland
STU8AE4CC,2003-08-02,M,Poland
STU9C8E2F,1998-07-11,M,Germany
STU4CF3ED,1997-01-03,F,Spain
STU1F4F3E,2000-08-13,Other,Poland
STU2449C5,1998-07-10,Other,Norway
STU60AFE4,1997-11-26,F,Estonia
STU59ED06,2003-06-13,Other,France
STU80AC79,1997-02-23,M,Germany
STU231A82,2003-10-17,F,Spain
STU06D803,2000-05-27,M,France
STUC89436,1998-01-04,Other,China
STU525B43,2004-05-06,F,Norway
STUD4B595,1998-07-07,M,Italy
STUE7F1E2,1996-06-08,M,Lithuania
STU370216,1999-11-08,M,Latvia
STUCC7B1E,1995-05-11,M,Poland
STUFC29A2,1995-01-06,F,Estonia
STU2915CE,1995-05-15,F,France
STU87D21B,2002-07-20,M,Norway
STUAEE5C7,1996-04-12,Other,Italy
STU3E6E4C,1996-11-17,F,Sweden
STU68466B,2004-12-04,F,Germany
STUCC7B6E,2003-05-16,M,Germany
STU8B51A7,2002-02-20,Other,Germany
STU5622BB,2002-03-26,F,Poland
STUBE65E7,2004-09-23,F,Latvia
STU958B2D,1998-04-08,M,Lithuania
STU90AE16,2001-06-12,Other,Estonia
STU2E7F1A,2002-07-03,M,Italy
STU1889C4,2000-03-23,M,Lithuania
STU5D759C,1997-03-27,F,Estonia
STUECB65F,2001-02-22,F,Norway
STU0FCA93,2005-01-02,M,Germany
STUFB180D,2003-01-18,F,China
STU192F26,2000-12-03,F,Germany
STU7C712C,2005-10-09,Other,Latvia
STU9CE951,2004-09-08,M,India
STU89D3FF,1996-02-19,Other,Estonia
STU135B22,2001-09-08,F,France
STU1FEED9,1995-06-05,Other,Italy
STU3B2176,2005-07-26,F,Lithuania
STUA02B3F,2001-01-21,F,Sweden
STU770296,1999-04-05,Other,Lithuania
STU150903,1995-09-18,Other,Italy
STU80B7FB,1995-10-03,F,Norway
STUB36CD2,2005-03-16,F,Lithuania
STU6148CE,2001-12-08,Other,Sweden
STU210D2F,1997-03-20,Other,Germany
STU42A5BF,1997-06-01,F,Spain
STUED94AA,2003-07-11,M,Poland
STU4C7CD0,1997-04-11,Other,France
STUD43D04,2003-12-09,M,Lithuania
STUDB404B,2004-05-03,Other,France
STU3315F2,1999-05-14,Other,China
STU00C596,1997-01-09,M,France
STUC6FB17,2000-12-16,Other,Estonia
STU799BA7,2002-03-15,M,China
STU38BA5E,1996-04-22,Other,Germany
STU1BB74F,1996-02-21,Other,Lithuania
STU472F3F,2003-11-25,M,USA
STU8CAD2A,2004-04-28,Other,Lithuania
STUFC4553,2002-05-07,Other,Italy
STU9CCCBD,2005-08-27,M,Estonia
STU3D2135,1995-04-05,M,USA
STU84BCA3,2001-06-04,F,Italy
STUACD8FB,2001-11-28,F,Spain
STU9411A3,1998-08-13,M,Lithuania
STUDCB5A3,2002-03-26,F,Norway
STUFB5C29,2005-12-18,Other,India
STU764D39,2002-12-14,Other,Italy
STU2F9456,2005-12-20,F,Spain
STU7CCAFF,1997-05-14,M,Italy
STU0FA377,2005-08-25,M,Italy
STU60536C,1995-03-23,M,Poland
STU85B347,2004-03-11,M,India
STUC3900D,2000-09-27,Other,China
STU392DBC,1998-07-23,Other,Germany
STUC756BD,2000-02-15,M,USA
STUBCCDBF,1997-05-21,F,USA
STU6F5327,2000-11-27,M,Sweden
STUA6846B,2002-05-14,Other,USA
STU41DF3E,1998-05-10,M,Germany
STUDB93BC,1997-03-18,M,Norway
STUAB1DC9,1997-02-07,M,Germany
STUA198EE,2005-08-07,M,Germany
STU2D32B4,1995-05-10,Other,France
STUB41054,1995-11-01,M,France
STUA2A183,2000-04-10,F,France
STUAF35B7,2001-03-27,M,Norway
STU94EAF5,2004-03-17,M,Norway
STUF91319,1997-08-06,F,China
STU320778,1998-04-09,F,Norway
STU6285F9,1997-11-01,F,Latvia
STUF37987,1999-05-08,F,Sweden
STUC8A5FF,1997-11-18,M,Italy
STU6DCE7E,2005-06-19,Other,France
STUF6A469,2003-05-18,M,India
STU45E518,2002-06-19,F,Italy
STU54A053,2000-10-18,F,Sweden
STU43A2F6,2005-12-25,Other,China
STU35EC67,2004-05-04,M,Lithuania
STUA19A93,1995-09-26,Other,China
STU1F6B16,2002-02-02,F,Germany
STU7A0135,1998-06-25,Other,USA
STU0AA6BA,1996-07-19,M,China
STU9D0CBC,1996-09-06,Other,France
STUC958C5,1999-07-22,F,Estonia
STU42E17D,2000-07-23,F,USA
STU17B5A3,2005-06-13,Other,Sweden
STU645992,1995-03-22,M,Norway
STU03AFF8,2001-11-05,F,China
STUD94CFA,2000-02-08,Other,Lithuania
STU1BCD33,2004-07-04,M,Norway
STU897D92,1998-05-23,Other,Italy
STU7A692F,2002-10-25,Other,France
STU70C35D,2004-05-03,Other,France
STU46FAA0,1999-03-14,F,USA
STUC84E4B,1999-10-21,F,Spain
STUB03F50,2002-01-12,F,China
STU8A9EE6,2000-05-20,F,Poland
STU36C79F,2000-09-15,F,France
STU1B9F11,2004-02-11,Other,Lithuania
STUCF30B0,1997-03-06,Other,Estonia
STUB8A085,2000-02-24,Other,India
STU8D1EE0,2000-11-18,Other,Norway
STU81BC97,2001-09-03,M,Sweden
STUA3E5A8,2000-06-01,Other,Latvia
STU1EA779,2004-02-10,Other,Lithuania
STU1AAF24,2003-08-14,Other,Estonia
STUFB2F67,1996-06-15,F,Latvia
STU0C52B9,1995-01-10,Other,Latvia
STU1E765E,2005-07-25,Other,Lithuania
STU40BF33,2003-11-01,Other,Germany
STU072060,2001-08-24,Other,Germany
STU0D536C,1997-05-19,M,India
STU1D921A,2004-04-10,M,China
STUAC1184,2002-05-20,F,Latvia
STUDFA562,1999-08-11,M,Germany
STU5F17DF,2003-02-12,F,Poland
STU7EED42,2000-07-06,Other,France
STU65EB0B,2004-10-08,Other,Norway
STUB770B4,1997-10-20,F,China
STU937974,1997-01-09,M,Lithuania
STU76F4CD,1996-07-02,F,Germany
STU413D2C,2001-04-24,F,Italy
STU21BBA7,2004-10-21,Other,Norway
STUC87D04,1997-10-17,F,Sweden
STU9C7142,2005-09-12,Other,China
STUE71BB0,2000-08-14,M,Italy
STU9ED7C0,1995-11-28,F,Norway
STU3AAD97,2000-10-25,Other,Norway
STU19BB7A,2000-12-07,Other,Estonia
STU0920B6,1997-10-22,M,Latvia
STU02624D,2003-11-21,Other,Poland
STU69635C,2004-05-02,F,France
STU01B68E,2003-05-14,Other,Italy
STU12E5BE,1997-10-03,Other,Latvia
STU6AE740,2004-04-12,Other,Lithuania
STUBDF9FB,2000-09-07,M,Norway
STU4003C4,2001-09-05,Other,Lithuania
STU3ECE76,2000-05-28,M,Sweden
STU3706ED,1995-03-25,F,France
STUF1C685,1997-12-04,M,Norway
STUCF5EEA,1998-09-10,Other,Sweden
STUEDFF76,1997-12-15,F,Spain
STU3F2061,2001-09-27,Other,France
STU1F14AF,2003-06-02,F,Lithuania
STUF1DD27,1996-04-23,F,Germany
STU83FAB6,1997-04-11,Other,Italy
STU0A07DA,1995-05-10,Other,India
STUB99F3D,1995-06-16,Other,India
STU7A93F6,1996-01-27,Other,Sweden
STU244244,1997-01-17,Other,Lithuania
STU091EE8,1997-01-04,Other,Poland
STU122CFA,1995-05-03,M,Italy
STU80F870,2003-09-14,Other,Lithuania
STU07C9F0,1999-10-21,F,Lithuania
STUA950E2,1997-11-06,F,Lithuania
STU0F6CFA,2004-03-22,M,Poland
STUED50F8,1996-10-18,Other,Italy
STU96C49B,2000-03-13,M,Norway
STU37D7C2,1997-09-25,Other,Germany
STU2C4D53,2002-01-05,Other,Sweden
STU7088AF,1996-03-12,Other,Germany
STU962180,2002-10-16,F,Lithuania
STU1515A1,1999-01-06,F,Poland
STUE182B1,2003-12-07,M,China
STU7DBF8A,1996-01-02,Other,USA
STUD9489A,1999-10-27,F,Germany
STUA47BD8,2000-05-02,M,India
STUEC559F,1998-06-22,M,China
STU8AE403,2005-12-18,Other,USA
STUDCFA3C,2004-04-09,Other,Italy
STUB5E891,2002-07-27,F,Estonia
STU5A67D9,1999-08-17,Other,Estonia
STU2E0AF4,2002-10-05,F,India
STU761713,2005-12-19,Other,Poland
STU71BBEB,1996-07-21,Other,India
STU883CFF,1996-07-23,Other,France
STU04F9F9,2001-07-13,Other,USA
STUE34B90,1998-03-14,F,Spain
STUA59D1E,2005-12-24,M,Latvia
STU1E2954,2003-03-20,F,Latvia
STUF5F1AA,2005-08-13,Other,India
STUB99043,1997-05-12,Other,USA
STUCEC90F,1999-09-27,F,Poland
STU025150,2001-07-06,F,Spain
STUD28987,2000-08-26,F,France
STU436EB0,2003-05-11,M,France
STU595553,1995-06-09,M,Sweden
STU6D0F9E,2003-04-25,M,Poland
STUE9C0BC,1999-03-04,Other,India
STU48FF6F,1999-08-06,Other,Spain
STU988845,2003-01-28,M,Germany
STUE6F945,2002-01-11,F,France
STUEA8F0A,1999-01-06,F,France
STU295F22,1996-03-09,M,Germany
STUEB9591,1995-12-11,Other,Estonia
STU9DFC4D,2005-03-01,Other,India
STUDFEA18,2002-10-27,M,USA
STU1686E4,1999-11-05,F,USA
STU50345A,2001-02-22,Other,Spain
STUD33C6E,2001-11-15,F,Spain
STU91B85D,1999-11-17,F,Germany
STU89F138,2003-06-22,M,Estonia
STU79FC5E,2000-09-01,M,India
STU7C47A5,2005-02-05,M,Poland
STU908E8F,1998-12-06,Other,Norway
STUC190EB,2004-07-17,F,Italy
STU4FC0EB,2004-07-11,Other,Germany
STU90E44E,1996-12-03,F,Norway
STUA2186E,2003-01-01,M,Latvia
STU47ADA0,1996-01-11,Other,Spain
STUCDFA12,2004-01-26,M,Lithuania
STU77903A,2001-05-26,Other,Poland
STU9779DF,2001-08-22,M,Germany
STU940800,1996-05-19,M,China
STU83FBC2,2005-10-02,F,Latvia
STUD4A00F,1998-05-01,M,Lithuania
STUC6FD64,2002-08-22,M,Italy
STU94A97E,2005-01-05,M,China
STU10B09B,1995-10-18,F,Estonia
STU80D168,1998-01-21,F,India
STU2F19AC,1995-09-09,M,Latvia
STU1B7128,2005-03-27,Other,Poland
STUC392DB,1998-06-07,Other,China
STU736ECA,1999-02-22,Other,Poland
STU881CC4,2003-08-05,F,France
STU066F5D,1997-10-07,M,China
STUCEC827,1996-08-12,F,Poland
STUDB56BC,1998-07-07,M,Poland
STU11531A,2000-10-13,Other,Estonia
STUBADA4C,2000-11-12,F,Estonia
STU031E8B,2005-02-24,F,Latvia
STUAE7409,1995-09-18,F,Italy
STU6A30B2,2002-07-08,F,Poland
STU2805B0,2001-03-12,M,Poland
STU4CACF9,2001-05-01,Other,Germany
STU96CDDC,1998-08-08,Other,Spain
STUA69FA4,1995-12-09,F,India
STUBFAD6C,2002-05-04,Other,Germany
STU111046,2004-09-14,M,India
STU1891FC,2005-12-08,F,Norway
STUBFC6E2,2004-01-28,F,France
STU9394B4,1997-06-26,M,Poland
STU7340E0,2002-11-01,M,Norway
STU6DFAAD,2002-08-06,M,USA
STUB280FE,2005-08-22,Other,Latvia
STU3E36E8,2005-08-24,M,Latvia
STU6972A1,2002-09-05,F,Italy
STU0964F3,1995-01-28,Other,Spain
STUDBBCA1,1996-12-06,M,Italy
STU00A668,1999-09-24,M,Sweden
STU9F4E6F,2001-03-11,M,Estonia
STUA9CA40,2001-08-04,Other,Spain
STU4D3663,1997-04-19,F,Spain
STU97581D,1995-03-03,F,Italy
STUBF70E3,2004-06-06,M,Spain
STUD85354,2004-11-27,M,Poland
STU66379B,2000-10-23,Other,USA
STUEF8011,1996-01-12,Other,Poland
STU197156,2003-12-11,M,USA
STUE80CF1,2002-10-16,M,Germany
STU3FB12D,2003-02-02,Other,Latvia
STUC3643B,2004-02-18,Other,Latvia
STU561C6E,2002-01-17,Other,Latvia
STUEFA392,2000-01-02,M,Spain
STU9C30EC,2003-09-27,Other,Estonia
STUBF3916,1996-02-24,M,Germany
STU1DC625,1995-04-13,M,Estonia
STUC7D028,2001-01-07,M,Norway
STU419966,1999-10-13,M,Germany
STU23E1ED,2001-10-27,M,Norway
STU1D94ED,1997-12-17,M,Norway
STU171967,2004-04-23,F,France
STUADC88F,2001-10-13,Other,Lithuania
STU92DA69,2005-10-04,M,Germany
STU606B98,1998-02-19,M,Norway
STU9646E0,2004-12-27,Other,India
STU770BA1,2005-09-27,M,France
STU64EA2F,1999-07-01,M,Norway
STU77010B,2004-02-20,F,Estonia
STUD8EBB8,1997-04-11,Other,India
STU3588CA,2005-03-02,M,Norway
STU934F8F,1998-11-26,M,China
STU65FB62,1999-10-25,Other,Norway
STU4AA2CA,2003-01-11,F,China
STU925E80,1995-02-10,F,Spain
STU8AA52E,1995-02-04,M,USA
STU1D52CD,2001-08-01,F,Poland
STUD9C987,1997-11-03,M,Norway
STUA266ED,2000-04-11,M,Italy
STUB5A424,2005-05-22,M,India
STU1535CF,1998-07-12,Other,Spain
STU6B11A5,2002-06-12,Other,France
STU54C3A7,2004-02-05,Other,Latvia
STU8293FA,1997-07-26,F,Germany
STUA8980E,1999-10-03,F,China
STU3D9F37,2003-06-28,Other,Sweden
STUAD43A0,1996-09-20,F,Sweden
STU76F80B,2000-11-26,Other,Italy
STU018069,1999-12-15,M,Estonia
STU0D770A,2003-10-08,Other,Lithuania
STU39B040,1996-07-04,M,Norway
STU0F905F,2004-03-10,M,Sweden
STUCB5DF0,1997-09-28,M,Poland
STU6B603C,2000-01-15,M,Sweden
STUC49E3F,2003-10-27,M,Spain
STUF1A005,1997-02-16,M,Poland
STUA1414A,1999-07-15,F,Spain
STU34A4E5,1995-02-11,F,Lithuania
STU810586,2000-06-15,Other,Lithuania
STU67A8BC,1996-05-08,Other,Lithuania
STU870893,1997-08-27,Other,Sweden
STU31CA84,2002-11-20,Other,Estonia
STU22A4DA,1996-11-17,M,France
STUE8714C,1999-01-09,M,India
STU51EE26,2003-04-05,F,Germany
STUADCB55,1995-01-20,F,France
STU94D372,1996-01-17,F,Germany
STU86A4A6,2004-08-20,Other,Sweden
STU246498,2002-07-10,M,Sweden
STU3EC697,1998-12-08,Other,Spain
STUB86A2D,1996-04-06,F,Sweden
STUC6C2AA,1997-02-06,Other,Norway
STU93A244,1999-02-24,Other,France
STU5DFE08,1995-12-11,F,Poland
STUF2E4D7,2001-11-25,M,India
STUE75EAC,2004-08-15,M,Estonia
STUC7B202,1996-07-04,Other,China
STU401DC6,2001-10-08,F,Estonia
STU16E35E,2001-02-15,F,Sweden
STU9B7914,1999-09-15,Other,India
STUBE2490,2003-03-02,F,USA
STUA377D1,2004-06-24,Other,Germany
STUFE3DA8,1995-08-11,F,Lithuania
STUD497D4,1999-11-25,F,France
STU3005B6,2003-11-07,Other,Norway
STU610B01,1996-06-07,M,Spain
STU480415,2002-07-07,Other,Poland
STU0560B2,2002-05-26,Other,Poland
STU4E5D0B,2001-08-09,M,Poland
STUDD6F27,1997-02-24,Other,Germany
STU2851AF,2002-03-12,Other,Sweden
STU1251E5,2002-04-10,Other,Norway
STUC893E0,2000-04-21,M,Norway
STUE5D9CB,2003-05-23,M,Sweden
STU99740D,2005-05-15,Other,Italy
STU2623E7,2001-01-27,Other,Poland
STU44C573,2000-08-24,Other,Italy
STU582845,1999-02-12,F,Estonia
STU0E0B53,2001-02-22,F,China
STU6833C3,1997-09-06,M,France
STUDBE2F0,1997-12-18,M,Lithuania
STU9BCE64,2004-08-17,Other,Sweden
STUCEC376,1997-03-08,Other,Italy
STUA8AF84,1998-05-24,M,Germany
STU082777,1996-04-21,M,India
STUFDAA35,2003-07-18,F,India
STU1EBCD1,2004-11-16,M,Germany
STUC4BCA4,2000-10-18,Other,Estonia
STU38B28C,2001-01-20,Other,China
STUFC9154,1998-10-10,F,Italy
STU4C1BD1,2003-06-20,Other,Estonia
STUE88298,1998-05-09,M,Germany
STUA80DF0,2003-01-25,M,Estonia
STUF9DDDC,1999-11-01,Other,France
STU5F255B,2000-02-15,F,Estonia
STU6B1EA1,1995-12-04,F,Poland
STU5A5BDC,2000-05-27,Other,Estonia
STU242F5A,1999-10-28,Other,Italy
STU56DE9F,1995-06-08,Other,Sweden
STU6249D3,1997-04-14,Other,Lithuania
STU2CD60D,2002-07-18,M,Sweden
STU07B8C5,1998-08-10,Other,Lithuania
STU265954,2001-09-27,Other,Italy
STU9D3813,2004-07-09,F,Italy
STUC4196B,1997-02-11,F,Germany
STUCCEF1E,1999-09-20,F,Sweden
STU33A9B9,2001-06-09,F,France
STUDFB8AC,1998-10-17,Other,Estonia
STU4C84F4,2002-11-20,M,Lithuania
STU1FE6F9,2002-01-28,M,France
STUB10D8C,2001-07-14,M,India
STU4FAF34,2000-11-06,M,India
STU649DD0,2001-12-04,M,China
STUBB3F5B,1999-08-04,M,Lithuania
STU833985,2000-03-01,F,France
STU403D73,1995-12-19,M,Estonia
STUE972EF,2005-02-24,F,India
STU9A51F7,1995-07-14,Other,Spain
STU4A2545,2000-05-17,Other,Poland
STU92BA51,2005-01-28,M,China
STUAADD38,1996-02-09,Other,Lithuania
STU9AAE6C,2004-02-11,F,China
STUC11331,2003-02-13,F,Spain
STU72DC36,2003-04-08,Other,India
STUC8BB6F,2004-08-01,F,Estonia
STU1B615F,2003-04-11,F,Spain
STU3B0506,1997-08-16,M,Spain
STU437CC7,2001-02-26,Other,Spain
STU3A2C08,1997-09-17,Other,India
STU30EC76,2002-06-05,F,Norway
STUDA30BA,2001-09-27,F,Italy
STU4B1090,2005-03-13,F,Spain
STU22A80F,2002-10-22,F,India
STU6E8CBE,2004-08-24,F,Germany
STU1155C9,2000-05-05,M,Norway
STU6C5DC5,1996-10-27,M,Sweden
STU8D2C09,2003-05-23,Other,India
STU1CC54F,2000-10-18,M,India
STUA7F0BE,2001-04-25,F,India
STUEDD911,2004-05-21,F,Estonia
STU41BB48,1995-06-23,M,Norway
STU40ACB6,2000-11-22,Other,France
STU8288AD,2004-10-02,F,Estonia
STUF6E1DE,2005-06-23,M,China
STU367E2C,1996-12-09,M,Lithuania
STUB288A9,1996-01-18,Other,India
STUE3B0AC,2003-08-27,Other,Germany
STU874D05,2001-10-22,M,Italy
STUB3A792,2004-05-15,M,Spain
STUAACAC3,2002-04-19,M,Sweden
STU349BEA,2001-07-19,F,China
STU2B0EFA,2005-12-20,Other,Poland
STU97A9B4,2005-09-07,F,India
STU23D5D1,1995-04-19,F,Norway
STUC79020,1998-12-04,M,China
STU0C62C9,2005-06-27,F,Estonia
STU160FCD,2002-01-16,F,Poland
STU6237FF,1999-10-21,F,Sweden
STU771E79,2002-05-02,M,Germany
STUDF3B83,2003-07-16,F,India
STU2171B3,1996-07-26,M,Norway
STU053B78,1998-02-19,Other,Italy
STU8F250E,1995-05-16,Other,Latvia
STU23BFBE,1997-06-12,F,USA
STU686389,2001-02-06,Other,USA
STU17F6D1,1997-05-02,Other,Germany
STUF24DEA,2003-11-15,Other,China
STU6732DD,1997-08-21,F,Lithuania
STUD9F61E,2001-05-16,M,Latvia
STU87061C,2003-08-02,F,France
STU25ABCB,2004-02-21,F,USA
STU5151F7,1995-08-23,M,Lithuania
STU45B13F,1997-08-23,F,USA
STU64DD65,2003-08-19,F,Spain
STU828570,1997-12-01,F,Lithuania
STU3DC4C0,1995-01-25,Other,China
STUE5D9DB,2005-05-22,M,Sweden
STU8707B2,2000-10-14,Other,Lithuania
STU40DF88,2002-06-09,F,France
STU8FF185,2005-03-06,M,Spain
STU8075A3,2001-01-14,Other,Estonia
STU4A4055,1999-04-25,F,Norway
STU22E7EF,1997-10-22,F,Estonia
STU0E8FE5,2005-04-06,M,Italy
STUBF05CB,1997-10-23,Other,Italy
STU4A70E1,2004-07-03,Other,China
STUE35BF3,2002-11-02,Other,Latvia
STU5A3A29,2000-05-18,Other,India
STUED4B66,1996-09-17,M,Sweden
STUD03E32,1999-10-26,Other,India
STUF7E44B,2005-01-22,Other,France
STU842BEA,1996-12-06,F,France
STU4E8660,2002-03-10,F,Spain
STUF19DCB,1998-01-25,M,France
STUF84BEA,2000-09-23,Other,France
STU60ABAA,1995-10-22,Other,France
STU7BF98D,1998-01-17,Other,France
STU3C6B91,1998-11-24,F,Sweden
STU3EA16E,2001-12-10,F,USA
STUB2511A,1995-06-10,Other,Norway
STU0FAD41,1996-10-19,F,Poland
STU38498D,1998-12-28,Other,USA
STUF00F0C,1995-07-20,F,Norway
STU2C9CA4,1995-08-04,M,Lithuania
STUDE5532,2003-01-05,Other,USA
STUA24EA4,2003-08-17,F,Germany
STU332A87,2002-12-05,Other,France
STU953B9E,1999-01-27,F,Estonia
STUED5852,2000-04-12,Other,Poland
STU24C309,2002-02-15,M,Poland
STU9F0131,2003-09-05,M,Poland
STUAC9003,1998-02-15,M,Spain
STU6233A9,2001-12-03,M,Germany
STU6E54D6,2005-09-27,M,Lithuania
STU8D3A51,1995-02-20,F,Estonia
STU5F94A2,1999-01-17,Other,India
STUA4967D,2002-05-20,F,Lithuania
STU6DBE75,1998-04-09,F,Norway
STUE18803,1995-06-15,F,Spain
STU91EB0E,2001-11-09,M,France
STU28FEF6,1995-03-06,F,Estonia
STU857BEC,2000-07-26,M,India
STU74417A,1995-10-09,Other,France
STUCEE011,2005-07-03,Other,Latvia
STUBF30A7,1995-03-17,Other,Germany
STU3D612A,1998-10-17,Other,China
STU6906C9,1999-04-16,F,Germany
STU1E48BD,1996-02-17,M,USA
STUAAB2FF,2005-02-18,Other,Italy
STU126793,1996-12-16,F,USA
STU53E8B6,1998-01-20,Other,Norway
STU329DF9,1997-11-01,F,Latvia
STUEE2FD4,2001-09-04,Other,Germany
STU66FF30,1995-05-03,M,China
STU617F73,2004-12-27,M,Italy
STU4ED562,1995-07-28,Other,Latvia
STUF1E162,2005-04-06,M,China
STUCE78B4,1999-12-21,Other,France
STU61BDF1,2000-11-21,F,USA
STUC59348,2003-11-25,F,Spain
STU64F38F,1996-05-14,Other,Norway
STU7FEF3C,1995-05-24,M,China
STUAD4CDF,1996-06-04,F,India
STUA14684,2001-10-11,F,Spain
STUD291D3,2004-03-25,M,Latvia
STUE4F310,1996-12-04,Other,Germany
STU8DF67F,1999-07-09,Other,Latvia
STUE8E8C7,2005-09-02,F,Latvia
STU172BD6,2003-10-20,M,Norway
STU125331,1995-08-16,M,Lithuania
STU4F8764,2004-09-08,Other,Germany
STU1EFCF1,1997-03-17,M,Poland
STU10B1B2,2005-01-05,M,Italy
STU53586E,1997-04-09,Other,Latvia
STUCF5EDF,1999-02-15,Other,India
STU58B3C2,1996-10-08,M,Germany
STU4DDCFB,2000-08-03,F,Norway
STU95B6FB,2004-02-17,F,Lithuania
STU5AC7E8,2001-05-04,Other,Norway
STU80FB85,2002-04-05,M,Spain
STU1B41F8,2001-01-16,M,France
STU4529DB,2004-12-17,F,Lithuania
STU3EFB96,1998-08-27,Other,India
STUD21759,1999-05-12,F,USA
STU4657E0,2001-11-15,F,USA
STU1D1B74,1998-02-24,F,Poland
STUD368F9,1998-11-04,Other,Estonia
STU80124B,1997-10-20,M,Germany
STUD23CE0,1997-12-08,Other,France
STU9E93B4,2002-11-18,M,China
STUE50151,1995-01-12,M,China
STU1518EF,2001-08-04,F,Sweden
STUC7C149,2005-07-07,F,Latvia
STU442BD4,2000-07-17,Other,USA
STUD88642,1995-02-02,Other,USA
STU317C24,2004-10-16,M,France
STUFBE72E,2003-11-06,Other,Lithuania
STU16723E,1999-06-01,F,Norway
STU473C97,1998-03-24,F,USA
STU54D8F7,2001-04-02,F,Sweden
STUFD9A64,1997-11-12,Other,Estonia
STU9D7824,2002-03-05,M,Norway
STUD549F2,1995-10-25,M,France
STU232488,1999-03-22,Other,Latvia
STU58C7E4,2003-05-11,Other,Spain
STU0D2877,1996-11-25,F,Lithuania
STU265820,1999-10-13,Other,China
STU713FFA,1995-10-04,M,Spain
STUCA0713,1995-08-15,M,Sweden
STU870D56,1997-10-05,Other,Norway
STU05BAA0,2000-01-10,F,Spain
STU427A08,2005-03-23,Other,Germany
STU0F4FD1,1999-09-12,Other,India
STUBF91BE,2003-01-05,Other,Italy
STUF85612,2002-07-20,Other,India
STU3DA542,2003-06-17,Other,Spain
STU6C82EF,2004-08-05,F,Poland
STUBE033F,1995-09-20,F,Sweden
STU257088,1999-02-15,M,Latvia
STUA759F8,2003-06-22,F,Poland
STU0575CE,2003-10-12,Other,Italy
STUC736D6,1998-10-27,F,Italy
STU53B3F5,1998-05-12,M,Spain
STU19CFF2,2003-12-12,M,Poland
STUB6E7E1,1999-07-28,M,Poland
STU8B20DF,1996-01-24,F,Italy
STU8741A7,2004-12-15,Other,Estonia
STU920BA8,1999-03-06,Other,Spain
STU03BB8D,1999-02-08,M,France
STUE7674D,1997-07-23,M,Latvia
STU48B855,2004-12-18,Other,India
STU115965,1998-07-11,M,Estonia
STU91D8AD,2000-07-11,Other,France
STUEAF55D,2000-12-25,F,Lithuania
STU797AE3,1998-06-13,F,Poland
STUFA9048,2004-08-07,Other,India
STU2921C2,2004-07-26,F,Poland
STU04EB86,2002-07-22,Other,India
STU098B5E,2005-06-15,M,Norway
STUD38381,2002-10-09,Other,Poland
STU725DBA,1997-01-02,M,Germany
STU8DB5F7,2000-09-21,F,Sweden
STU58D3BA,1998-08-01,M,Poland
STUD53EAD,2001-10-23,Other,Norway
STU5870E6,1995-10-03,M,India
STU6A3EE8,2001-07-23,F,Poland
STU831C21,2002-04-18,M,Spain
STU2543A0,1998-08-20,F,Poland
STU16150B,1998-01-26,M,USA
STU879F2E,2002-02-22,F,Poland
STU82EE9D,1998-04-05,F,Estonia
STUD03D8E,1995-02-18,F,USA
STU57CC65,1998-07-08,F,Sweden
STUABBE37,1997-08-25,F,Germany
STU0C635C,1995-09-24,F,Lithuania
STU0BE779,1995-03-04,Other,Poland
STU7A9E2A,1997-11-10,M,Sweden
STUED96A0,2005-05-09,Other,Norway
STU0024FB,2004-07-28,Other,Latvia
STU30596C,1997-05-18,Other,Spain
STU8A08EA,1997-04-21,M,Norway
STU4E8EE7,2005-05-27,Other,India
STU6803F2,1999-11-17,F,India
STU3C26D4,1999-02-12,M,China
STU7554A4,1995-04-04,F,Norway
STUEC792D,2000-05-22,Other,India
STUD9FC05,2003-01-26,F,Poland
STU11AF20,2002-05-16,M,Latvia
STUBEE7AB,1998-12-13,F,Estonia
STU506ED9,1999-08-04,Other,China
STU6EB88B,1998-05-09,Other,Estonia
STU9B3C2A,2003-06-13,F,Norway
STUA04943,1997-06-12,M,India
STUDA1B86,2001-06-22,Other,China
STU6D631F,2005-06-11,F,Lithuania
STU01929B,2000-10-25,M,Spain
STU585E4B,1998-09-19,Other,Germany
STUB12217,2000-02-14,Other,Poland
STUE62175,1998-12-21,M,Sweden
STU9BA94B,2003-04-04,Other,USA
STU5EB016,1997-10-05,Other,Italy
STUC3D795,1995-04-09,M,Spain
STUD6E1D1,2000-10-02,F,India
STUAE8194,1995-07-15,M,Italy
STU5594AD,1996-06-06,F,China
STU99C95A,2003-12-13,M,Poland
STUCCA950,2002-01-01,Other,Norway
STU52BA68,2003-02-07,Other,Germany
STU85FA78,2004-10-03,M,Poland
STU85BF60,1996-09-23,M,USA
STU874187,2002-10-18,Other,France
STUF6AE58,1995-06-21,Other,Germany
STU1967A5,2002-04-09,F,Estonia
STU4536B2,2004-09-13,F,India
STU23895E,2004-09-19,Other,India
STUDDFAE1,2004-03-22,M,Latvia
STU80A584,2000-09-26,M,France
STU2D3F8B,2000-06-26,M,Spain
STU96E260,2005-02-14,M,Lithuania
STU0C8A4D,2002-12-27,M,Spain
STU09C258,2000-10-24,Other,Latvia
STU0B3C19,2000-08-21,F,Poland
STUEFD47B,1997-12-24,M,India
STUE32525,2000-04-16,F,USA
STUFA1254,2004-09-10,Other,Germany
STU2E8BC3,2003-03-22,F,Poland
STU1D1551,1995-12-09,M,Lithuania
STUBB7016,2005-08-03,Other,Lithuania
STU499AF8,1996-12-21,F,Sweden
STU608CDA,1998-04-19,M,Latvia
STUB4C422,1995-11-25,F,Italy
STUDF227D,2005-08-13,Other,France
STU6597C1,1999-10-07,Other,Germany
STU8BEB62,1997-10-26,M,Spain
STU883006,1995-11-16,F,Germany
STU2DE255,1998-03-18,Other,Spain
STUB6823D,1996-12-02,F,Estonia
STU7A8C16,2003-09-02,F,Estonia
STUB3F2D3,1999-05-02,F,Spain
STU14F39D,2002-03-03,Other,Spain
STU6FD0B3,2001-07-25,Other,India
STU17AB2A,1996-12-12,Other,Germany
STU51B228,2003-03-06,F,Estonia
STU8304AB,2001-04-17,M,Italy
STUFFDA58,2001-10-15,M,Sweden
STUE17547,2004-10-03,F,Italy
STU21982C,2000-11-10,M,Spain
STU333C30,1998-01-17,M,Italy
STUD26F57,2005-02-03,Other,Spain
STUE4A4A5,1995-01-03,M,India
STUB0EA4D,2000-09-21,Other,India
STU58AB2A,2004-12-04,M,China
STU83778F,1999-05-26,M,France
STU3C531E,2005-12-05,F,Estonia
STU37410D,2005-05-03,F,India
STUC90F1E,2001-02-07,F,France
STU2C2978,2001-07-07,Other,Lithuania
STUAAD03F,2002-04-27,Other,Norway
STU22F9B8,2000-07-11,Other,Sweden
STU1BED47,1996-10-03,M,China
STU5A3D58,1997-10-10,Other,USA
STU623FF0,2004-01-10,Other,Lithuania
STU7027C8,1996-03-16,M,France
STU73E166,2005-02-20,F,Italy
STU723697,1995-03-17,Other,USA
STUD9E05C,2002-04-08,Other,Poland
STU139BB6,2002-05-12,F,Estonia
STU6B08CC,2003-12-12,F,Germany
STU4FF4DD,2002-06-15,F,Norway
STU492B9D,2005-08-18,M,Germany
STU3DD752,1996-11-24,Other,India
STU88FA7F,2001-08-07,M,India
STU11323C,2002-03-13,F,Sweden
STUDFD645,2005-09-07,F,Germany
STU9FA268,1995-01-10,F,Poland
STUCB631B,2001-06-12,Other,Poland
STUE2A636,2000-02-16,Other,Latvia
STUA7506B,1997-08-08,M,India
STUE7A446,2000-01-06,M,France
STU3EF0D4,1997-02-16,M,Poland
STU154E58,2004-10-17,Other,Latvia
STU2B383D,1997-04-23,F,Germany
STU835CDF,1997-05-05,Other,Germany
STU8C94BF,1998-05-09,Other,China
STUB5C743,1997-10-22,M,Norway
STU0CFA62,1996-03-05,Other,Spain
STU376C49,1995-03-25,F,Spain
STUDAA302,2005-01-01,F,Germany
STUE5A587,1998-03-10,Other,USA
STUC65339,1999-05-09,F,Lithuania
STU04A4B4,2000-02-07,Other,Norway
STUFC4A59,1999-11-18,Other,Norway
STU13A229,1995-06-11,F,China
STUC27B45,2003-01-02,F,Norway
STUA5B0A2,1997-06-25,M,Estonia
STU357BDD,2005-05-10,Other,Spain
STUD837D1,1995-10-23,Other,Latvia
STUF54491,1997-04-07,Other,Germany
STU1A7A2E,1996-06-07,Other,Germany
STU095DEB,2003-03-25,M,Spain
STU526E70,1997-01-03,Other,Sweden
STUB89E7D,1996-07-06,F,USA
STU5043D1,1999-06-13,M,Estonia
STU9BF28D,2003-01-15,Other,Norway
STU490254,1997-11-03,M,Spain
STUC43F50,2005-09-10,F,USA
STU9DAF5A,1995-05-02,M,China
STUEFE7AA,1997-08-09,Other,Spain
STU2AF26B,1995-11-28,M,India
STUB0EBE2,1998-09-22,M,China
STUEB026B,2004-12-12,F,Spain
STUFBE3CA,2001-11-08,M,Italy
STU86D109,2002-11-08,F,Lithuania
STU7FA04E,1998-09-23,Other,Italy
STU35F9DF,2002-08-05,Other,Sweden
STU8376B7,1995-04-07,M,Sweden
STU9D08DA,1995-07-07,F,Estonia
STU8C7483,2004-11-19,Other,Lithuania
STUF9AB8D,2001-08-21,M,Germany
STUCC767F,1998-12-04,F,China
STU993174,2000-01-17,M,Lithuania
STU2D7FB0,2000-04-11,M,Poland
STUE83689,2001-03-05,Other,Sweden
STU281A0F,2000-03-06,M,China
STU173BEE,1996-10-17,Other,Sweden
STUEC828E,1999-12-09,F,Poland
STU04E302,1998-04-09,M,Latvia
STU82431D,1996-03-20,M,India
STUB0EC7B,2001-09-13,M,Sweden
STU2141CD,1997-06-28,M,Sweden
STUC29B44,1996-04-22,Other,Poland
STUEC8C3D,2003-05-17,F,Latvia
STUB99272,2001-08-27,F,Norway
STU9D758F,1996-02-01,Other,Lithuania
STU178AAD,2005-10-08,M,USA
STU037782,1997-01-15,Other,Sweden
STU5CFE7A,1997-06-28,F,Spain
STU2099EA,1996-07-20,F,Sweden
STU8538B3,1997-09-11,Other,USA
STU6ADFFE,1996-07-20,M,Italy
STUAB54B4,2003-11-05,M,Estonia
STU677704,1996-01-01,M,China
STUA1F6E7,2001-07-15,F,Latvia
STUDB2FF4,1995-11-18,M,Norway
STU82091F,1998-04-16,F,Estonia
STU8E1D01,2004-08-25,Other,USA
STU557413,2004-12-07,M,India
STUBFCAE7,2000-09-28,Other,India
STUDB5158,1998-07-11,F,France
STU290659,2005-09-11,Other,Sweden
STUCC4844,2003-06-18,F,India
STU75420E,1998-11-06,F,Norway
STUAA31EA,1999-05-08,M,Latvia
STU3C4B88,2002-12-28,M,Spain
STU7DC7EA,1999-02-25,F,Germany
STU6B12E5,2004-04-19,Other,USA
STU53F90D,1996-02-19,Other,Sweden
STUE29C93,2003-12-14,M,Poland
STU100278,1996-04-16,F,Estonia
STUE411E4,2001-05-17,Other,Norway
STU26BC34,1997-01-13,F,Estonia
STUD611DD,2002-11-06,M,Latvia
STU8751B7,1999-03-17,M,Latvia
STU496F6B,1997-07-22,Other,USA
STU347215,2000-11-10,Other,Lithuania
STUBF4080,1995-02-24,M,Spain
STU812DB1,2003-01-04,M,Poland
STU26914B,2004-03-09,Other,France
STU52E077,2001-12-07,M,Lithuania
STU00EAA0,1997-10-15,M,Estonia
STU209E0E,2004-06-19,Other,USA
STU3C11DB,1997-08-24,F,Lithuania
STU07BF2A,1998-04-26,Other,Germany
STU5F9C77,1996-04-05,Other,Spain
STU14C71F,2004-11-28,M,Sweden
STU37E739,2003-05-27,M,Lithuania
STU9A9D6C,2000-02-11,F,Spain
STU0B4D43,2004-04-12,M,Spain
STU976AC0,1995-04-20,Other,France
STU6B9D3C,2004-03-24,M,India
STU2EFFCE,1996-04-28,M,USA
STUD1FC53,1995-04-26,F,Germany
STU0A0B65,1997-09-19,Other,Italy
STU0DA460,1996-09-22,Other,Germany
STU0D05F1,1999-04-05,F,Sweden
STUACBBF3,2000-01-23,Other,France
STUFDBD3E,2003-05-14,Other,USA
STU3B7DA8,1999-06-12,F,Estonia
STUE4626E,2004-12-01,M,Spain
STU874A4F,2001-06-09,F,Spain
STU17091F,1996-11-11,F,France
STU97AD24,1998-05-15,Other,Norway
STUC02C65,2000-07-10,Other,Spain
STU85F404,1997-08-07,M,Germany
STU3B9036,2004-10-20,F,Lithuania
STU0EAE16,1999-04-06,M,USA
STU876456,2001-02-26,M,Germany
STU80FC6E,1996-08-24,M,France
STUD114B8,1998-08-19,F,China
STUE10B30,2000-01-18,F,Spain
STUD0FDB6,1998-08-05,F,Poland
STU8B7363,2005-08-10,Other,Lithuania
STU886083,2004-08-18,M,Norway
STU522DE4,2001-10-18,M,Norway
STUA02C9E,2005-02-22,F,France
STUFC9933,1997-01-21,Other,India
STUBC8A93,2002-05-08,F,Italy
STUB49D41,2005-02-22,F,China
STU162357,2002-08-17,F,Germany
STU2C4FEE,2000-02-02,Other,Latvia
STUB98F89,1996-07-11,Other,Latvia
STUC518EE,2003-08-18,F,Poland
STUEAA72B,1996-10-13,F,France
STU717BF3,2005-08-28,F,Italy
STU377E40,1998-02-13,M,USA
STUD6F8E0,2002-10-16,M,Sweden
STU19B19D,2001-10-20,Other,India
STU725F9A,2000-06-03,F,China
STUFCFCDB,1999-01-08,M,Latvia
STU0F6767,2004-03-14,M,France
STU278E00,2002-06-08,F,Sweden
STU96447C,2001-09-22,M,Germany
STU8CA659,2003-10-10,F,Poland
STU8F441C,1999-06-11,F,Italy
STU075E93,1996-02-26,Other,Norway
STU6A5529,2000-06-25,Other,Italy
STU01F664,2003-04-19,Other,Latvia
STU304928,1997-02-12,F,Lithuania
STU9C7A08,2004-06-21,F,France
STU6995F8,2001-03-23,Other,Italy
STUEB449A,2001-08-06,M,Lithuania
STUF38547,2003-06-11,F,USA
STU59F7B4,1999-04-24,F,China
STU6C77AF,1999-05-19,M,Norway
STU4D1018,1999-08-19,M,India
STUAFC5EA,2003-09-16,Other,India
STU995C84,2001-09-18,M,Latvia
STUB3D365,2005-12-09,Other,Poland
STU3FFBE9,2001-10-16,M,India
STU12A21C,2000-08-23,F,India
STU31EC39,1997-09-19,F,Latvia
STU26AA87,1995-07-25,M,India
STU4EA637,1998-06-24,Other,Poland
STUD3BA8E,2003-07-05,Other,Sweden
STU1FC6F7,1999-08-26,F,Latvia
STU38D6DA,2003-01-19,M,India
STU8AD9B2,2001-08-13,F,Poland
STU1B13BD,2002-08-06,M,USA
STU510EA1,2005-01-06,M,India
STUFDF8DC,1996-10-08,Other,Lithuania
STU20A69A,1997-01-01,M,China
STU2B1E7B,1999-06-02,M,China
STUF13BE5,2001-03-10,F,France
STUBA8844,1995-01-20,M,Spain
STU72A89B,2002-03-05,F,Norway
STU674361,1997-05-05,F,Spain
STUFABD96,1995-06-13,Other,Sweden
STU6B5505,2005-11-27,M,Italy
STU6A9891,2005-09-02,Other,Germany
STU805B67,1998-01-01,F,Norway
STUDBEF19,2004-10-06,Other,Latvia
STU82B812,1999-07-07,Other,Italy
STU98711D,2000-06-13,F,Germany
STU2CBC37,1997-07-01,Other,Latvia
STUF7CB03,1996-08-26,F,Estonia
STU06749C,2002-12-01,M,USA
STUFE6A34,1996-10-01,Other,Lithuania
STUEA7A23,1999-08-20,Other,France
STU08970F,2004-11-02,F,Poland
STUD944FB,2000-09-10,Other,Latvia
STUF15DCA,2003-03-12,Other,India
STUDEA238,1996-03-25,Other,Lithuania
STU8F4F76,2005-11-21,M,Norway
STUB602FA,1997-06-26,Other,Poland
STU8AD67C,2005-02-09,M,Sweden
STU23976B,2003-10-11,M,China
STU100A8C,2001-06-15,M,Poland
STUAD6199,1998-03-18,F,Poland
STU55C761,2000-06-05,Other,Norway
STU1C1B5E,1999-11-05,Other,Sweden
STU565DCE,2001-08-15,M,USA
STUD47512,2004-01-06,M,Spain
STU3329E1,2001-09-05,Other,China
STUFADF9C,2002-09-24,M,Latvia
STUA52487,2004-08-01,F,USA
STUB69781,2004-05-16,M,Lithuania
STU06A482,2000-03-19,M,India
STU316F88,2002-08-12,Other,Lithuania
STUC8FA5B,2003-07-08,Other,Germany
STU423102,2002-08-23,F,Estonia
STU4262C5,2005-09-09,Other,Spain
STU74C5EC,1996-02-06,F,USA
STUF5F5FD,1995-10-22,Other,Latvia
STU6ADD9C,2001-11-01,Other,France
STU811C46,1998-07-14,Other,Estonia
STUE8993A,2004-06-16,M,France
STU8D6A1E,1996-02-17,F,Spain
STU38F53F,2000-07-09,M,Spain
STU6B1B2F,1996-07-28,F,Germany
STUB42D06,1996-10-27,F,Spain
STU0ABC16,1999-07-22,Other,Poland
STU89E2FE,1995-11-22,Other,Norway
STUB62679,2000-11-19,Other,Sweden
STUFB17FD,1995-08-18,F,Spain
STUA49EC2,2003-02-06,F,Lithuania
STUA99860,2000-08-23,Other,Estonia
STU059C73,1997-07-18,M,India
STUCF5F54,2005-12-09,Other,Spain
STUE29967,2002-06-03,F,Lithuania
STUA681E3,2001-12-03,Other,USA
STU3718EA,1999-01-28,Other,Spain
STU967672,2000-02-19,Other,Italy
STUEF689B,2002-04-02,M,Estonia
STU7349C9,2002-05-14,F,Germany
STUF2324B,1999-09-08,F,Latvia
STU80E205,1998-11-03,M,France
STUDEF9FB,2000-01-13,F,Italy
STU3C2207,1998-04-10,Other,Estonia
STU41DA65,2000-07-19,M,France
STU17EFFD,1995-02-08,Other,India
STUFECD50,2000-10-27,Other,Sweden
STU250C26,1999-07-17,F,Latvia
STU26C45D,1995-12-17,Other,India
STUA28E2F,2000-11-05,M,Latvia
STUCAE411,1997-05-17,F,France
STUF276D1,2005-04-05,M,Sweden
STUC4821E,1997-11-20,Other,USA
STU158449,1997-06-20,Other,Italy
STUF7FD7A,2005-06-03,M,China
STU9EB56C,1999-12-27,M,Sweden
STU011343,2003-12-28,F,China
STU474E67,1995-01-25,Other,Lithuania
STUCB71BC,2001-08-20,F,Norway
STU49A9D7,1996-10-20,M,Germany
STUD28294,1995-11-04,M,China
STU80D34B,1996-07-22,Other,Germany
STU6A4335,2003-03-28,Other,Lithuania
STUFA3B34,2000-06-24,F,France
STUBCF7D9,1996-10-23,Other,USA
STUE36879,1995-11-23,Other,Spain
STUE530CA,2004-11-27,Other,USA
STU77620E,2002-01-24,Other,Estonia
STUE33732,2002-12-28,M,France
STUAA9BE4,2004-03-06,M,Lithuania
STU30F5D6,2000-07-03,Other,Germany
STU6FDF59,1996-10-22,Other,Estonia
STUCE3EC1,2004-08-23,F,Germany
STU60B022,2000-05-16,Other,Lithuania
STUD66B25,2002-09-18,M,Italy
STUCEB7A3,2004-10-26,F,France
STU204224,2002-03-22,F,Poland
STU109606,1997-12-04,M,Lithuania
STUF1C291,2003-07-21,F,India
STUD5939D,2000-01-19,Other,Lithuania
STUBE4818,2002-01-04,Other,France
STU73C771,1998-01-12,Other,Latvia
STU6B4A53,1999-08-03,F,Spain
STU2ABC0D,1999-05-04,F,Poland
STU17AE8B,1998-07-26,M,China
STUB5ABA0,1997-12-10,M,Spain
STU5EF42E,2001-01-04,M,Norway
STUED90AB,2005-09-06,F,Lithuania
STU4EE7B1,2004-02-16,F,Lithuania
STUF662E7,1997-11-27,F,Lithuania
STUAD7DC0,1997-12-13,M,India
STUC6E018,2000-07-18,Other,Norway
STU0455E0,2004-06-11,M,Estonia
STU3C0BE7,2004-02-02,M,Sweden
STUB94D1A,1997-10-03,F,Estonia
STUC30C72,2001-08-02,Other,Spain
STU5C3C60,1997-04-18,F,Latvia
STU161510,1997-06-01,Other,Spain
STU0D7463,2005-05-02,M,Poland
STUB7CF9E,2002-01-10,F,Sweden
STU8C2506,1999-01-01,M,USA
STU712623,2003-02-13,M,Sweden
STU26895B,1995-04-05,F,Poland
STU38C88E,1997-05-09,M,Spain
STU6AFCF0,2002-05-27,Other,Italy
STU09E354,2001-09-17,Other,Sweden
STUF01CDF,2003-03-16,M,France
STU38A42B,2002-01-15,M,France
STU1303DB,2001-03-11,Other,Estonia
STUAA5B12,2004-08-19,Other,Estonia
STU124094,2001-09-26,F,Germany
STU10A49A,1995-06-27,Other,Italy
STUB2B358,1995-07-16,M,Latvia
STU094AF8,1997-04-13,M,Latvia
STUF1B9B8,1998-06-06,M,Spain
STU872B77,2004-02-20,Other,China
STUFD6029,2003-07-05,Other,USA
STU69E011,2002-12-16,Other,Lithuania
STU59EED7,1997-09-16,F,Latvia
STUFBA0E3,2004-12-06,Other,India
STUFAFB4E,1997-04-25,M,China
STUBC8374,1998-02-22,Other,Norway
STUC95046,2004-10-23,M,Germany
STUCA9AD9,1998-01-14,Other,Italy
STUD66820,2000-04-07,F,Poland
STU17C82F,2002-05-19,F,India
STU2DE8D7,1999-07-18,F,USA
STU5640B0,2001-08-04,Other,Estonia
STU62FED3,1999-08-04,F,Spain
STUC9ACF0,2005-11-20,F,Poland
STUCDCAAF,2005-07-04,Other,Norway
STUB21C59,1997-05-25,M,Italy
STU9C9CA4,1998-10-09,F,Norway
STU1B6D32,1997-11-07,M,Spain
STUC80955,1998-12-25,M,Sweden
STUBC72B0,1996-05-07,F,USA
STU0143C5,2000-07-10,Other,India
STU266E09,2001-08-03,Other,Poland
STUC593C0,2000-04-19,F,India
STU1FDC71,2002-04-23,M,Spain
STU7BE14D,1998-05-03,F,Lithuania
STU9C6259,1999-07-06,Other,Lithuania
STU0A7D31,2005-08-02,Other,Italy
STUD1836F,1995-02-25,F,Germany
STUD9EB61,2002-06-12,Other,India
STUAC075A,1997-07-08,F,France
STUE8B0CC,1995-06-16,M,Poland
STUE172D4,1998-07-08,M,France
STU506B10,2004-04-18,Other,USA
STU8FF332,1999-12-28,F,Norway
STU55B5BE,1996-06-19,F,China
STU7B396D,2001-12-19,Other,Poland
STUD9946C,1999-10-18,M,Italy
STU9DD788,1995-05-14,M,Sweden
STU7A167E,1996-08-03,M,Germany
STU0E4BDB,2002-02-09,F,Poland
STUEC31B5,1996-09-11,F,Spain
STU96204D,1995-07-19,M,Sweden
STU2AEF1C,2005-12-14,Other,Poland
STUF70997,1998-02-06,M,China
STU47B4DE,1997-10-18,Other,Norway
STUE68ACC,1999-07-21,F,Latvia
STU08BBC5,1998-06-04,Other,Sweden
STUC3B871,1996-03-24,M,France
STU478D88,2001-12-04,M,Estonia
STU83AE2C,1997-07-07,M,Estonia
STUD07670,1998-01-19,M,Sweden
STUB5DB23,2005-06-17,Other,Germany
STU945F81,1997-09-08,M,Lithuania
STU6DB2B1,2004-05-13,M,France
STU682010,2003-02-18,F,Estonia
STU8AB03A,2000-06-19,Other,USA
STUFB9C8A,2001-02-14,Other,China
STU7FF678,2003-11-19,Other,Poland
STUDCA8C1,1999-12-25,Other,Lithuania
STU5CC144,2003-09-20,Other,China
STU258978,1997-02-06,M,Spain
STU48D6C2,2005-01-18,Other,Germany
STU47AF2D,2005-08-07,Other,Sweden
STU51E7F4,1998-11-13,F,Sweden
STU49FA59,2002-11-12,F,Estonia
STU4933F4,2001-06-25,F,Germany
STU8F815C,1995-10-11,Other,Germany
STUA554A7,1997-08-21,F,Lithuania
STU03387F,2005-05-10,F,Italy
STU5235B3,2001-08-02,M,India
STUAC2199,2001-03-22,Other,Estonia
STU4A210F,2003-09-23,Other,China
STUC95583,2000-09-10,Other,USA
STUA878DE,1996-07-26,F,Latvia
STUC9CFA5,1999-10-03,F,France
STU9F7D3A,1996-07-17,F,Lithuania
STU27150F,2000-03-12,F,Spain
STUCFF061,2005-11-09,Other,Estonia
STU1AA106,2003-06-01,M,Lithuania
STUC71965,2003-04-17,Other,Germany
STU20CA59,1999-05-27,Other,Estonia
STU44CB2E,1995-01-20,M,Italy
STUCCF66D,1999-03-06,M,Latvia
STUEA74B6,1999-04-23,M,Spain
STU57CC78,2005-01-16,F,Latvia
STU5432B7,2002-05-28,Other,China
STU8A1639,2000-04-09,Other,USA
STU39A6D1,1995-02-02,Other,Norway
STUEDC749,2005-05-19,Other,Lithuania
STU5D6EB5,1997-12-21,F,Norway
STUFC7682,1998-12-22,F,Estonia
STU964307,2002-11-06,Other,China
STU7E472E,1995-05-13,F,Norway
STU9DAC84,1999-07-27,F,Estonia
STUF58AA5,1998-03-12,M,Sweden
STU44FC5E,1999-10-20,Other,Norway
STU9CB62A,1999-03-16,Other,Lithuania
STU5B279F,1996-12-17,Other,Norway
STUE0F841,1997-04-28,Other,Latvia
STU5841DA,2005-06-17,F,Estonia
STU119426,2003-01-13,F,Sweden
STU943031,2000-06-05,F,Latvia
STUC51780,2003-06-08,M,Spain
STU423628,1999-07-18,F,India
STU7A5855,2002-04-01,F,Lithuania
STU4C0583,2005-01-02,Other,Italy
STU3628D5,1998-07-12,Other,Sweden
STU6923F6,2002-04-16,M,Estonia
STU0CEE76,1997-07-17,F,Sweden
STU9E429E,1996-12-05,Other,China
STUF43E3F,2003-05-09,M,France
STU485B31,1997-06-08,Other,Spain
STU56127B,2001-01-06,Other,Sweden
STU599045,2004-01-23,Other,Latvia
STU51CF93,2002-08-11,F,Latvia
STU544F7B,2002-04-12,Other,France
STU6C128F,1999-07-27,M,France
STU2040C9,1997-09-22,F,Spain
STU90D647,2000-08-10,F,Germany
STU2C70F8,1995-07-14,F,Germany
STUC0282C,2002-04-11,Other,Estonia
STU270E2E,2005-07-11,F,Germany
STUCA9EA0,2003-10-17,M,China
STUA86925,1995-02-16,Other,Sweden
STU1CE510,2004-07-13,F,USA
STU322FF6,2002-12-28,M,Italy
STU899E64,2001-11-21,M,Lithuania
STUE1CEB2,2005-12-15,Other,Italy
STU244ACD,2004-03-11,F,Estonia
STUD6A7C5,2002-08-21,F,Sweden
STU4EE55D,2003-01-25,M,China
STU59B464,1995-03-15,M,China
STU8CDC06,1996-04-15,M,China
STUF63B37,2001-06-03,M,Italy
STUD96210,2000-09-11,F,Estonia
STU8D0B49,2004-03-12,M,Spain
STUF9AD03,1999-11-02,M,India
STU181D18,1996-02-20,Other,Lithuania
STU01C011,2001-05-07,F,Estonia
STU219735,2002-08-24,Other,France
STU161971,1999-08-22,F,France
STU4F2517,2004-03-22,M,Italy
STU98B7CE,1995-04-04,Other,China
STU3C81E0,1997-08-28,M,Sweden
STU6C92F1,2004-11-22,M,Poland
STU088873,2004-12-04,Other,Sweden
STU54D532,2002-12-24,F,Poland
STU5EC037,1995-09-13,F,Estonia
STUA908F6,1999-08-20,M,Latvia
STUA89333,1995-03-18,M,Estonia
STU40AB84,1997-08-27,Other,Poland
STUAF1365,2002-09-19,F,USA
STU6E78E7,1997-08-25,Other,Sweden
STUC7CD5B,2004-01-21,M,Lithuania
STUBD386A,2005-01-10,F,Poland
STU3C920B,1997-10-28,F,China
STU03FF9B,2004-11-20,M,India
STU6D666C,2001-12-15,M,Sweden
STU24F7C6,1996-04-16,M,Poland
STUE0DB99,2003-11-28,M,Poland
STU900EB2,1995-12-15,M,Italy
STUE081E1,2000-03-27,F,Latvia
STUEC8DF6,1999-06-23,M,Germany
STUEE40A8,2002-12-23,M,Lithuania
STU9BEEFE,2000-11-23,M,USA
STU0E21C3,2003-12-18,M,France
STUFF0F12,2004-11-18,F,USA
STU620EB2,2002-09-21,Other,India
STU70ABB2,1999-02-12,F,Norway
STUB4A356,2004-08-22,Other,USA
STU377A7F,2003-01-17,F,Latvia
STU5F834F,1999-08-14,M,Italy
STUAC238E,2004-10-13,F,Germany
STU944C27,1998-04-10,F,USA
STUE079B4,1996-12-15,Other,Estonia
STU799318,1996-08-16,M,Lithuania
STU2BCD11,2005-11-06,M,Spain
STU719D66,2002-09-14,F,Poland
STU45B83D,1996-09-20,Other,France
STUEE913B,2002-05-16,M,Norway
STU8274B5,2004-10-07,Other,Latvia
STU1B4944,2001-09-09,Other,Norway
STU54714E,2003-07-25,M,Latvia
STUA32397,1997-05-13,Other,Latvia
STUC3BB0C,2002-02-21,F,Latvia
STU8B216A,2000-06-03,M,Poland
STUEA0951,1997-08-21,Other,Norway
STUB12A62,1998-02-11,M,China
STU18EB0F,2003-02-12,Other,Lithuania
STUD9B914,1999-04-13,Other,Poland
STU59B174,1997-10-27,M,India
STUA0DFA3,2000-12-04,Other,Sweden
STUF9FB66,1998-10-23,F,Italy
STU3F847D,1996-11-06,Other,Italy
STU7B52F9,2003-10-03,M,China
STU0FE9D0,1995-09-20,Other,Poland
STUC97019,2002-10-27,M,China
STU8D9A96,1996-12-11,Other,USA
STUD16521,2003-08-05,F,Latvia
STU2F7E01,1998-05-08,M,India
STUBF1F95,2005-07-16,F,Poland
STU291072,2001-08-04,M,Spain
STU2CC2CE,2004-09-18,Other,Poland
STUC0A07C,1998-12-20,Other,Estonia
STUCD26D7,2002-10-13,Other,Latvia
STUDB32EE,2002-09-20,Other,Norway
STUFF826A,1997-05-07,F,Germany
STU296EC4,1999-12-21,Other,China
STUD591DF,1998-07-24,F,Italy
STUA17390,1997-04-24,Other,Italy
STU093E75,2001-04-15,M,Lithuania
STU1FB532,2005-11-23,Other,USA
STUDFAC47,2004-08-07,M,Italy
STU061AD0,2001-02-26,M,USA
STU187F95,2005-01-18,F,Germany
STU90DA65,1999-08-03,Other,Italy
STU52B093,1998-06-07,M,India
STU778228,2002-08-25,M,Poland
STU7BA123,2003-08-04,F,USA
STU4DBE2D,1998-05-11,Other,China
STUFA2FDE,2002-09-09,Other,Spain
STU1CAFB7,2004-10-26,Other,China
STUC34654,2002-05-04,M,Italy
STUC22F37,1998-02-26,Other,Germany
STU64F0B2,1998-11-09,F,USA
STU289D35,2004-03-24,Other,Norway
STUF81525,2003-04-15,M,Poland
STU98CCD6,1997-05-16,M,Lithuania
STUC13AA8,1996-01-08,Other,Spain
STUA5705B,2005-04-08,M,Poland
STU9F983B,1997-10-15,Other,Norway
STU56235B,2005-05-27,F,Italy
STUCA3311,1997-08-27,Other,Sweden
STU80471D,2005-10-14,F,USA
STUED366F,1997-11-10,M,Latvia
STU8BA92C,1997-04-16,F,Sweden
STU925EFF,1998-08-17,Other,India
STUAB98E7,1998-02-08,M,Sweden
STUFF6FCE,2001-08-04,M,USA
STU2E8B26,1998-12-16,Other,Sweden
STUD2C9CD,2003-10-09,M,Spain
STU323C9B,2003-04-25,Other,Sweden
STUC6BF99,1999-11-12,Other,France
STU818377,2003-03-15,M,USA
STU6B6852,2004-06-09,Other,USA
STU45DCFA,2005-02-14,F,Poland
STU2EEABB,1999-10-17,F,India
STUC44BA6,1996-01-17,Other,China
STU6BAA2A,1997-12-20,F,Latvia
STUDA01E7,2005-03-20,M,France
STU2E0DBF,2005-06-20,M,Estonia
STU41F48B,1999-08-05,M,Italy
STU36169F,2000-07-08,M,China
STUBD80B7,2000-03-12,Other,India
STU68E071,2005-09-17,F,USA
STU82ECA3,2003-03-03,M,USA
STU406FA4,1999-01-05,M,Latvia
STU0B0FD4,1996-05-01,Other,China
STUC15685,1999-10-28,Other,Lithuania
STUEF3EFF,2004-09-15,M,Poland
STUC521B7,1998-04-04,Other,China
STUCD6C4E,1997-11-11,F,China
STU69EA9A,2003-01-19,F,Spain
STU6B81A5,2005-05-17,Other,Spain
STUD468B3,2001-06-19,F,Italy
STU8C5849,2005-12-22,F,Norway
STU9824CD,1995-02-23,Other,Norway
STU5703B4,1997-08-17,F,Spain
STU5361D2,2004-12-17,Other,India
STU27A1FB,2002-05-24,F,India
STU962D19,2002-04-27,F,France
STU423065,1996-05-20,M,Latvia
STUAAF764,2001-05-22,M,Poland
STUCE7CDA,2003-02-01,M,USA
STU9E611A,1997-10-01,M,Germany
STUEC7E3C,2005-12-03,M,Norway
STUAAA577,2004-07-21,M,Sweden
STU5E64D6,2001-10-01,M,Lithuania
STU58ED02,2000-02-01,Other,China
STU0CEC11,2005-04-06,Other,Latvia
STU735D26,1997-02-06,Other,Italy
STU24D047,1997-09-12,F,Germany
STU252C8B,1995-03-25,Other,Latvia
STU05BE95,1996-04-11,M,Latvia
STU57CFE7,2005-04-08,Other,Latvia
STU6FAE62,1997-09-24,F,Italy
STU04E90D,2005-12-26,Other,Norway
STUF9C2AD,2003-07-16,Other,Sweden
STU0702B1,1998-12-02,M,Spain
STU52BEE8,2000-10-17,Other,USA
STUB19491,2001-01-02,M,Lithuania
STU00BE80,1995-05-22,F,Latvia
STU44BBDC,1998-06-05,Other,France
STU3A3A6B,1996-11-11,M,Norway
STUE41DEE,2001-06-06,Other,India
STUEA4E0D,1998-12-07,F,Norway
STU73D83C,1995-12-04,Other,Poland
STUBC6B8A,2001-06-02,Other,Germany
STU19F8BA,2004-09-22,M,Sweden
STU7A0913,2000-02-12,M,Norway
STU36DC76,1995-02-21,M,India
STU9400F9,2002-05-01,Other,Poland
STU5EF7C5,1997-10-25,F,USA
STU39B276,2002-07-09,M,France
STU0A5CF8,2004-12-24,F,France
STU72A028,2002-07-16,M,Estonia
STU616B3D,1997-03-27,F,Norway
STU4B3B27,2003-03-06,M,India
STUC54751,2005-04-22,M,Italy
STUAB3C81,2003-09-25,M,Norway
STU8257EA,2001-02-22,M,Estonia
STUDCA988,1997-08-01,F,USA
STU9C52CD,2000-04-21,F,Sweden
STUBCCDBF,1996-03-25,Other,Poland
STUFCB1D7,1996-03-07,F,Estonia
STU15443D,1997-09-27,M,France
STUACD619,2003-01-05,M,China
STUD497B5,2004-09-07,Other,India
STU1D78A9,2000-12-17,F,France
STUDFF1B4,2002-05-25,F,Poland
STU9E172F,2005-03-27,F,Lithuania
STUBC6900,1999-04-18,F,Germany
STUE9838A,2003-12-27,Other,Spain
STU57466D,1998-06-24,Other,USA
STU3D247B,1996-02-12,Other,USA
STU4CCDD5,1997-08-24,M,Germany
STUAD8DE0,1999-11-23,Other,Italy
STU72AEB6,1997-09-12,Other,Germany
STUA107CE,1998-05-10,F,China
STUE320AA,1998-12-07,M,Poland
STU128131,1996-02-20,F,Norway
STUD239C8,1995-02-28,M,Norway
STU42F925,1997-11-08,Other,Sweden
STUA53D25,1998-11-03,Other,Estonia
STU5CDAB9,2005-01-22,Other,Poland
STU4FB7EF,2005-01-15,Other,Sweden
STUDC67C2,1997-04-16,Other,Italy
STU59860F,2000-07-15,M,Germany
STU48F70A,1998-11-28,Other,Lithuania
STU82BE73,1996-07-16,F,China
STUA1C09B,1998-01-05,M,China
STU6A777F,1997-01-27,F,Sweden
STU12C7BA,1998-03-24,F,Norway
STUD36A19,1998-10-12,Other,Estonia
STUED3688,1999-09-08,M,Latvia
STUF296F3,2001-05-23,F,France
STUADA18D,1996-03-13,F,Spain
STUA00CE4,1995-06-19,F,Latvia
STUB98032,2005-04-25,M,Latvia
STUA92E7B,1997-04-08,M,Norway
STU8E513E,2002-08-28,M,Sweden
STUEE28D0,1999-10-21,M,Spain
STUF5DB3A,2000-12-26,F,Sweden
STU904EA9,2003-02-16,Other,India
STUF61249,2000-11-28,F,Norway
STU615574,2004-06-18,F,USA
STUC338FA,2003-01-13,F,Latvia
STU5AE4D0,2005-07-13,M,Estonia
STUA40762,2001-11-18,Other,Italy
STUB8C135,1995-08-12,F,Sweden
STUD210E7,1998-09-13,Other,Germany
STUDC18E6,1998-04-18,Other,France
STU1F0449,1996-01-22,M,Norway
STU957558,2004-06-18,M,India
STU696F6A,1999-10-12,F,USA
STUC8423A,2001-01-07,F,Sweden
STU88DEE6,1997-04-22,Other,Lithuania
STU3D01C1,1997-06-25,F,Italy
STU08B3A4,2002-09-03,F,Estonia
STU632963,1999-07-07,M,USA
STU8BD25E,2004-06-04,F,USA
STU58FFDE,2001-08-10,F,Lithuania
STUCA019B,2005-03-07,F,Italy
STU2EAE28,2001-11-04,Other,Lithuania
STUFFFDA2,1999-03-09,F,USA
STU6B958F,2005-07-05,Other,China
STUFD8B72,1999-12-28,M,Sweden
STU5D6DB3,2005-08-09,Other,Norway
STU926E42,1999-09-26,Other,Estonia
STUA0453F,2000-09-08,Other,Sweden
STU3EF9B8,1995-05-17,M,China
STUFA02C9,1996-09-05,M,Poland
STU629E73,2003-02-10,Other,Italy
STUCCAFEF,1995-07-04,Other,Norway
STU0AC330,2004-10-14,M,France
STUE435B1,2005-05-01,F,India
STUD08877,1995-12-28,Other,Latvia
STU960503,1997-05-16,Other,Estonia
STU5B7189,1997-11-05,M,Estonia
STU1DE59C,2002-09-26,M,China
STUB395BA,1995-11-26,Other,Estonia
STU396340,2004-02-15,Other,Germany
STU8C6C51,2005-03-23,Other,Spain
STU369386,2005-10-18,Other,India
STUABA3A4,1995-12-17,F,China
STUBAA79A,2000-04-06,F,Norway
STUB423AB,2005-08-16,M,Italy
STU26060A,2000-11-26,M,Spain
STUA6A603,2002-02-18,M,China
STUD1927F,2005-11-20,F,Germany
STUF63C09,1999-12-16,F,Sweden
STUEA3120,2005-06-23,Other,Lithuania
STUAEEC5B,2000-04-09,Other,USA
STU7F1A10,2002-06-15,F,France
STU5A2229,2000-02-02,M,USA
STUF7795E,2005-06-19,Other,France
STUDA20B0,2000-06-12,F,Italy
STUA6123F,2001-03-07,M,Poland
STU5F4B73,2002-10-04,F,India
STU5A85C5,2005-01-04,Other,USA
STU143B2D,2001-05-07,Other,Italy
STUB0DDB2,2002-02-14,M,Norway
STUDEB1BE,1995-03-20,F,China
STU86E8EF,1997-08-05,M,Germany
STU9BEF39,2004-05-12,F,USA
STUAC249D,1999-07-19,Other,Norway
STU0E8AE5,1997-07-03,F,Germany
STUF0B1C3,1999-05-17,M,Estonia
STU048202,1999-02-24,F,Italy
STU2B08C5,2002-03-07,M,Latvia
STUEAF4D6,2004-07-03,Other,Germany
STUFC4A9E,2005-07-19,F,France
STU7D2F5D,2001-06-25,F,Poland
STU328935,2002-12-07,F,Germany
STU4CB508,1998-05-05,Other,Spain
STUA772F3,2003-03-07,Other,Estonia
STU601F54,1997-06-14,F,Latvia
STUB352A2,1999-07-13,Other,China
STU6F08D0,1998-08-23,F,India
STU239BE9,2003-03-17,F,France
STU7AA992,2005-03-21,F,Estonia
STU06F7B3,1999-04-16,M,India
STUCFF3E0,2000-10-21,M,Latvia
STUDDC7F3,1996-06-17,M,Latvia
STU87D4E7,1999-10-22,Other,China
STU980775,2005-10-28,F,Norway
STU4DB222,2001-11-13,Other,Germany
STU393530,2002-04-18,F,Germany
STU6E9235,1999-09-18,F,Spain
STU6B646B,2000-11-28,Other,Germany
STUC3629F,1997-02-27,F,Estonia
STU6032CC,1998-04-16,F,USA
STUDD98CA,2005-04-13,M,France
STUE19844,1998-03-27,F,Estonia
STUD9B506,2004-06-07,F,Sweden
STU0E61C3,2003-09-28,Other,Germany
STU260190,1999-01-20,Other,USA
STU798ACC,1996-10-27,F,USA
STU9BB65A,1996-03-28,M,Estonia
STU5FFDF9,2000-12-10,F,Lithuania
STUC3C507,1998-05-21,Other,Estonia
STUB8C953,2004-12-07,M,Estonia
STUDAE43B,1997-07-23,F,Estonia
STU9A7469,2004-12-06,Other,China
STUBCD083,2004-09-06,M,Norway
STUF79250,1999-05-20,F,Italy
STU225437,2004-11-17,F,Norway
STUC10B74,1998-10-05,Other,Poland
STUB3180C,1996-03-04,Other,Sweden
STU7AB484,1996-09-15,M,India
STU18A339,1995-01-03,M,Germany
STUA31ED6,2004-03-15,M,Latvia
STU6A2755,1997-03-23,Other,Lithuania
STU10121C,2004-05-09,F,India
STUE70886,2002-06-01,F,Italy
STU876324,1995-05-13,M,India
STU91347E,1997-11-05,F,Norway
STU7AF1ED,1996-05-03,M,Sweden
STU073A06,2002-04-26,Other,USA
STU51A5B3,2001-12-10,F,Lithuania
STUC717A0,2001-08-27,F,Poland
STUD3264F,1999-07-25,Other,Poland
STU53BEAB,1996-08-25,F,Sweden
STU8065BB,2004-07-19,M,Estonia
STU40628A,1996-02-01,Other,Latvia
STU5DFC76,2005-12-20,Other,Latvia
STU245831,1998-12-21,Other,Norway
STUBDA42F,1998-10-11,M,Norway
STU5FBCC3,1998-12-14,F,France
STUCC52D8,1996-04-02,Other,France
STU494371,2000-01-09,F,France
STUA114CF,1999-03-27,F,Spain
STUA3725D,2003-04-28,F,China
STU731C95,1998-10-01,Other,India
STUADB099,1995-08-04,Other,Spain
STU0A67BF,2001-12-11,Other,Estonia
STU6E453D,1996-11-02,F,Poland
STUE0590C,2003-04-11,F,France
STU96F46B,2004-07-28,Other,India
STUF35660,1999-05-15,M,Lithuania
STUD1C1E2,2002-11-20,Other,USA
STU58D3F8,1997-04-25,F,Estonia
STU0B7EDB,2000-06-04,M,Norway
STU6A5B2A,1997-06-23,F,USA
STU3CEB1D,2000-08-28,M,Germany
STUC2BB7D,2002-11-18,Other,Germany
STU7B6B70,2005-10-05,M,France
STU63BC72,2002-07-05,M,Latvia
STU940BB3,2004-11-17,Other,Estonia
STU99BA91,1997-12-09,M,Latvia
STU469B44,1995-04-04,Other,China
STU34C812,1995-12-25,Other,France
STU535319,2001-02-15,F,Estonia
STUAC8B34,1997-07-11,Other,Estonia
STUFFE7F0,1998-09-21,Other,China
STUB5F85C,2005-08-21,Other,Latvia
STU11247C,2003-06-18,Other,USA
STU1AAE14,1997-09-04,Other,Latvia
STU3BD241,2004-07-13,F,China
STUD5DE4B,1997-08-04,Other,Italy
STUFA17CB,1995-11-17,Other,Poland
STU49B94E,1999-07-08,F,China
STUB18643,2003-01-18,M,Italy
STU4634C1,2005-08-19,M,Sweden
STU35E214,1998-04-21,Other,Germany
STU126058,2005-11-18,M,Estonia
STUF0DC01,2003-02-03,Other,Sweden
STU2626F6,1997-05-23,M,Latvia
STU43570D,1995-12-25,M,Poland
STUBCB768,2003-01-23,Other,India
STU618FB1,1998-12-17,Other,Sweden
STU0EB089,2000-01-07,M,Sweden
STU86B7DD,2005-07-13,Other,Italy
STU85CF86,2005-06-26,F,Italy
STUC118B1,1996-09-09,Other,China
STU37D946,1997-04-17,Other,Poland
STUE81F9E,1999-10-01,M,Sweden
STU32D08A,2001-07-08,Other,Germany
STU1B1DB2,1997-06-18,M,Sweden
STUC09DDD,1995-03-05,M,Norway
STU007898,2002-10-21,Other,France
STUE3A093,2000-01-12,F,India
STUF5C370,2004-06-06,Other,Germany
STU063645,1997-05-21,Other,China
STU60552D,2004-09-22,F,Norway
STUC9B106,2004-11-10,M,Germany
STU626A81,1995-06-22,Other,Italy
STU727CB3,2004-03-26,F,Norway
STU45AAEF,2000-02-08,M,USA
STU137E75,2004-11-08,Other,Norway
STU012BE4,1998-03-27,Other,Norway
STUE75A09,1997-10-26,M,India
STU4E614F,1999-01-25,M,USA
STUDEE63B,1997-07-27,Other,Lithuania
STU383813,2003-02-10,F,India
STU9BCB82,1998-06-11,M,Sweden
STUFA6354,2005-07-14,Other,USA
STU91C132,2000-05-02,F,Estonia
STUF6D242,1996-04-25,Other,Norway
STU86A541,1995-06-16,Other,Poland
STU40B84C,1996-04-27,M,Norway
STUADCD6A,2005-11-06,M,Italy
STU5A093C,2001-07-06,Other,Italy
STUA3D048,2002-09-07,M,India
STUCAA9A4,1996-12-13,Other,France
STU5F3133,1999-06-26,F,Italy
STUF7B0C8,2000-03-02,M,Spain
STUA8C6B6,1998-03-01,F,Norway
STU166270,1998-08-04,Other,Estonia
STUAC4D5D,1999-01-06,Other,Lithuania
STU54E7D3,2002-02-06,F,Norway
STUE74611,2002-02-20,M,Lithuania
STU0E1D4E,1996-07-09,Other,Sweden
STU78FC08,1995-09-05,Other,USA
STU5E3AC4,2003-03-27,M,USA
STUDC4040,2004-03-15,M,Sweden
STU819381,2000-11-27,F,Italy
STU847A51,2000-03-20,M,USA
STU451975,1997-08-14,F,Spain
STU084D56,1998-11-02,M,Germany
STU987C36,2004-04-27,M,Latvia
STU8B3866,1999-09-26,F,China
STUEFA81D,1996-11-03,M,Sweden
STUACE8D3,1995-09-24,Other,Sweden
STU594123,2005-03-25,M,Sweden
STU38744C,1999-10-09,M,Lithuania
STUC3F169,1997-08-27,Other,Poland
STUF9E547,2003-12-08,M,Italy
STUDF9C33,1997-05-10,Other,China
STUA8AE6A,2000-04-04,F,Germany
STU07AB55,2001-09-05,M,Italy
STU8825B3,2005-12-28,Other,Italy
STU970593,2001-08-21,M,Estonia
STU9F70C0,1997-01-03,M,France
STU7606CA,2003-05-28,F,Poland
STU617A79,2002-02-21,F,France
STUA82FA8,1999-04-28,Other,Sweden
STU97C918,1996-09-19,M,Norway
STU6AF3F2,2003-04-03,F,Germany
STUF74A50,1998-05-19,Other,China
STU3D7002,1998-11-21,Other,China
STU856FFB,2002-12-05,F,Estonia
STU998C90,2004-06-04,Other,USA
STU074762,1996-04-06,M,Italy
STUD9E871,2003-06-07,F,France
STU6A79EB,2003-06-17,M,France
STUC13255,2003-03-25,Other,Norway
STU3AE711,2001-11-10,M,Spain
STUF62FE9,2005-04-14,Other,Spain
STU3CAB75,2004-01-27,Other,Poland
STUA0C94E,1999-12-15,M,Lithuania
STU330668,1995-09-28,M,Estonia
STU9BF071,1996-03-12,F,Spain
STU387FF0,2002-11-18,M,Poland
STU3D8DEB,1995-06-13,F,India
STU21600A,1998-04-17,M,Sweden
STUEDC557,2001-06-05,F,Sweden
STUA57CBB,2002-01-11,Other,Italy
STU75A288,1998-05-07,F,Spain
STU6A07F2,2000-07-11,M,Germany
STU638806,2001-08-03,F,Spain
STU9604F8,1999-12-11,F,Norway
STU7DBA98,1999-01-10,F,Estonia
STU5F33B6,2004-03-16,M,Poland
STU5BBCB6,1995-11-17,M,Norway
STUF37BF8,2004-01-17,F,Estonia
STUA99EA6,2005-09-02,F,Poland
STUF50CC2,2005-09-14,F,Sweden
STU027D10,2002-04-18,F,Sweden
STU57868C,1999-11-17,Other,Lithuania
STUA4AE35,1995-02-22,M,Italy
STU90EE98,1998-10-02,F,Spain
STU72774F,1997-02-12,Other,China
STU523A27,2004-07-07,F,Lithuania
STU8306C3,1999-01-23,Other,Germany
STU29E48F,1999-06-23,M,Norway
STU6FF84A,1996-10-10,Other,France
STU07999D,2000-03-17,M,India
STUEA769B,1996-06-08,M,Latvia
STUFFE403,2004-07-01,M,USA
STUA3A355,1995-06-06,Other,Germany
STU595A0D,1997-08-22,F,Spain
STUB1E80B,1999-10-23,F,Latvia
STUDAA569,2005-08-12,F,Norway
STU69F94B,1999-12-28,Other,France
STUE0F4A4,2005-04-13,M,Germany
STU8FD78B,1997-06-23,M,Spain
STU354336,1997-12-28,F,Sweden
STU07D614,2002-08-17,Other,Poland
STU6C95F7,2002-11-22,Other,India
STUCABBF1,1998-12-05,M,Sweden
STU58214F,2000-08-03,M,France
STU4CCE84,1996-09-16,M,France
STUC79D61,2002-08-15,Other,France
STUEDAE67,1997-07-11,Other,Norway
STU5CB48E,2004-09-28,F,Spain
STUDF7FCB,2001-03-02,M,Norway
STU016E2C,1996-11-04,M,France
STU71B105,1997-04-02,Other,China
STU835506,2003-02-18,M,India
STU960308,2005-08-05,F,Lithuania
STUFF817F,2005-04-24,F,Sweden
STUF2E694,1998-02-15,Other,Estonia
STU36B6BD,1995-03-08,F,Norway
STU429638,1998-11-19,F,China
STU869D01,1998-07-19,Other,Sweden
STU6683E4,2004-02-24,F,Latvia
STUCEB7BA,2002-12-02,M,Poland
STU930E66,2002-12-09,F,Spain
STU88865E,2003-12-17,M,Germany
STU1B5F54,1997-02-20,F,France
STU8F9D1A,1995-03-17,M,Spain
STU5C7715,1996-07-09,M,Lithuania
STU0AAB0E,1998-06-23,Other,Lithuania
STUEE0209,1996-09-03,Other,Poland
STU02D4E3,1995-03-04,Other,Lithuania
STU72B0EA,2000-01-06,F,Spain
STU73466A,2003-02-06,Other,India
STU709EEA,1995-05-10,F,USA
STU707B7D,2004-08-26,Other,Italy
STUF5EFBA,2005-06-20,M,India
STUA1AEC0,2001-12-22,F,Italy
STUA5AD20,1999-06-11,M,China
STU7DB545,1996-09-22,M,Latvia
STU55CD03,2000-10-11,F,France
STU1D5180,2003-07-08,F,Latvia
STUF67345,2002-02-17,M,Germany
STU613386,2004-06-26,M,Sweden
STUEFFE66,2005-01-18,Other,Poland
STU1382A0,1995-10-19,Other,France
STU1866AF,2000-03-28,Other,Norway
STU02EDDE,2001-02-20,Other,India
STU1BD74B,2003-12-27,Other,Lithuania
STU5C7F96,1997-05-28,M,Norway
STUA60A90,1999-04-09,M,India
STUE4DAF1,2003-05-05,F,Spain
STUEEBE67,2000-12-01,F,Latvia
STU128317,1996-05-18,F,Spain
STUEC7F8C,2004-11-13,Other,Spain
STUDE5A8F,1996-09-12,Other,Germany
STUA23EE9,1999-10-21,M,France
STU553178,2002-04-16,M,Italy
STU9F1288,2002-08-07,M,Sweden
STUBC760C,1998-09-12,F,USA
STU13B118,2001-02-22,Other,Lithuania
STU02D1DC,2003-01-13,M,USA
STU0E9BAD,1999-03-23,F,Latvia
STU77951C,2002-10-16,F,Germany
STU0E85F4,2001-03-11,Other,China
STU0E7F06,2002-07-05,M,Estonia
STUEABB2C,2002-09-06,F,Latvia
STU435DD7,2004-02-18,M,France
STUF86AFD,2000-06-08,Other,China
STU9BAF0B,2002-03-09,M,Lithuania
STUC63A51,1995-10-06,Other,India
STUE37822,2004-10-14,Other,USA
STUE45F66,2005-10-12,M,Latvia
STU69934A,1995-08-02,F,India
STU8D3E8F,2005-08-03,Other,Latvia
STU7EEC89,1996-06-17,F,Latvia
STU06E683,1997-03-15,Other,India
STU3D4D01,1998-06-13,M,Italy
STU30E577,2000-10-03,F,Italy
STU8E0010,1999-04-09,Other,India
STUE3801E,2001-08-02,Other,USA
STUDF9262,2002-04-17,Other,Spain
STUE12E8B,2005-10-04,Other,Poland
STUC7CB70,1997-09-03,M,Lithuania
STU12C691,1996-09-26,M,China
STU8FF487,1996-04-28,Other,Latvia
STU3FFB93,2005-11-02,F,USA
STUBA04DB,1997-01-14,M,Italy
STUBF6D38,2002-03-22,F,Spain
STU8E65DC,1999-05-02,F,India
STUC27DD2,2003-10-01,M,Poland
STUC47F9A,2002-08-06,M,Norway
STU3CD19B,1999-05-16,M,USA
STU4B6296,1997-08-14,Other,France
STU0275A1,1998-10-03,M,Norway
STUC2B582,1997-03-18,M,China
STUC3148E,2002-06-04,Other,Latvia
STU67147E,1997-11-26,Other,USA
STU9FA138,2003-08-01,F,Latvia
STU614E1A,2000-10-12,Other,Spain
STU4B3EC3,2003-10-16,Other,Norway
STUC5FFD5,1997-07-04,Other,China
STU9E7083,2001-10-16,Other,Poland
STU26529E,2001-09-15,Other,Norway
STU62A2DE,2000-05-26,Other,Poland
STUC44B0F,1996-09-10,Other,China
STU554247,2002-07-06,Other,Norway
STU938C35,2005-05-19,F,Estonia
STU6816E4,2002-12-20,M,Sweden
STUBEC434,1996-08-26,M,China
STU1162AE,1995-03-23,F,Sweden
STUE2D346,2005-04-25,M,Estonia
STU22B7C7,1995-02-25,Other,China
STU898F96,2000-08-08,Other,Lithuania
STUFD7A30,1999-06-05,M,Poland
STU5B2071,2004-02-07,F,USA
STUD0E749,1998-12-16,F,Norway
STU5877C0,1999-07-28,F,Sweden
STU2438FC,2001-06-26,F,Germany
STU62AF82,1995-10-18,F,Sweden
STU134415,2001-05-12,M,Norway
STU11B451,1995-08-07,M,Latvia
STU1E84DF,1996-05-09,Other,Germany
STU6CB6FC,1996-01-06,Other,Lithuania
STU80D062,2004-12-02,Other,Poland
STUB4B788,2001-08-10,F,Spain
STU15CB3D,2001-12-03,Other,Spain
STU5E411A,2000-04-17,F,Latvia
STUD592E6,1997-05-01,F,Latvia
STU3EF1C8,2000-09-18,Other,USA
STUC2894B,1998-12-27,Other,India
STU3D7B22,1996-11-07,F,China
STUC7D640,1997-05-13,M,India
STU193995,1999-08-02,M,Poland
STUCD7981,2005-08-27,F,Lithuania
STU704B76,1997-06-07,Other,China
STU7DAD80,1998-11-14,Other,Estonia
STUC312F5,2002-08-19,M,Lithuania
STUB03ED3,2004-10-06,Other,Germany
STUF3A1FC,1995-09-20,F,Estonia
STU301090,2000-09-26,Other,Germany
STU596B38,2005-06-03,F,India
STU3E3594,1999-10-04,F,Italy
STUFF97E0,2000-10-26,M,Italy
STU4756EE,1998-12-10,F,Lithuania
STU144A43,2000-09-24,Other,Poland
STU311628,1996-10-11,M,Spain
STUB353DE,2001-02-08,F,China
STU610422,2002-06-08,F,Germany
STUB02DAC,1999-06-27,Other,China
STU98ABE9,1996-03-12,M,India
STU2DB8E4,2001-09-12,Other,Sweden
STU5EFBB2,2005-05-26,M,Spain
STUC39CB4,1996-02-09,F,China
STU528976,2004-04-19,Other,Germany
STU92ABE8,2005-01-25,Other,Norway
STU2285AC,2002-01-17,M,Estonia
STU213B60,2000-11-09,M,Sweden
STU1244E1,1998-06-04,F,Lithuania
STUBF482A,2004-09-10,Other,Poland
STU7E1A7A,2005-05-12,Other,France
STU89A7B4,2003-04-02,Other,Spain
STU4EF6A5,2003-07-02,Other,Sweden
STU27A44C,2000-12-12,M,Germany
STU6C0ED0,2003-02-05,M,Latvia
STU1D4E0B,1999-01-16,F,Sweden
STUD178E8,2002-04-23,Other,Lithuania
STU6BA4C2,1999-10-01,F,Latvia
STUF6F19C,1997-05-08,M,Sweden
STU869409,1996-07-01,Other,Sweden
STUB95B92,1998-01-06,F,Latvia
STUE5FDCF,1998-07-28,Other,India
STUAD6C54,2001-09-05,Other,France
STU313B9A,1995-07-25,M,India
STU55F3D6,2003-11-08,F,India
STU86DA42,2001-07-03,M,Norway
STU568DA5,1999-10-27,F,Spain
STU1FF7E8,2003-08-13,F,Estonia
STU3B7FC5,2003-10-15,Other,Sweden
STUF67FDB,1999-05-07,M,Poland
STU0F4CF9,1997-06-09,F,USA
STU115252,2000-07-01,Other,Lithuania
STUD5190E,1995-08-20,M,USA
STU5604C8,2002-07-06,M,France
STUF2EECD,1996-05-21,M,Estonia
STUBC153F,2003-12-04,Other,Lithuania
STU33D678,1997-06-01,F,China
STUB30943,2003-06-07,F,Spain
STU38B8F4,2005-04-11,M,China
STUDD829C,1997-01-14,F,India
STU3AA3A5,2005-03-27,M,USA
STU2B4EF7,2003-03-15,Other,Poland
STUB114B2,1999-07-20,F,China
STU0E4D03,2002-07-16,M,France
STU5F1A06,2004-09-08,Other,Sweden
STUD8A8CD,1999-09-18,F,Latvia
STU8910A5,2005-09-22,Other,Norway
STUA958A6,1998-09-03,M,Estonia
STU6C65BC,1999-07-12,F,Sweden
STUF236B8,2005-01-21,M,France
STU1B5317,2004-02-05,F,Sweden
STU302995,2004-01-06,F,Estonia
STU80A227,2005-07-25,Other,Poland
STU5BB1BC,2001-07-10,M,Poland
STU4FDC0E,2002-05-18,Other,Lithuania
STUAC9B00,2004-12-02,M,India
STU2DA7C6,1998-01-22,M,Latvia
STU845AD9,2002-12-17,M,Spain
STU20F5F6,1997-11-02,F,USA
STU2AD0E1,2005-08-23,M,France
STU852AC4,2001-12-16,Other,Lithuania
STU44AD8E,1998-02-05,Other,Sweden
STU1A06DE,2004-02-22,M,India
STUCD0B96,1997-02-09,F,India
STU78BDE1,2000-03-12,M,India
STU30BD5B,2003-05-28,M,India
STUD2879C,2003-07-07,M,Germany
STU4BF3B9,1997-02-16,M,USA
STUB418CF,2000-01-15,F,Norway
STU8FC29B,2003-01-09,F,Estonia
STU01CE4F,2005-10-09,M,Germany
STUAE2D5A,2001-05-05,Other,Latvia
STU2925BC,2002-10-15,M,Italy
STU6FB27C,1998-03-14,Other,China
STUC44FE2,2001-07-15,Other,Lithuania
STUE0F784,1996-07-17,Other,Sweden
STU6C4200,1996-09-04,Other,France
STUE723D9,2002-07-27,M,Germany
STU2F24DD,1997-02-09,F,USA
STU0325CE,1996-02-24,Other,Italy
STU7A430F,1997-07-26,F,Italy
STU5909DC,1998-04-01,F,Norway
STU06FB6A,2002-04-20,Other,Italy
STU3EBCD9,1999-05-16,Other,Italy
STUBE152C,2000-07-17,Other,Germany
STU0C994C,2000-05-06,F,USA
STU32A0FC,2002-02-18,F,USA
STUA6D15A,2000-02-14,Other,USA
STU034A5F,2002-08-02,M,Poland
STU495327,2003-05-18,F,Italy
STU22748A,2001-05-21,Other,India
STU98EB0A,1995-04-12,F,Norway
STU1590D7,2001-02-03,F,Sweden
STU7FD4D5,1999-01-11,Other,Norway
STU1F86E8,1998-05-06,M,India
STU8CBB2D,1997-06-07,Other,Sweden
STUDEC3D3,1996-11-17,M,Norway
STUAC2FF3,1998-02-09,M,Lithuania
STU7CDB6C,2004-01-24,M,Lithuania
STU6FB484,2001-09-03,Other,Spain
STU462B22,2001-10-04,M,France
STU0779EC,2003-10-22,F,China
STU47DCD6,1996-11-08,F,Spain
STUEB8EF2,2003-09-24,F,India
STUB34150,1997-05-21,M,China
STU57F6D5,1995-03-10,M,Germany
STU054792,1999-01-11,M,India
STUF9FC3C,1999-10-03,M,Spain
STUA3B77A,2003-01-24,Other,Poland
STU5A4936,2005-09-03,M,Norway
STU7666F9,2004-08-22,Other,Germany
STU4376D5,1999-11-26,M,Norway
STUACC103,1999-03-05,Other,Sweden
STU7C6940,2000-05-18,Other,Italy
STU75CA35,1996-01-04,M,Germany
STU813777,1996-11-25,M,China
STU0F4C29,1998-11-07,F,Lithuania
STUFA202F,2002-09-03,F,Germany
STUF58E73,2001-11-25,F,Spain
STUE117ED,1997-08-11,Other,Spain
STU1C0884,1999-09-16,F,Italy
STUF90326,2005-04-11,Other,Italy
STU95B95B,2004-08-18,F,USA
STU94FF54,2004-10-14,M,Germany
STU2C637A,1998-09-27,F,Sweden
STUDA04CF,1999-03-19,F,USA
STUFE390F,1999-11-05,M,France
STUDCF5F6,1999-02-28,Other,Norway
STUD4F3DF,2000-04-24,Other,Estonia
STUB0D12E,2001-08-15,F,Spain
STU4D0AF8,2001-03-28,M,China
STUCB96EC,1995-03-16,M,India
STU6E88D9,2000-09-24,M,Lithuania
STUEE7F16,2002-12-19,M,Germany
STUF8D7EB,1999-08-28,F,Sweden
STUCCE286,2002-11-26,M,India
STU3566B2,2002-11-16,M,Germany
STUD8FA1E,1996-05-16,F,China
STUD08771,2000-06-27,M,Poland
STUBFF622,2005-05-24,Other,USA
STUF0D90E,1997-04-26,F,USA
STUD41ACD,2002-10-19,M,Poland
STUC9FD85,2003-05-11,Other,India
STU1F33FA,2002-06-10,M,Poland
STU28C4B5,2002-01-14,F,China
STU3E28CC,2003-04-13,F,Sweden
STU42F0F2,1995-11-13,Other,Sweden
STU233B4B,2003-12-24,F,Estonia
STU076679,2004-12-25,M,China
STUD51F91,2003-07-08,Other,Lithuania
STU598377,2003-03-11,M,USA
STUC8F843,2004-01-01,F,France
STU815881,1998-02-13,Other,Norway
STU1B4230,1995-05-02,F,Estonia
STU7B375F,1997-03-28,M,France
STUB01A43,1995-11-26,F,Sweden
STUFA1CF1,2001-01-25,F,France
STUEB7E8C,1995-07-09,F,Germany
STU8C6166,2002-09-18,Other,Sweden
STU761EED,2001-04-17,M,Lithuania
STUF73F2A,1998-04-04,M,China
STU226B8C,2002-06-17,Other,Norway
STUE97FAC,2003-01-15,F,Sweden
STU96CFB9,2002-08-22,F,Latvia
STUCBB35B,1998-02-07,Other,USA
STU5D7572,2005-02-05,Other,Norway
STU9D493F,2003-06-11,M,Estonia
STU425E89,2001-05-17,Other,Estonia
STU18163A,2005-04-19,Other,Latvia
STUD35C3D,2005-07-04,Other,Poland
STU611B57,1998-10-12,F,France
STU8EF87C,1998-05-02,F,France
STUC014DB,2005-11-03,F,USA
STU7307A8,1997-06-12,Other,Latvia
STU95FB13,1995-09-28,M,China
STU9DA37D,2002-12-17,F,Estonia
STU5E73F7,2002-08-22,M,China
STU407C1E,2003-09-15,M,Sweden
STU0CC629,1995-06-04,M,Lithuania
STU69FE81,2005-04-12,M,Italy
STU269873,2003-04-20,Other,Italy
STUD754A3,1997-06-17,M,Lithuania
STUA5A595,1995-10-14,M,Poland
STU015C87,2003-01-25,M,Estonia
STUA4EA11,2003-12-21,F,Spain
STU2C8A1E,1998-12-03,F,Sweden
STUC448C4,2000-10-08,F,Spain
STU239746,2000-01-03,M,Spain
STU09CB8C,2003-01-01,F,Poland
STU3018EE,2004-06-17,Other,Norway
STU6DEDF3,1998-01-04,Other,Germany
STUA04317,1999-11-09,M,Latvia
STU91ED3F,2004-03-08,F,Latvia
STU7E0539,1997-03-06,F,Norway
STUBCF0EB,1996-06-21,F,India
STUE29F38,1996-06-03,F,USA
STU27EB54,1997-09-28,F,France
STU48457A,2003-10-12,Other,Latvia
STU224B1B,2002-12-03,M,Estonia
STU1D82CA,2001-11-20,M,Germany
STU857FC7,1996-04-17,F,Latvia
STUF4E583,2001-02-21,Other,Poland
STUE64DA5,2003-04-19,F,India
STUC6D73D,2004-08-25,F,Germany
STUFCD8E4,2002-11-04,M,Estonia
STU7E6B8F,2005-01-09,M,France
STU12EF7B,1995-09-27,M,Norway
STU4E967C,1999-07-04,Other,Latvia
STU4D7DC3,1996-07-27,F,France
STU3AA174,1998-04-21,F,Spain
STU812B52,1995-10-02,M,Estonia
STU93FF89,1995-07-06,Other,Estonia
STU7CF278,1996-12-08,Other,Lithuania
STUEE20FE,1999-02-01,Other,France
STUC85288,1995-07-08,M,Poland
STUB809B1,1999-08-27,F,Norway
STU05B541,1998-01-02,Other,Estonia
STU01B70F,1996-07-10,F,Poland
STUF08514,2004-12-25,M,Italy
STUA8EB9E,2003-12-12,M,Lithuania
STU5B6CEB,2003-10-14,F,France
STUFC8850,2001-04-03,Other,Estonia
STU556E66,1999-06-25,M,USA
STU9F9CC7,1998-12-14,M,Poland
STUE47CDA,2004-01-07,F,Poland
STUEE9B8B,2001-06-09,M,Latvia
STUF7FAEB,1999-05-04,Other,Germany
STU3E4EEA,2001-04-06,Other,China
STUA4D1AD,2005-07-06,M,Norway
STUCCAF35,2005-12-14,M,France
STUE058BD,2000-10-13,M,Sweden
STU801AEA,1998-06-28,Other,India
STU029375,2005-04-11,M,India
STU242B05,2005-03-15,Other,Norway
STU65B0F2,1999-09-28,M,Norway
STU5A4D32,2001-07-14,M,China
STU94F91A,2004-07-11,F,Italy
STUD00D15,2005-10-06,Other,USA
STU2B0748,2000-05-10,Other,Italy
STU50620C,1996-08-14,F,Germany
STU201F64,1999-10-08,M,Norway
STUBBF7F6,1998-09-09,Other,Latvia
STU1694FD,2002-07-03,M,Lithuania
STU4561CD,2005-06-20,F,Latvia
STU71549A,1997-08-02,F,Estonia
STUB8AA74,1995-09-15,Other,Poland
STU206595,1998-02-24,Other,Norway
STUD79D83,1997-09-12,Other,Lithuania
STU346B9A,1997-01-17,M,Lithuania
STU5FD295,2005-11-13,F,Sweden
STU5EE0D0,1995-03-17,Other,USA
STUC0FBB4,2005-04-14,Other,Italy
STU62113F,2002-09-14,M,India
STUF10507,1996-06-27,Other,Lithuania
STU731FBA,1999-04-20,M,China
STUAB8A7D,2004-09-18,Other,Poland
STU715314,2005-09-14,Other,Sweden
STU93A007,2002-06-27,M,France
STU2A1617,1999-07-09,Other,India
STU83EE94,1998-12-02,F,Norway
STU179879,1997-01-15,Other,Latvia
STUA24A7D,1995-03-18,M,India
STU5ADEC8,2002-12-08,Other,Latvia
STU4B951C,1995-10-25,Other,China
STU77BA77,2003-12-17,Other,Estonia
STUDEEA82,2000-04-16,F,France
STU767AFC,2002-12-13,Other,Spain
STUD08EA7,1995-05-25,Other,Italy
STU247173,1996-01-23,F,Latvia
STUE99510,1998-08-18,F,Estonia
STU99BE1E,2003-07-02,M,Italy
STUFC10E8,1999-03-12,M,Latvia
STUBEDEE7,2003-07-21,Other,Estonia
STU4BE992,1995-11-12,F,Lithuania
STU7B2AA0,2002-08-17,Other,France
STU2EE5CC,1998-10-19,F,USA
STUDE0090,2005-01-24,Other,Poland
STUE6D613,2003-02-10,Other,India
STU014456,2003-11-07,F,Lithuania
STUE03753,1997-07-25,F,Germany
STUBE2C65,2003-08-19,M,Italy
STU729FA9,2004-08-08,M,India
STU4FE0E9,2005-12-15,Other,Norway
STU42CAA3,2002-09-04,M,Latvia
STUE268AA,2003-02-08,M,Italy
STU8CE2D1,2002-06-09,M,Lithuania
STU1AB06B,1995-04-04,F,Estonia
STU3BE04C,2004-07-05,M,India
STUDC9F40,1998-10-06,M,Latvia
STUD8081F,1996-07-12,M,France
STU6B1301,1997-11-09,M,Germany
STU1523DD,2004-05-06,Other,Estonia
STU4F2E68,1997-09-23,F,Lithuania
STUAFEDDB,2001-05-11,M,Spain
STU5C5155,2003-05-12,M,France
STU59F9A4,2002-12-20,Other,USA
STU8A617D,1999-02-20,F,Spain
STU0A8614,2000-08-04,Other,Latvia
STU5CD2E8,1997-09-12,M,Spain
STUA23D17,1997-04-25,M,Estonia
STUF3E324,2000-02-06,M,India
STU3A08DA,2000-05-26,Other,Latvia
STUECB0AE,2002-09-22,Other,Norway
STU633A60,1995-09-15,F,China
STU02B55B,2001-08-09,M,Estonia
STU16690D,1995-11-13,M,France
STU3F726E,1998-06-27,F,USA
STU9CB7C5,2005-04-27,M,Lithuania
STU4BE4EC,2003-03-08,M,USA
STUB62E43,1996-02-04,F,Lithuania
STUB66547,2003-03-25,F,USA
STU1E65A1,2005-09-14,Other,Poland
STU440471,2005-02-10,M,Sweden
STU97FE0B,1998-06-11,F,Norway
STU3479F8,2003-09-09,M,France
STU765089,2000-12-15,F,Norway
STU19205C,1998-06-12,Other,Norway
STU79E5F9,2003-11-21,F,Norway
STU5539E9,2001-08-25,M,Sweden
STUE5F09A,1998-05-27,F,Norway
STU52D948,2002-10-18,F,Spain
STU52A7FC,1998-02-25,M,Estonia
STUC9B2C6,2002-06-15,F,Spain
STU2BFE8D,1995-11-23,F,Italy
STU02E6C0,1998-08-27,M,Norway
STUA46A57,1999-11-16,M,Spain
STU8D9834,1996-05-27,M,Estonia
STU98719D,2001-10-05,F,Poland
STU7185F0,2004-11-05,Other,China
STUFBFAE2,1997-11-22,F,USA
STU253DFD,2004-12-08,M,Norway
STUA74411,2005-06-02,F,Norway
STU90D04A,2000-08-24,M,China
STU45E4DD,2004-11-15,F,USA
STU8E368D,1996-05-28,M,Norway
STUB8B163,1999-06-01,M,USA
STUFF6F9F,2005-11-24,Other,Poland
STU794E31,2005-06-20,F,China
STU76F6C1,2004-04-03,Other,Italy
STUB1488B,2002-12-03,Other,India
STU7E76EA,2002-06-27,M,Sweden
STU12AE3F,1999-05-26,F,Latvia
STU67ADC9,2000-09-19,F,India
STUC22F29,1999-04-20,F,China
STU0CE18B,2001-03-28,M,India
STU8270A4,1995-09-19,Other,China
STU514FD4,2002-05-18,F,India
STU19EE47,1999-03-02,Other,India
STUC8E5A2,1999-12-27,Other,Latvia
STU765664,2005-02-08,Other,India
STUCE4B07,2005-12-11,M,Estonia
STU0816D4,1995-05-16,F,Poland
STUA486C6,2003-07-23,F,Spain
STU1C7E1E,1995-09-12,Other,USA
STUA23006,2001-03-13,M,Spain
STU6D5584,2004-11-06,F,Poland
STU06C6B5,2000-02-08,F,USA
STU391C9D,1995-02-15,F,Estonia
STU1EE26C,2005-11-15,M,Spain
STUA56B41,2005-12-14,F,Poland
STU68F537,1997-06-24,F,Poland
STU28D918,2003-10-11,M,Latvia
STU7C5985,1996-11-23,F,France
STU5F7AFE,2003-08-23,F,Spain
STUD7D73D,2004-08-21,Other,China
STU8E1B0B,2001-06-04,F,Estonia
STU4A8341,1998-09-21,F,China
STU50D45A,1997-06-05,Other,Norway
STU254B9C,1999-11-15,M,France
STUB7CAEA,2001-06-15,M,USA
STUF888A9,2002-04-28,Other,Norway
STU043BAC,2002-11-22,M,Italy
STU7BFD98,2002-09-21,F,Germany
STU95CF45,2004-11-08,M,Sweden
STU18BD59,1995-09-26,Other,India
STUA23056,2003-02-20,M,Lithuania
STUC6AF82,2004-04-17,M,Estonia
STU930D0E,2001-04-27,F,Italy
STU2BA9E7,1998-03-26,F,Latvia
STU918482,2002-09-17,F,Lithuania
STU943D70,1997-03-03,M,USA
STUE79522,1999-05-26,F,China
STU969A66,1999-02-24,F,China
STU4750A9,1996-11-13,F,Estonia
STUC1A666,2005-11-09,F,Estonia
STUE13CA4,1999-09-07,Other,Lithuania
STUF49BAF,2002-05-03,M,Estonia
STU2BD265,2004-02-23,F,USA
STUFE4E57,2000-05-23,M,Germany
STU97505F,2003-10-16,F,Spain
STUF2A55E,1999-08-13,M,Estonia
STUA25BFB,2001-02-03,Other,Norway
STU028B73,1996-12-08,Other,Sweden
STU12F646,1995-09-07,Other,Estonia
STU81A229,1997-02-14,F,India
STUFB0DB1,1997-12-26,Other,Germany
STUC53CC9,1999-02-13,F,Sweden
STUEFEB7C,2002-04-17,Other,USA
STUB1A74F,2001-09-23,M,Italy
STU525641,2001-02-01,F,Germany
STU8D8CF9,1996-08-22,F,Sweden
STUFDCA79,1997-07-20,M,Spain
STU89CF71,1998-09-08,Other,China
STU23B10C,1998-02-05,F,Sweden
STUBC209A,2002-07-27,F,Norway
STU9EC5C1,1998-08-19,Other,Latvia
STUA83FA5,2004-01-26,M,USA
STU3E0797,2003-05-23,Other,Spain
STUADE737,2003-05-18,F,Poland
STU191112,2000-12-20,F,Estonia
STUE417F8,2003-02-07,M,Germany
STU7F186D,2005-02-06,F,Estonia
STUB3310E,2000-05-07,Other,Germany
STU12EBC2,2004-10-01,M,Germany
STU658E66,2000-04-14,M,France
STUD9C16D,1999-04-27,Other,USA
STU307378,1995-06-03,F,Latvia
STUAE67BE,2004-06-25,Other,India
STUCD176B,1997-08-16,Other,China
STU1B0332,1998-05-02,F,India
STUA9A1B1,2001-07-12,M,France
STU4D3F79,2001-11-24,M,Latvia
STU2ED48A,1997-12-17,M,Spain
STU60D757,1997-07-14,Other,Lithuania
STU752AFC,2003-07-13,M,India
STUFBF300,1996-06-06,Other,Norway
STU8253BD,1996-08-15,F,Norway
STU157F55,1999-07-13,M,China
STUB69E9A,1995-04-11,F,India
STUD81E8F,2001-01-19,F,France
STUE8619C,2001-10-16,Other,Estonia
STUE18B1D,2000-06-02,M,France
STUF58F74,2002-10-14,M,Sweden
STU6CC9A6,1997-06-15,Other,Estonia
STU180372,2002-07-04,Other,Sweden
STU9097BD,2005-09-05,Other,Sweden
STUC3877B,2003-10-28,Other,India
STU88A112,2003-02-19,M,Latvia
STU499C5B,1996-01-17,F,Poland
STU40CAC1,2002-11-13,Other,Latvia
STU2026BB,1997-02-12,F,Italy
STU95E8D0,2003-09-13,Other,Lithuania
STU8FDA57,1997-03-14,M,France
STUB64DFE,2002-02-09,Other,Poland
STUB0A2E3,1996-11-08,F,Spain
STU82DA50,1996-11-16,F,Sweden
STU83F0B1,1997-07-01,M,Latvia
STU0ADB02,1998-06-26,F,China
STUE30104,2003-05-04,F,Lithuania
STUDD188E,2003-08-02,M,France
STU0BF5D9,2000-01-28,F,Italy
STU4628ED,2003-01-10,F,Estonia
STUF0D635,2000-08-11,F,Italy
STU3B0E98,1997-07-23,F,Sweden
STUD5AC12,2001-05-23,M,Italy
STUE7226D,2000-08-01,Other,Estonia
STUCDCB72,1996-10-02,F,Estonia
STU4E4460,2003-05-12,Other,Poland
STUD7E73A,2002-05-22,M,Latvia
STU8B124D,2003-12-03,Other,India
STU78DA65,1995-05-23,M,China
STUD1DBB1,1995-10-11,F,China
STUE3EFE8,1998-11-26,Other,Estonia
STUC053E1,1999-05-23,F,Spain
STU34413B,1997-11-06,M,Norway
STU9EA12F,2005-09-09,M,Italy
STU0235C6,1996-11-13,F,Poland
STUE66970,2002-06-19,F,Spain
STUF33ED4,1996-11-07,F,India
STU849B29,1999-04-23,Other,Estonia
STU941368,2001-12-06,M,USA
STU59C39F,2004-08-13,F,Lithuania
STUAB4770,1998-10-28,M,Germany
STUCD69B7,2002-12-05,F,India
STU93132C,2005-06-26,M,France
STU68DD2B,1997-02-28,F,Italy
STU8B2E12,1999-08-17,M,Sweden
STU69DB4E,2003-10-24,F,USA
STUC70245,2000-06-05,M,Latvia
STUD37A42,2001-03-02,F,Sweden
STU6F91A9,2001-10-26,F,Germany
STU3265AC,1996-08-01,M,USA
STU3F3586,1995-02-26,Other,China
STU9C3663,2003-10-09,F,India
STU8424EA,2000-08-18,F,Germany
STUF42554,1996-09-28,Other,Lithuania
STUB0C180,2003-02-27,Other,Sweden
STUC6BFD7,1998-07-02,M,Lithuania
STUC60C8E,2004-12-14,M,Latvia
STU7E7CE6,2001-09-22,Other,Sweden
STUCACE70,1995-05-27,F,Lithuania
STU17F57E,2004-11-20,Other,Norway
STU3E166C,2000-08-27,M,Sweden
STUCF3D97,1996-09-12,M,Sweden
STUE334CD,2003-09-21,F,Germany
STUEDF94C,1995-05-07,Other,Norway
STUC6A6D6,2003-09-26,M,China
STUCA860C,2005-06-17,M,France
STUBF6302,1996-01-18,Other,Latvia
STUF9C1CB,1997-07-25,F,Germany
STU153D97,2000-08-12,Other,India
STU84F74F,2001-10-02,F,Latvia
STUB3165A,2005-03-07,Other,India
STUD4A943,1999-05-23,Other,USA
STUB4DEEC,1995-11-23,F,Latvia
STUDC6F37,2002-04-09,M,Italy
STU1E2373,2002-02-15,Other,India
STUE688A6,2003-06-15,F,India
STU566C63,1998-10-09,F,Spain
STU5866E1,1999-04-03,F,Germany
STU059995,1995-09-21,M,Italy
STUF1B18D,2003-01-21,M,Estonia
STU8B6C69,2003-03-11,M,China
STU60AD81,2001-12-28,M,Latvia
STUC93E59,1996-07-15,Other,USA
STUAB03D3,1997-12-22,F,Estonia
STU41EE4C,2001-07-25,F,Poland
STU46164A,1995-01-03,M,Latvia
STU9DE491,1998-12-09,F,Estonia
STU44303F,1997-01-22,F,USA
STUDF4AD6,1998-02-01,Other,Spain
STU3C40D9,2002-01-24,Other,Estonia
STU5A0155,1995-06-07,F,Norway
STU96F1A0,2004-10-23,Other,Italy
STU8E08E2,1996-10-28,F,Italy
STUF6E132,1997-09-10,F,Italy
STUEC76CB,1999-01-13,F,India
STUEFF65A,2004-08-15,F,Latvia
STUD20F61,2004-08-19,Other,Lithuania
STUE1EDA6,1998-03-24,M,India
STUF96809,2003-05-18,M,Estonia
STUDDA80B,2000-01-01,M,Poland
STU7116C9,2000-12-21,Other,India
STUCD8516,2001-10-26,M,USA
STUADF5ED,2000-05-03,Other,Latvia
STU2063F4,2004-04-06,M,Estonia
STUA72510,2003-10-20,M,Sweden
STU6DC74F,2000-10-11,F,Germany
STUA0EE69,1998-07-14,M,Sweden
STUCEF1AB,1999-04-15,Other,Norway
STUF63745,1996-06-15,Other,China
STU2B9F7C,2003-10-19,M,Norway
STU038FAB,1995-04-28,Other,Norway
STU9FE5A6,1997-07-05,Other,Poland
STUA7923F,2002-09-17,M,Estonia
STU1C416C,1998-11-24,M,China
STU67DE75,1999-05-18,F,India
STUEE737A,2004-05-15,F,Estonia
STUF237DE,2005-04-28,M,Italy
STUFA0907,2002-03-13,M,France
STU50A5FC,1999-10-27,M,Estonia
STU67B870,1997-06-22,M,China
STU8F3100,2005-03-17,M,Spain
STUA0633A,2004-12-26,M,Estonia
STU0A1FB9,2003-09-25,M,Germany
STUE3E69F,2000-11-08,F,Germany
STU9E8C02,1998-05-18,F,Norway
STU3378CE,2005-02-05,F,France
STU039FB1,2004-08-16,Other,Norway
STUDEBF3C,2005-03-14,Other,Italy
STU7542B7,2001-06-28,F,India
STUE7442D,1995-06-23,M,Latvia
STUEF70DD,1999-04-01,F,France
STU5B6034,1998-11-27,F,Germany
STU14454B,1999-07-09,F,Germany
STUD9D5C5,1997-01-08,Other,France
STU90B58F,2003-01-12,M,China
STUD75EE0,1998-02-21,Other,Italy
STUF6FC8B,1999-04-26,F,Latvia
STUF09A57,1997-11-14,Other,Germany
STUEDBF33,2000-11-19,F,China
STUBD1F3C,2000-09-27,Other,Spain
STU33A238,2003-11-21,F,Germany
STU095D94,1996-05-20,F,Norway
STU49339B,2005-10-11,F,Sweden
STUC95869,2002-07-01,M,China
STU5DBCCF,1999-05-02,M,Poland
STU886931,1999-04-06,M,Italy
STU47F6E3,1999-09-17,M,Spain
STUCF81ED,2002-03-04,F,China
STU3DE203,2003-09-28,F,Latvia
STU7D46FD,1999-05-03,Other,Italy
STUE8DFF2,1995-06-13,Other,India
STUD0D6E5,1997-09-13,Other,Lithuania
STU928D20,2002-05-18,F,China
STUC4B77D,1997-10-17,F,Norway
STU56288A,2000-06-10,M,Germany
STUC76DD0,2003-04-28,Other,Germany
STU4128A3,1999-08-24,M,USA
STU2D03B0,2005-11-01,Other,Latvia
STU320317,1996-08-06,F,Italy
STUEF5A30,2005-06-25,M,Italy
STUB23712,2003-10-08,Other,France
STU786BCB,1997-06-19,F,Germany
STU2A5C4D,1998-08-10,M,India
STUB3DAFA,1996-11-04,M,Poland
STU2A818E,1998-10-11,M,Poland
STUA95A30,2001-08-07,F,France
STU2C7B7B,2005-10-16,F,Germany
STUC4A107,2005-11-06,M,Germany
STU874545,1996-06-09,F,Germany
STU838447,1998-09-20,Other,Spain
STU0B6315,2005-05-22,F,Italy
STU1F2A65,2003-05-27,M,Norway
STU48CB52,1999-01-05,Other,Norway
STU0290FA,2005-09-28,M,Sweden
STU4B9BAE,2005-03-24,Other,Lithuania
STU306BBF,2004-03-06,F,Italy
STU1BA8E4,1996-06-18,Other,Italy
STU158971,2005-06-05,M,Lithuania
STU42D497,1999-06-22,Other,China
STUB1D7AA,1996-12-09,M,France
STUB5223F,2001-10-14,M,Norway
STU2FB68A,1996-01-19,Other,Estonia
STU677346,2001-05-26,M,Germany
STU868B11,1999-10-12,F,China
STUE1D5E0,2003-09-22,M,Estonia
STU9BEA8E,1996-02-04,M,Estonia
STUB1BD73,1996-10-15,F,Germany
STUA73853,2001-10-09,M,Poland
STU4AE219,1996-08-22,M,Spain
STU9E8FB7,1999-11-14,F,Lithuania
STU51996A,1998-09-01,Other,Lithuania
STU8ADCE3,1996-04-28,M,Norway
STU244DE0,1996-09-16,M,Latvia
STU5787E7,1995-04-14,M,China
STUE9C0D4,1996-04-23,F,Norway
STUB1247D,2004-03-04,Other,Lithuania
STUE62D63,1998-12-05,Other,Latvia
STU850836,2005-08-25,Other,Poland
STUC8477A,2002-02-17,F,Sweden
STU24EAB7,1995-07-23,F,Poland
STUB3C17B,1999-09-28,Other,Estonia
STU82B90B,2003-02-12,Other,Spain
STUB29A6E,1997-01-23,M,Lithuania
STUACAE94,2002-11-08,Other,Italy
STU8BC2B4,2000-09-07,M,Lithuania
STU6FBFAB,2001-03-03,M,Latvia
STUC0FE35,2003-10-22,M,Sweden
STU1F0832,2004-05-02,F,Estonia
STUD52A7B,2001-04-24,F,Italy
STUCE872C,1995-09-23,Other,Germany
STUC2A90C,2004-01-07,M,Poland
STU093505,2003-07-01,Other,Lithuania
STU5E9CE6,2004-11-04,F,Sweden
STU47EFCC,2001-07-11,Other,USA
STU224C38,1995-09-12,F,Germany
STU3A3D42,1999-06-11,F,Spain
STU07A1AA,2003-02-22,M,Estonia
STU024974,1995-05-05,Other,Latvia
STU10AFE4,2000-07-11,Other,Italy
STU746FE0,1996-04-16,Other,Norway
STU7C3F3B,1997-08-11,F,China
STU275542,2000-09-27,M,France
STU81D729,1998-01-05,M,China
STU21DDEE,1999-06-20,Other,Estonia
STU461AEC,1997-08-09,F,USA
STUE9257D,2001-03-22,M,Sweden
STU369F44,2002-09-11,F,Italy
STU35F30F,2002-07-01,F,Latvia
STU545E1B,2002-09-20,M,Norway
STUD6A7E0,2001-04-28,Other,Lithuania
STU3C6588,1997-10-13,F,Lithuania
STU9ED707,2003-03-04,Other,France
STU45E630,2004-06-21,Other,China
STU4E9276,2005-01-13,F,China
STUD096E1,2000-10-27,Other,Sweden
STU015916,1998-02-18,Other,Norway
STU938F4F,2005-02-21,Other,Norway
STUA42146,2004-09-17,Other,Germany
STU2DD30E,1998-06-04,Other,Sweden
STU7AE3D9,1995-10-12,Other,Sweden
STUC07B6E,1995-06-28,Other,Lithuania
STU7A9B7D,2000-06-17,M,France
STUA51916,2005-08-19,Other,USA
STU8BE7E0,1996-03-06,F,Poland
STU1ADB6E,2000-08-11,M,Latvia
STU38C9A9,1995-10-04,F,Latvia
STU6BA7C3,2003-05-19,M,China
STU515216,1997-09-19,M,India
STUC23B38,1995-05-04,Other,China
STU1011DE,1996-01-20,F,Estonia
STUF593C9,2005-11-06,Other,Spain
STU786E9C,2005-07-06,F,Latvia
STU591752,1999-01-23,F,Lithuania
STU8FAD64,2004-04-27,M,Norway
STU96CA5A,1998-03-13,M,Latvia
STUC54D0E,1995-09-06,Other,Norway
STU1416B9,1997-04-18,Other,Italy
STUE12415,2001-11-23,F,Sweden
STU8B98AD,2001-06-10,Other,Latvia
STU94EDAC,2001-12-05,M,Germany
STU9B3915,2005-07-07,F,China
STU721B4E,2004-06-17,M,Lithuania
STUAB7D9F,1995-11-28,F,Latvia
STUD88706,2005-10-27,M,Sweden
STU860867,2003-06-18,Other,India
STUD9D644,1999-02-14,F,USA
STU88DD8A,1996-02-14,Other,Spain
STU8A2C6C,2004-12-20,M,Poland
STU1EBB42,2004-08-08,Other,Spain
STU2712FA,1995-11-23,Other,Latvia
STUDA039F,2001-09-20,M,Estonia
STUABF48F,2002-08-15,Other,Lithuania
STUED6566,1999-03-12,Other,USA
STUF63797,1996-10-19,F,Germany
STUC57EFA,2004-01-08,M,Sweden
STU161129,2004-06-14,Other,France
STU26D9FE,2000-10-16,F,USA
STUF900B9,1996-05-11,M,Latvia
STU7C46B2,2002-04-13,F,Poland
STU5BD81E,2000-09-12,F,Spain
STU359E3A,1999-06-19,M,Lithuania
STU770F3C,1997-12-28,M,Spain
STUB3D4BF,1999-09-05,M,Germany
STUF3A751,1999-07-07,M,Latvia
STU6E0877,1998-03-17,M,Germany
STU1C5A6E,2003-11-15,Other,Spain
STU117631,2000-04-21,Other,France
STU7EA777,1996-02-15,M,China
STU1B33A4,2002-02-15,Other,France
STU6B4DF8,2000-09-16,F,Latvia
STU87B533,2001-11-06,Other,Italy
STU8038E5,2002-05-07,M,Poland
STU8D742A,1996-07-09,F,Latvia
STU4EC7ED,2004-07-03,M,Italy
STUE02801,1998-12-14,M,India
STUFBD734,2002-05-23,M,Spain
STU464940,2004-09-19,Other,Estonia
STUC98682,2003-12-02,Other,Lithuania
STU87BD80,2002-06-02,F,China
STUA10BE6,1998-12-08,M,Italy
STUD167BB,2004-10-20,Other,USA
STUECA4E1,2003-08-01,F,Sweden
STU227FA0,1997-09-03,F,Estonia
STU7D8307,1998-04-25,F,Latvia
STU798B85,2003-12-24,Other,Spain
STU60D161,1995-02-22,M,India
STU2B7406,2001-12-01,F,France
STU6E6252,1996-07-28,F,Latvia
STUB9C0B9,1996-11-24,M,Italy
STUCEC65B,2002-11-14,M,China
STU3E4A24,1996-02-19,F,China
STUFDB57A,2004-03-24,M,Latvia
STU7242E2,1998-02-23,F,Lithuania
STU33E7FB,2003-09-15,F,Italy
STU8D96E7,1998-06-03,Other,India
STUCC8BDE,2002-09-14,M,Latvia
STU3329B5,2000-09-10,F,Norway
STU9DEC74,1997-11-13,F,Estonia
STU055241,2000-01-07,F,Italy
STU30E5A7,2003-09-20,M,USA
STU178033,2000-04-07,M,Italy
STU9250BB,2000-08-12,Other,Norway
STUA4F9E6,2005-05-25,Other,USA
STUEEA6BC,2003-08-27,F,Estonia
STU097DD7,2002-01-10,M,Germany
STU78A38B,1995-03-10,F,China
STUBD8F85,2000-11-17,Other,Lithuania
STU3453FB,1997-12-08,Other,Norway
STUD7BD23,1995-12-05,F,Lithuania
STUEEE004,1997-05-21,M,Latvia
STU8207FF,2002-10-18,F,Latvia
STU1980D1,2000-10-27,M,Latvia
STUAFAF58,2005-07-18,F,Norway
STUF4EADA,2005-02-09,Other,Poland
STUFBACB5,2001-10-13,Other,India
STU53019B,1995-02-12,Other,USA
STU511DA6,2004-09-18,F,Poland
STU67DBBD,1995-02-21,M,Latvia
STUBD256C,1999-11-05,F,USA
STU134A13,1997-07-09,M,Italy
STUBFDACA,1996-08-20,F,Latvia
STU9AACFA,2004-03-03,Other,Poland
STUA87FD7,2005-08-12,Other,Italy
STU86B1F9,1997-02-10,F,Germany
STUF9E7D6,1995-10-16,F,USA
STU2F9639,2004-02-26,F,Norway
STU08965B,2001-07-10,Other,Lithuania
STU7064DE,1995-08-05,M,Spain
STUCFF21D,1997-12-25,M,Italy
STUBD8656,2003-12-12,F,Germany
STU912DD2,2003-03-17,F,USA
STUF643D2,2004-08-04,M,Poland
STU3BD0B7,2000-08-17,F,Italy
STUF39D3B,1995-11-10,Other,Sweden
STUD26B3F,2003-01-10,Other,Latvia
STU701A05,2002-12-11,M,Estonia
STU0950B2,1999-03-23,M,Sweden
STU03F0A2,2004-03-03,F,Norway
STUED817E,2001-08-27,Other,Norway
STUA6383A,2002-02-16,F,Estonia
STUF3A87E,1998-01-27,Other,Lithuania
STUD12545,2001-02-21,F,Norway
STU9418E6,2003-11-20,F,France
STU98CD0D,1999-06-28,M,USA
STU7CAE5B,2005-08-25,M,Spain
STU529994,1995-04-13,Other,India
STU510D02,2003-08-08,M,Estonia
STU554B7A,1996-02-11,Other,China
STU969AD9,1999-04-28,Other,Lithuania
STU33B652,1996-04-03,M,France
STUE0CD2D,2003-08-10,M,Germany
STU299657,2002-05-25,Other,Estonia
STU2C6971,1998-06-05,F,India
STU1B805B,1996-05-08,Other,Latvia
STUEA17B2,1999-01-04,M,France
STUD46647,2005-09-17,M,Norway
STU49EEEE,1999-05-17,Other,Lithuania
STU6BB4B2,1996-10-06,F,Sweden
STU145926,1998-08-23,Other,Latvia
STUC4A09C,2001-03-18,Other,Germany
STU797BE5,2000-01-21,Other,USA
STU25A37A,2004-05-05,F,India
STU04E3B1,2005-02-10,F,Germany
STU253657,2004-10-19,Other,USA
STU4C4905,2004-02-09,M,Lithuania
STU630127,1995-05-21,M,Sweden
STU15268D,1998-09-23,Other,Sweden
STUB27600,2005-10-23,Other,Latvia
STU9F5C6C,1999-08-11,Other,Italy
STU94E901,1996-09-13,F,China
STU30C2AD,2001-02-09,M,China
STU51E1D7,1998-06-09,Other,France
STU0019E6,1995-07-28,M,Lithuania
STUB70BB7,2000-04-06,F,Latvia
STUE2187D,2004-08-27,F,Latvia
STUE9CECD,2001-10-16,M,Germany
STU9D2D6B,1996-01-14,Other,India
STU918548,2003-04-12,F,Norway
STU179777,1998-10-28,F,Latvia
STU7B1424,1998-11-09,M,Germany
STUBDC573,2005-08-02,Other,USA
STUF5E32E,1998-05-12,F,Spain
STU288A64,1995-08-04,M,Lithuania
STU849866,1997-06-24,Other,Germany
STU61A84B,2005-10-13,F,Norway
STU3E8E00,2005-04-18,F,Spain
STUA9AD91,2005-04-10,M,China
STU5A501A,2002-12-25,Other,Germany
STUFBCA63,1995-06-02,F,India
STU0C0243,2001-06-15,Other,France
STU139762,2001-07-27,Other,Sweden
STU3DE3C1,1997-08-04,M,Poland
STUB7174C,1997-12-10,M,Poland
STUA99D2B,1998-12-06,F,Italy
STU543BCD,1998-08-08,M,Estonia
STU9B7E7E,2002-09-12,M,Spain
STU7DC84F,2002-06-06,M,Spain
STU4337FF,2000-06-26,Other,France
STUB858DB,2004-10-22,M,Lithuania
STU85EEA7,2003-07-15,Other,Italy
STUA621A4,1995-02-20,M,Spain
STU5BE792,2005-05-10,M,USA
STU8B90C9,2001-06-23,Other,Poland
STU74F489,2000-04-06,F,Sweden
STUB03E2A,1998-11-20,F,Sweden
STUEE738B,2005-09-12,M,France
STU815AB1,2005-03-07,F,China
STU793181,1995-05-24,Other,Italy
STUD74F8C,2000-02-07,M,India
STU6CDFD9,1998-09-09,M,India
STUD0D7C6,2001-07-03,M,Spain
STU1695C5,2000-12-17,Other,China
STU4A26AB,2005-09-18,F,Italy
STUD5128D,2002-08-22,Other,Italy
STU160325,1995-03-21,Other,Norway
STU9FE005,2000-11-25,Other,Estonia
STU052FC3,2003-10-01,M,Poland
STU4AA8FB,1996-02-18,M,Estonia
STU87A84C,2000-01-12,M,Latvia
STUD5473E,2000-09-19,M,India
STU66262B,1995-09-05,M,Lithuania
STU44897E,2002-10-03,Other,Lithuania
STU34A0AB,2003-08-16,Other,Latvia
STU4056B8,1995-09-16,F,Italy
STU51EDAA,2001-04-09,F,USA
STUCEDB85,2005-04-15,M,India
STU23F667,2003-04-02,M,Estonia
STU260EA8,1998-01-14,M,Spain
STU548064,2003-07-21,M,Sweden
STU005FDC,1995-03-05,M,Norway
STUB98FB1,1999-11-05,Other,China
STUB4C4B2,1996-08-18,Other,Germany
STUBE5BFD,2002-08-03,M,China
STU50A785,2000-12-01,Other,Poland
STUABFC40,2005-09-25,M,Germany
STU804B3A,2000-12-11,M,Germany
STU096013,1996-04-23,Other,Latvia
STU09DA5F,1998-01-17,M,Spain
STU6733B3,2004-04-07,F,Sweden
STUD60EDA,1997-03-14,F,Germany
STUC57D46,1999-01-27,M,China
STUEDB164,1996-08-09,M,Italy
STU2092BD,2004-02-10,Other,France
STU4CA1A0,2002-04-18,M,China
STU85D93E,1998-04-13,F,Lithuania
STU7506F8,2002-07-06,Other,India
STU765030,2003-01-22,Other,USA
STU9DD1F1,2004-06-26,F,Lithuania
STUD579E0,2000-03-28,F,USA
STU07E2D4,1999-01-18,Other,France
STU0C8447,2002-08-25,Other,Poland
STUA9149B,1995-01-05,F,Italy
STU49CC29,2002-09-20,Other,Sweden
STUCF9D4D,2003-08-22,F,Latvia
STU6DF869,1996-02-14,F,Estonia
STU875724,1995-03-10,Other,Spain
STUBDB814,2003-10-14,F,Italy
STUA312DA,1998-11-13,Other,Norway
STU5C5E8C,2001-04-02,F,Germany
STU405BF5,2003-08-05,F,China
STU5497C7,2000-08-21,M,Poland
STUD898DD,2003-03-22,Other,Estonia
STU9A3B28,1996-04-03,M,Spain
STU980236,2003-07-25,M,Norway
STUB97856,2004-03-27,F,France
STU83A8F2,2001-12-05,M,Germany
STU2A60D7,1997-06-09,F,Sweden
STUB6B3D3,2005-04-20,F,USA
STU6D111F,1998-11-20,Other,Germany
STUD4F4BB,2001-07-19,M,Estonia
STU058872,2002-07-28,Other,Sweden
STU902AC9,1998-04-01,M,China
STU9C8CA9,1999-02-11,Other,Estonia
STU0C86C5,2003-05-27,F,Estonia
STUDC0314,2001-08-23,Other,France
STU002A28,2003-11-27,F,Norway
STUDE0438,1996-12-28,F,Norway
STU78C9C5,2000-12-13,Other,USA
STUF688EE,1999-09-12,Other,Sweden
STUE16A11,1999-11-18,M,China
STUEE4168,1995-10-26,Other,Latvia
STU2DE52B,2004-01-18,M,Italy
STU659BF4,2000-01-22,F,India
STU9C59ED,1999-01-27,M,Spain
STU0948CF,2005-12-27,F,USA
STU98E55D,2001-11-06,F,China
STUC1508F,1999-11-21,M,Latvia
STU6D977B,2000-12-19,F,Italy
STU16C161,1996-05-25,Other,Italy
STU16DC71,2002-03-21,Other,Germany
STU09BA44,2003-02-13,M,India
STU16BDA2,2000-10-27,F,Lithuania
STU6E6DE9,2000-03-13,F,Poland
STU254B28,2001-10-15,F,Latvia
STUAAB27C,1996-10-16,F,Norway
STU4C0B0B,2005-04-04,F,Latvia
STU0EC16F,1996-03-09,F,Estonia
STU724AB5,2000-07-02,F,USA
STU16C4C8,1995-12-05,M,Sweden
STU9E9312,2000-02-11,F,Germany
STU1429A4,1995-03-09,Other,USA
STU6ECCF0,1996-12-20,M,Italy
STU745AB3,1998-07-05,F,Spain
STUE3F122,2004-07-08,Other,Italy
STUEA5A66,2001-10-02,F,USA
STUEC364B,1998-07-05,F,Sweden
STU29954F,2005-07-12,F,Latvia
STU194434,1996-10-27,M,Poland
STU86E2DA,2005-02-16,M,China
STUFD5A13,2002-09-05,Other,Poland
STU6F5D11,1996-08-14,F,Spain
STUED990D,2005-12-27,Other,Estonia
STU315F27,2004-07-02,F,Norway
STU16D223,2000-03-09,F,India
STU119A20,2000-01-16,Other,Poland
STU5DAB8D,1997-10-15,Other,Germany
STU57AEAE,2000-09-24,Other,Norway
STUB27150,1996-04-05,Other,China
STUF009E6,1997-09-16,F,France
STUCFB1C7,1997-11-17,Other,Lithuania
STU480163,1995-06-13,F,France
STU4A5D4A,1996-09-05,Other,Estonia
STUF9B1D1,1999-11-07,M,Italy
STUF37FCB,1995-05-09,Other,Spain
STU82AC1C,2004-02-16,M,India
STU3F69EC,1995-01-18,F,India
STU17BF79,2000-11-16,Other,Norway
STU5F78D8,2004-08-26,M,France
STUFC6146,1996-06-16,F,Germany
STU4F89FC,2004-10-09,M,Germany
STU73A322,1996-06-23,Other,Sweden
STU26EF45,2001-11-18,M,Estonia
STU003906,1997-08-07,M,USA
STUB6C9CB,2002-04-24,Other,Spain
STU548C5F,2002-01-16,M,France
STU0C030A,2003-06-26,F,Norway
STU5810F2,2000-09-10,Other,Estonia
STU471CC1,2004-01-21,M,India
STU8971FB,2005-10-16,F,Estonia
STUB0C743,2004-04-15,F,Norway
STU0980BA,2004-03-16,M,India
STU0FFC1C,2003-06-12,M,India
STU3F6045,1996-07-13,F,Lithuania
STUAF0C05,1999-04-10,F,Latvia
STUB4229A,1999-07-14,Other,Poland
STU759E47,2005-02-15,F,Poland
STU7EA974,2001-03-08,M,Germany
STUCCFA96,1999-09-05,Other,Latvia
STU285EEE,1996-04-23,M,Lithuania
STUAA2159,1997-12-16,M,India
STUECE8BE,2000-08-11,M,Germany
STU77D921,2001-03-11,F,France
STU4E76AD,2003-04-04,F,China
STU9A18EB,1997-12-05,Other,Spain
STUA39A9C,1995-02-04,F,Estonia
STU5E8AF2,2001-09-25,F,Poland
STU63EFE0,1999-06-27,M,India
STU58CDA4,2003-06-09,Other,USA
STUC6A4FE,1996-03-27,F,India
STU0BD05E,2003-07-14,Other,Lithuania
STUE1989C,1995-02-11,F,Spain
STUE636EF,1996-05-07,F,Norway
STUBC6973,1995-11-04,F,Spain
STUF7FF13,2003-10-06,Other,Lithuania
STU7A0047,1999-05-13,M,Italy
STUA843C6,2003-06-05,M,China
STUAC06EF,1996-01-04,F,Estonia
STU9BFFBF,2004-03-02,F,Norway
STU2278A9,1995-06-27,F,Norway
STUD94FA5,1997-10-16,F,Spain
STU81B9DC,1998-04-26,Other,Italy
STU572F66,2001-06-15,M,Germany
STU5452D3,2004-05-13,M,Poland
STU34A838,1997-12-17,Other,India
STUDF4807,1999-06-06,Other,Sweden
STUE26673,2004-11-08,M,Latvia
STU53302B,2004-05-16,Other,Germany
STUAF5662,2001-10-28,Other,Norway
STU19F902,1995-08-27,Other,Germany
STU395DC5,2002-10-01,Other,Norway
STUCFEA43,1998-04-21,Other,Spain
STU7ED85B,2003-11-03,Other,Sweden
STUA8D1DA,2004-08-22,F,Lithuania
STU2A6EF2,2002-09-08,Other,Latvia
STUA1A9CC,2003-07-28,Other,Italy
STU0C1DC8,2000-09-20,Other,China
STUC977A1,1996-11-07,F,France
STU5A878A,2001-12-13,Other,Italy
STUF5D29E,1997-03-17,Other,Norway
STUE2BB41,2000-04-23,M,Estonia
STUEAFACE,2005-07-18,Other,Sweden
STU09A5C9,1995-02-02,M,Italy
STUA9D1A7,2001-11-21,Other,Latvia
STU296C5C,1997-10-19,Other,Norway
STU5F7C6B,2001-12-19,Other,Norway
STUB61624,1996-05-14,Other,Estonia
STU76E1C0,2003-10-13,Other,Spain
STU2396F7,1997-08-15,F,France
STU0FE21C,1995-06-12,F,Lithuania
STUB2D946,2003-11-07,F,Latvia
STU3EA106,1999-01-07,F,China
STUDB075C,1997-09-20,Other,Italy
STU7D20AA,2000-05-10,F,Norway
STUE779A1,2004-03-18,Other,Estonia
STUD2D97A,2002-01-19,M,India
STUCC74C6,2001-09-19,Other,Poland
STUCCD97F,1997-11-03,M,India
STU65301D,2003-06-18,Other,Italy
STU880659,1998-04-20,Other,India
STU42A2BB,1997-10-12,F,USA
STUDD7960,2003-12-13,Other,Italy
STU83FD7B,1995-10-12,Other,USA
STU788743,1997-06-13,M,Lithuania
STUCB8FC7,2003-01-02,M,Lithuania
STU481781,1998-12-18,M,Lithuania
STUB3815A,2002-05-04,M,Sweden
STU93C31A,2005-12-02,M,Estonia
STU58DD0B,1996-01-08,M,Germany
STU16A278,2003-01-15,Other,USA
STU2EB71B,1997-10-23,Other,USA
STUAE4AFB,1999-11-24,F,China
STU69FAA8,2002-05-13,M,Germany
STU76B84E,2001-10-13,F,Lithuania
STU3BF463,2002-07-08,Other,Sweden
STUE8DF93,1998-11-03,Other,Sweden
STU301B37,1998-05-11,Other,Italy
STUEFB532,2000-05-26,F,Lithuania
STUBC116D,2001-01-21,F,Latvia
STUF7F967,1995-06-10,M,Norway
STU945774,1996-03-19,Other,Estonia
STUF323D1,2004-08-19,M,Poland
STUD24034,1996-08-23,F,Germany
STUA6CDD8,1996-06-17,Other,Norway
STU36CDBC,1998-02-09,F,USA
STU262F78,1995-11-08,Other,Spain
STUFD5A5D,1996-06-05,M,Italy
STU5CC49B,1997-11-23,F,Spain
STU51ED6A,1997-03-02,Other,USA
STUC0C9D3,2005-02-06,Other,Norway
STU403089,1999-10-20,M,Estonia
STU9F82CC,1996-10-02,M,India
STUB0789C,1996-02-05,Other,France
STU53FDEF,1995-02-27,Other,Norway
STUD15F88,1997-04-09,Other,France
STU6F3417,2001-12-16,F,USA
STUD30AC4,2005-10-21,F,Germany
STU310ED5,2001-09-27,Other,Lithuania
STUF51944,2003-03-13,Other,Poland
STU718513,2000-05-05,M,Latvia
STU32211C,1997-10-03,Other,Sweden
STU25377F,2004-09-18,M,India
STU8D1513,1999-10-28,Other,Poland
STUDCC154,2004-09-21,M,Norway
STU2BE616,1995-11-01,M,Italy
STU301A19,2004-02-19,Other,Norway
STU1B2270,2002-01-25,F,France
STUB924A1,1999-04-21,Other,France
STUEC1FD9,2002-11-24,Other,Germany
STUCE49A5,1996-08-22,Other,Spain
STU2AC709,2003-10-04,F,Italy
STU489697,2000-01-12,F,USA
STU79235E,1999-11-22,Other,USA
STUB08B33,1997-01-05,F,France
STUB261D3,2001-05-25,M,Latvia
STU2B136E,2000-10-27,F,Germany
STUB6DEBA,2000-03-22,Other,Germany
STU857BE3,1999-03-23,M,China
STU779E16,2005-10-01,F,Germany
STU9B7363,2005-11-12,Other,India
STU842010,1999-04-06,Other,Estonia
STU5217B2,2004-02-07,Other,Norway
STU7B176B,2003-01-16,F,Germany
STU9D8E13,1997-05-09,M,France
STUA49470,2001-04-07,M,Norway
STU3635B9,2003-09-28,Other,India
STU4FF85E,1999-06-26,Other,Spain
STU8A34F6,1995-06-01,F,Estonia
STU40072F,2005-10-18,F,Italy
STUF50AA2,2003-12-11,M,Italy
STUB94CAF,2002-03-09,Other,Germany
STU3B6223,2000-10-17,F,Sweden
STU02160A,1999-01-25,M,China
STU8502E9,2001-10-14,F,Sweden
STU5339B3,2004-01-04,F,France
STU23D100,1999-11-05,Other,Spain
STU73C17D,2002-01-03,Other,France
STUDC19C3,1996-06-28,F,Poland
STU545EF2,1995-06-25,M,Norway
STUA5DBD7,2002-06-16,Other,Sweden
STUD30DE5,1996-11-05,M,Italy
STU15F279,2005-11-17,F,Sweden
STU6EFADF,2001-03-13,Other,Lithuania
STU6C6736,2004-02-03,Other,Sweden
STU8CDD45,1998-03-08,F,China
STUBAEBFF,1997-06-07,F,Latvia
STU5E2D23,2001-04-02,F,Lithuania
STU404AB6,1996-11-21,M,China
STUB75C7B,2005-12-04,Other,China
STUE0247E,2001-12-18,Other,Estonia
STU21656F,2002-09-02,M,Spain
STU50229C,2005-12-25,M,Spain
STU538203,1996-07-10,Other,Italy
STU826AE0,2003-07-09,Other,Poland
STU4908B6,2002-01-11,Other,China
STU067C43,1995-04-02,F,China
STU41DBDE,1996-12-10,F,Lithuania
STUBCBC57,1996-01-20,Other,Italy
STU365119,2003-08-06,F,France
STUF58D5C,1996-02-21,M,China
STU3F7B49,1998-10-16,Other,Spain
STU83EBE1,1995-04-27,M,China
STU777E44,1995-06-28,M,China
STUC91A92,2004-07-25,Other,Poland
STUF54CE5,1999-12-28,F,China
STU1D1011,2004-12-28,M,Lithuania
STU875484,2002-12-13,F,Spain
STU807279,1997-07-27,M,Poland
STU728406,1999-03-09,M,Latvia
STU432EED,1997-11-05,F,India
STU693CB4,1999-03-19,F,Poland
STU7751D6,2000-04-18,F,Poland
STU2A9B88,1995-03-10,M,Estonia
STU59E226,2002-06-06,Other,Sweden
STUA5FB11,1995-12-13,F,Italy
STU702513,1999-12-07,M,Poland
STU57CC53,1998-11-23,M,Estonia
STU2EB6C6,2001-04-15,F,France
STUAEEEC0,1995-11-21,M,Estonia
STUFC0273,1999-03-06,Other,Italy
STU7AE8E4,1997-03-02,F,China
STU913A60,1998-04-23,M,USA
STU0F13B0,1995-07-06,M,Lithuania
STUBE2B78,2000-01-09,F,Latvia
STU6EE10B,1997-08-16,M,France
STUBA5C47,2000-08-23,M,India
STU3533A5,2005-05-14,Other,Italy
STUA8B228,1997-12-14,F,India
STU4D8D9E,2005-11-10,Other,Estonia
STU2A017C,2003-09-08,F,India
STUDE960C,1996-10-20,M,Norway
STU5BD0C1,2002-04-15,F,Sweden
STU398FF2,1995-07-06,F,Estonia
STU6A3DCB,1998-08-16,M,France
STU83ACCC,2000-08-27,F,France
STU24E7CA,1996-06-07,Other,Sweden
STU73FE82,2001-01-17,F,Lithuania
STU60C34E,1999-09-20,Other,France
STU9E9224,1995-11-03,Other,Italy
STUB27693,1996-05-25,Other,Sweden
STU337393,2003-08-07,F,Latvia
STUA81066,2004-05-11,F,Poland
STU6FBEC9,2003-10-22,M,India
STU41CEF7,1998-05-20,Other,Spain
STU98C586,1996-12-13,F,Italy
STU79095D,2000-12-01,Other,Spain
STU36EEED,2005-02-01,Other,Spain
STUF8AB4C,2003-09-17,M,Estonia
STUCC2F94,2000-07-07,F,Estonia
STU2E3895,2002-04-24,F,China
STU071CDC,2002-09-19,Other,Latvia
STU2D7DBD,2003-01-04,Other,Sweden
STU091363,1997-03-07,M,France
STUFE4ECB,1997-02-04,Other,Germany
STU5EB251,2000-04-09,M,France
STU13FE86,1999-05-21,F,Lithuania
STU1E9179,2002-03-25,M,Poland
STU842E51,1996-03-11,Other,Sweden
STUCE9CFF,2001-08-28,Other,China
STU55D6AD,2000-07-04,M,Spain
STU3AC14E,2004-04-23,F,Spain
STU4022D4,1995-02-19,M,China
STU9FC519,2001-04-07,Other,Italy
STU3609AF,2004-08-25,F,Norway
STUD45E15,2002-09-20,F,China
STUB9E055,2005-08-23,F,Poland
STU7A7BF1,1997-08-27,F,Italy
STUBF4780,1996-05-23,Other,Germany
STU1F8BA9,1999-12-27,M,Lithuania
STUFE27E8,1995-10-14,Other,Lithuania
STUD2C530,1995-05-03,Other,Poland
STUDA9405,2005-04-14,F,Germany
STUCFD86D,1995-07-13,F,Poland
STUF6EBD6,1995-03-25,M,Poland
STU3320C2,1996-12-15,F,Italy
STU794549,1996-11-26,Other,Latvia
STUB15C58,2005-09-27,Other,Spain
STUF5499B,1999-08-15,M,Poland
STU92D4AC,1995-02-03,Other,Lithuania
STU47FC5B,2001-01-01,M,Lithuania
STUC57E15,2003-06-19,F,Spain
STUF905A3,2002-01-13,M,Germany
STU553A72,1999-06-12,F,Poland
STUA34934,2004-06-03,M,China
STUCA138B,1997-03-21,M,Sweden
STU93455C,2001-06-02,Other,Latvia
STUC352F5,1995-02-16,Other,India
STU355154,1995-11-23,F,Sweden
STUDC1616,2004-12-10,Other,India
STU043185,1995-05-11,F,China
STU87DD6F,2003-09-09,F,Poland
STU4CC460,1999-11-07,F,Poland
STUD76EB4,1997-01-02,F,India
STUB50379,2000-12-27,M,Italy
STUFE94F8,2003-03-24,Other,France
STU7F8E90,1998-07-11,F,Latvia
STU5807B1,2000-12-18,F,Estonia
STUA0F44E,2002-11-09,F,China
STUCE343B,1998-01-05,F,Latvia
STU765721,2004-02-03,F,India
STUEBC6A9,1999-06-28,F,Poland
STU2728DC,2005-09-11,M,Germany
STU82B344,1995-06-09,M,France
STUAF7632,2003-04-25,F,Italy
STUBD0066,2005-12-15,F,China
STU2A8638,2003-03-11,F,Poland
STU2A03D7,1998-12-28,M,Poland
STU2D6523,1999-11-14,M,Norway
STU18228D,2002-09-28,M,Latvia
STU295B31,1999-04-20,Other,Spain
STU5C670A,2004-06-27,Other,Norway
STU06D269,2003-05-15,F,Italy
STUEC2DA7,1995-06-10,F,Sweden
STU1CDC05,2002-05-26,F,USA
STU3E248D,2000-04-03,M,China
STU08E1AC,2003-07-16,Other,Germany
STUECFEAA,1998-07-06,Other,Norway
STU89C832,2005-09-09,Other,Germany
STU69AF40,2005-04-27,F,USA
STU5A7B8C,1999-01-11,Other,Poland
STU3EB23B,2002-12-03,F,Italy
STUE9A399,2002-11-28,M,Germany
STU93085D,1997-09-07,F,Poland
STUDA4F38,1998-09-04,F,Germany
STUEE5279,1995-11-25,M,Germany
STUF87EF5,2003-08-22,M,USA
STU05F2DC,1999-12-01,M,Sweden
STU9071B7,1997-08-21,F,Sweden
STUEA5A08,1997-10-12,M,Germany
STU2FB05B,1999-03-20,M,Germany
STU89BA58,2001-08-09,Other,Italy
STU12F10A,1997-12-02,Other,Germany
STU082D5B,2001-11-26,M,Norway
STU6311ED,2000-10-28,Other,India
STU5E4B7E,1996-08-25,Other,Spain
STU295EC6,1996-02-14,M,Poland
STU01AB49,1997-05-24,M,China
STU8CBBAA,1998-07-02,M,Sweden
STU2F075C,1995-09-05,F,Latvia
STU674890,1996-06-26,Other,Norway
STU483677,2000-12-17,F,Estonia
STU75EAE3,2003-08-12,Other,Italy
STUA6B140,2005-03-17,M,China
STU8254D9,1995-11-23,Other,Spain
STU27754C,1996-10-20,Other,Spain
STUB39BA5,2003-10-13,M,Italy
STUB5EA1F,2000-03-08,M,Spain
STU5C4369,1998-06-17,Other,Sweden
STU96E527,1997-07-17,F,Lithuania
STUEACB55,1998-09-11,Other,China
STU49F592,1995-05-09,Other,Sweden
STU521152,2005-01-04,M,Poland
STUB50461,2001-11-07,M,Estonia
STUD84E6E,1995-01-02,F,USA
STUBFB437,1997-02-20,Other,USA
STU6793C5,2003-11-19,M,Estonia
STU6220A8,2001-12-24,M,Norway
STU03A8E8,1998-04-04,M,Italy
STUFD109F,2001-12-24,F,Poland
STUF05B5F,1999-03-02,F,Germany
STUEB609B,1996-05-25,M,Germany
STUFB8365,1999-10-19,Other,Latvia
STUE5079C,2003-10-08,Other,France
STUABF70A,2005-03-04,F,Poland
STU64AC61,2005-02-11,M,Germany
STU3AF6EC,1998-02-06,Other,USA
STU44C58A,1999-02-26,F,USA
STU3F2DD2,1997-08-16,F,Italy
STUBCE5C0,2005-06-26,Other,Germany
STUCDF44D,2000-04-25,M,France
STU5F30E1,1997-06-28,F,India
STU376E64,2002-06-19,F,Norway
STU8C8096,2001-03-10,Other,Germany
STU9BA5DD,2004-09-20,F,USA
STUB5B96C,1996-09-15,F,Germany
STUBD6263,2003-09-22,M,Latvia
STU9924A5,1996-08-02,M,Sweden
STU263E23,1997-05-11,Other,Italy
STU925009,1997-03-10,Other,Spain
STUF8F9DB,1996-07-28,F,Germany
STU71E281,1995-09-08,Other,Latvia
STU18ECA9,2003-09-10,Other,USA
STU2609DC,2001-02-22,M,Latvia
STU88592D,2001-03-06,F,China
STU44E747,2005-06-20,M,Estonia
STUDD0B70,1999-01-26,Other,Sweden
STU0A497F,2001-10-27,F,Germany
STUB17F44,2000-01-28,F,Italy
STU7A06A7,2001-11-05,Other,Norway
STUEDF9F2,2000-06-19,M,Spain
STU7A3D41,2003-05-04,Other,India
STU225F50,2001-03-04,Other,Latvia
STU54836D,2000-12-22,Other,China
STUD93D87,2005-02-11,F,USA
STU05276D,1998-09-17,F,China
STU42FB83,2001-10-21,F,Italy
STUC82BD9,2005-04-17,F,Norway
STUFB6788,1998-07-11,Other,Germany
STU6C5B37,2002-12-14,F,Poland
STU92C547,1996-12-07,M,India
STU2458E6,2002-07-25,M,Italy
STU6D0A8F,2005-12-17,Other,Sweden
STUE554BD,2000-12-23,M,France
STU9BA147,2003-08-02,Other,Norway
STU08077E,1997-09-21,F,Lithuania
STU7CC69B,1996-01-14,F,India
STU2200B6,2001-05-28,Other,USA
STU5D6746,2000-11-09,M,Italy
STUCBBDA8,2001-01-06,M,India
STU3E1C22,2005-02-17,F,Spain
STU11E422,1997-09-27,F,India
STU73A1BD,2001-06-18,Other,Lithuania
STU7F134C,2005-12-20,M,Italy
STUA1CF8E,2005-04-17,M,Italy
STUDBD877,2005-04-09,F,Italy
STU8AA61C,1995-04-05,F,India
STU5E8C7E,1995-04-01,F,Lithuania
STUE2C507,1998-01-18,Other,China
STUCE4B5C,2005-06-21,F,India
STU429B16,2005-03-08,Other,France
STUFD6380,2003-10-17,M,China
STU500A96,2002-11-25,F,China
STUF5DB58,1998-09-19,F,USA
STU1A248F,2001-01-17,Other,China
STU078C32,2002-11-23,M,India
STU21A85F,2005-07-11,F,Norway
STUDBEF6A,2002-05-14,Other,Lithuania
STU4F5A2F,1996-11-03,Other,Lithuania
STU8FF25B,2003-05-07,Other,India
STU61EC26,2004-01-28,M,Sweden
STU35440B,2005-11-08,F,Latvia
STU2DD4DA,2002-06-04,F,Sweden
STU0C8354,1995-01-05,F,Spain
STU2D0EE1,1995-01-20,F,India
STUE5B580,2005-09-21,F,Lithuania
STU5F0C81,1998-11-24,F,France
STU7E908B,2004-10-24,M,India
STU7C6E29,2004-06-24,Other,France
STU713037,1995-02-15,F,France
STUAF8997,2004-06-01,M,Italy
STU1A5557,1999-05-20,Other,Germany
STU3F0FA0,2000-04-24,M,Italy
STUD23FA7,2003-12-28,Other,Poland
STU40275B,1998-06-12,M,Germany
STU7E1E44,2005-07-26,Other,France
STU01CCB7,1995-01-18,Other,India
STUDC1B95,1998-09-22,F,Italy
STU60C21D,2000-10-26,Other,USA
STUC41ED8,2001-09-27,M,Sweden
STU8F29D8,2005-07-14,F,Spain
STU890472,1995-07-15,M,Latvia
STUAF6545,2002-06-02,M,Norway
STU266744,2003-08-21,M,Sweden
STUC4775E,1997-02-18,F,Latvia
STUEB8D74,1996-08-15,F,Italy
STU3985BB,2000-09-10,Other,India
STU864DBB,2004-02-03,F,Sweden
STU0761F3,1996-08-08,Other,France
STUA0BC8A,2002-05-06,M,China
STUB164D4,1996-10-20,M,France
STUF2367A,1998-02-12,M,USA
STUC8F8E3,2004-08-02,F,Poland
STUB79A71,2005-12-02,M,USA
STUFF1B6B,1995-03-21,M,France
STU977FBE,2004-03-12,M,Estonia
STUC0BD61,2001-02-18,M,Lithuania
STU25847E,1998-09-14,M,Latvia
STUAE6EC8,2004-09-04,Other,Estonia
STU806FF7,2004-10-25,M,Germany
STU4C9ABF,2003-05-28,M,Lithuania
STU55EBEF,2002-09-28,M,Sweden
STUEFE002,2005-11-20,M,Poland
STU227E85,2005-04-06,F,China
STU8B8F2F,1996-10-26,M,Lithuania
STU5F13BC,2005-01-22,M,Germany
STU0457F2,2000-10-23,M,Sweden
STU386713,1998-04-28,Other,France
STU49C5D8,2000-04-24,F,Germany
STU32941B,2005-02-01,F,Italy
STUF77346,2003-12-20,M,Poland
STU911DED,2004-09-08,M,Lithuania
STU39734D,1998-01-24,Other,Italy
STUBDD6EA,1997-08-01,M,France
STU1C94F3,1999-12-03,Other,USA
STU5CFC65,1999-05-25,M,India
STU055905,1999-04-17,Other,Lithuania
STUA7CAC0,2002-06-12,F,India
STU359D0E,1995-06-25,Other,China
STU8ADD70,2005-06-22,Other,Italy
STU33727B,2003-07-27,F,France
STU97D405,2000-03-13,F,Sweden
STU13DB95,2000-01-16,M,China
STU5018DA,1998-02-26,Other,Spain
STU3B35C7,1999-02-20,M,USA
STU40B60D,2001-03-18,Other,France
STU476542,1999-09-08,F,Norway
STUF29E60,2000-04-23,M,France
STUDDB370,2003-01-17,M,Lithuania
STU659369,1997-07-05,M,USA
STU8BCC23,1998-04-05,Other,Sweden
STU5B7932,1996-10-24,M,Lithuania
STU780D84,1995-03-02,F,Estonia
STU1D8DBE,1995-07-28,F,Norway
STU3C7DB7,1998-10-24,F,India
STU741002,2003-01-01,Other,Latvia
STU86CFF0,2005-02-24,F,France
STU529EB5,1999-02-24,M,Norway
STUBF5FC0,1995-08-06,Other,Spain
STUEB1B05,1995-12-18,Other,France
STU1F89A5,2001-07-14,M,Estonia
STU6CCA23,2003-02-19,Other,Norway
STUD914BE,2003-09-07,F,Latvia
STU07AFF7,2005-05-07,F,USA
STUA9DDAE,1996-08-14,F,Lithuania
STUF2DB25,1998-07-01,M,Estonia
STUD59B25,1996-10-07,M,Italy
STU7E7510,2005-02-05,F,Poland
STU7A5547,2004-09-03,M,Estonia
STU3735A7,2003-05-26,F,China
STU4C7150,2001-06-26,M,France
STU1604C8,2005-09-18,M,Sweden
STU20EF17,2000-03-07,F,Spain
STU559BD4,1995-05-02,F,Spain
STUED9F61,1997-06-24,Other,Germany
STU8C475A,2004-06-13,Other,Poland
STU4909A2,1995-04-12,M,France
STUC479A7,2005-02-12,F,France
STU4AC50F,2002-10-23,Other,Estonia
STU4BCCD0,2000-09-03,Other,Latvia
STUD2B00F,2000-12-01,M,Germany
STUD553C7,1995-09-07,Other,Estonia
STU30BABB,1997-02-03,F,Spain
STU0C3A70,1999-08-01,M,Sweden
STU0057B5,2000-05-04,Other,Spain
STU4EF4F3,2005-11-22,Other,France
STU309D94,1997-10-22,Other,Spain
STU1AD42E,2005-07-26,M,Poland
STUF36BC4,2002-11-14,Other,India
STU5ECED9,1996-10-16,M,Lithuania
STU5D72DF,1996-05-21,M,Poland
STU7966CB,1996-01-27,Other,France
STUBB469A,2005-10-17,Other,Estonia
STU2AA3F6,1995-11-11,F,Norway
STU663D79,2004-12-18,F,Latvia
STU7AF144,2001-05-27,Other,Estonia
STU17DA49,1995-08-20,F,Poland
STUA7D11E,2003-05-25,Other,Lithuania
STUA19416,1999-03-21,M,Poland
STU509A72,2001-12-07,M,France
STUC945D7,2005-01-04,F,Sweden
STUB0F2F7,1998-04-04,M,Estonia
STU6A70FA,1998-04-25,F,Spain
STUED417F,2001-02-16,Other,Latvia
STUAEBE96,1999-05-21,Other,Estonia
STUAFC0BC,2004-09-26,M,Italy
STUABAEDA,2003-08-10,Other,France
STUA4B513,2003-06-07,M,Germany
STUB3EB8B,1999-02-16,Other,Italy
STU5E90CC,2004-02-26,Other,Sweden
STU9438D9,1999-09-28,Other,USA
STU9E4827,2004-08-21,M,France
STU34B655,2001-12-25,F,India
STU731BEC,1995-01-04,Other,France
STUCB1906,2004-02-07,M,Norway
STUC61765,1995-10-21,F,Norway
STU9A811A,1997-07-05,M,Sweden
STU40315B,1998-02-11,F,Norway
STUDC639B,2001-02-12,F,France
STUA70646,1998-06-11,Other,Poland
STUE128BB,1998-07-09,Other,Spain
STUED93F3,2005-01-04,F,China
STU830AF2,2004-11-10,Other,Italy
STU81A5C4,1997-10-24,Other,Sweden
STUE5DFAC,2002-11-06,F,USA
STUD0AEBF,1998-05-21,F,Lithuania
STUBB571E,1996-05-20,M,Norway
STU0D39CF,2004-02-02,M,India
STU13115F,2001-10-28,F,China
STU66CE16,1999-11-28,M,Latvia
STUBAD19B,2004-01-13,F,Estonia
STU45DB65,1995-05-14,M,USA
STUFA96C5,2001-05-07,M,France
STU21A6C2,1999-12-20,F,China
STU0D21B2,2004-07-21,Other,Norway
STU3F1C1B,2002-11-27,M,Italy
STU2F3264,2002-07-02,F,Norway
STUC3092D,2005-01-01,Other,Poland
STU9CA480,1997-11-18,M,Lithuania
STU9667A1,1997-05-07,M,Latvia
STUA9E15C,1996-01-01,Other,Latvia
STUA30A32,1997-12-21,F,India
STU16D84B,1998-04-10,M,Sweden
STU2C8E02,2000-10-24,F,Norway
STU51EB19,1995-03-18,M,USA
STU562DF1,2001-03-22,M,Sweden
STU8F5C1B,2000-10-24,F,Sweden
STU4B8F9D,2002-12-20,Other,Norway
STUF7746B,1996-05-23,Other,China
STU7677FA,2005-07-17,Other,Italy
STUFDD1C1,2002-05-26,Other,France
STU4B43D0,2000-03-17,Other,China
STU04F3CC,2005-03-11,M,Latvia
STU6B23B4,1998-04-21,Other,Sweden
STU1C3382,2002-09-02,Other,Estonia
STU3017C9,1997-03-28,F,Spain
STU3421F2,2000-06-18,F,Estonia
STUDA82BB,2002-08-05,Other,Latvia
STU2234D8,2004-09-15,M,Italy
STU775603,2001-10-28,M,China
STU4FAC7D,2005-12-16,F,Sweden
STUDE9218,2003-11-13,M,Estonia
STUD05845,2003-05-21,M,Italy
STU3B1C20,2000-04-16,M,Latvia
STUF62F92,2000-09-07,Other,Spain
STU6A271D,2005-02-07,F,China
STU31E0A1,1995-04-23,F,Lithuania
STUCE685B,2002-11-07,Other,Norway
STUF7EFFD,2002-02-11,M,Sweden
STUF7C144,1996-04-21,Other,Lithuania
STUCFDD91,2001-05-20,M,Lithuania
STU82667B,1997-09-17,Other,Lithuania
STUF50440,2002-04-07,Other,Spain
STU0E3B78,1995-05-02,F,Norway
STU8B0431,2004-05-24,M,Sweden
STU58A208,1996-03-08,F,Italy
STU402084,1997-09-20,M,China
STU8139FB,2004-04-08,Other,Italy
STU26D64D,2002-06-24,F,France
STU132258,1999-06-27,Other,Germany
STU3BA0D4,2000-11-21,F,France
STU5660CE,1997-04-16,F,Germany
STU62D141,1995-05-08,Other,Spain
STUAF6F9F,1999-06-07,M,Spain
STU6AB8A6,2004-11-12,M,Estonia
STUEFDCDB,1999-07-18,F,Latvia
STU048EE1,2002-12-04,M,Estonia
STUE277A7,2000-01-08,Other,USA
STU86BD7E,2003-06-09,M,Spain
STU98E6B6,2001-07-12,Other,USA
STU15D8AE,1996-10-23,M,Germany
STUE7BCFC,1995-10-13,F,Norway
STU8CCB03,2005-03-04,F,Germany
STUD022C2,2000-11-14,Other,Italy
STU954E50,2002-09-18,F,Spain
STU3B7C6F,1999-08-11,Other,Italy
STU341319,1995-09-02,Other,USA
STUA3B718,2001-02-02,F,USA
STU3AA0F1,2002-03-14,Other,India
STU0372F1,2000-03-17,Other,India
STU24DC6B,1999-07-23,M,Italy
STUA38508,2004-07-11,F,Spain
STU80125A,2004-02-24,M,Italy
STU1E9E37,1996-01-14,F,Sweden
STU21CD1A,2005-09-18,F,USA
STU6A725C,2002-04-17,Other,Germany
STUD6ED3C,1997-07-11,F,USA
STU13CE8C,2004-10-26,Other,India
STU7B3B94,2004-04-07,M,Germany
STU53AD5D,2004-11-20,M,Poland
STUD53EA0,2000-03-08,M,USA
STU0B2434,1995-06-03,F,China
STUE5BD31,2001-11-12,M,Spain
STU912569,1999-04-03,Other,France
STUCEB7CB,2001-06-24,F,France
STU0C72C9,2004-10-27,Other,Latvia
STU2561AA,1996-07-27,F,USA
STUCA9346,2003-05-27,F,Germany
STUD36B58,1999-12-08,Other,China
STUE02BF0,1996-05-07,F,Sweden
STUE232A4,1995-04-09,M,Poland
STUD0288C,1999-07-06,F,Estonia
STUA21260,2000-05-04,M,China
STUECE9A2,2003-01-22,Other,France
STU811124,2004-04-01,F,USA
STU50B450,2000-04-09,M,USA
STU742A7A,1995-10-10,F,Norway
STU3B9D09,1999-09-01,F,Poland
STUB70778,1996-05-11,F,Italy
STU2D46F1,1998-04-19,F,USA
STUE75271,1996-06-21,F,France
STU575BFA,2001-01-14,F,Latvia
STUEF61C5,1995-09-07,M,Germany
STU296D61,1999-07-27,Other,Italy
STUACF1A4,1998-12-01,F,India
STU7164D7,1997-12-27,M,Estonia
STUAA168D,2004-06-11,M,Poland
STUDD5D01,2000-08-06,Other,Spain
STUCBECFE,1996-05-18,Other,Estonia
STU6B8E18,2002-11-11,F,Italy
STU7F4D0F,2004-07-17,F,Poland
STU3D3537,1998-09-19,Other,Germany
STU2248EF,2003-09-18,F,Italy
STUCB1338,2001-10-23,Other,Estonia
STU530223,1995-09-24,F,China
STU63CE2B,2001-10-27,M,Lithuania
STUA818DB,1997-09-21,M,Italy
STUC9F29F,1997-09-15,F,USA
STUFD2644,2002-06-13,F,Norway
STUBEE89D,1998-11-04,F,USA
STU591749,2003-12-09,M,Norway
STU600B24,1996-05-26,F,Estonia
STUA8864C,2001-09-11,M,Estonia
STUA88B63,2004-01-15,F,India
STUB71AED,2000-02-12,M,Lithuania
STU47083E,1998-06-02,Other,Spain
STUB33465,2001-09-14,M,Sweden
STU8C3634,2002-09-09,F,Estonia
STU607AD5,2001-05-03,M,China
STU8082D8,1998-06-22,Other,USA
STU1B09C3,2005-10-06,Other,Norway
STU3A7F19,2005-01-01,Other,Sweden
STU569A0F,2004-09-26,M,Poland
STUC53691,2004-03-20,M,Germany
STUEFD276,1999-06-01,F,Sweden
STU3E28A4,1997-05-18,F,France
STU180B2D,1999-10-25,Other,Estonia
STUA5003F,2003-02-28,F,Estonia
STUA23F42,2005-06-04,Other,Norway
STUC66F34,2002-05-08,F,Lithuania
STU5ECD12,1997-02-20,F,China
STUC31A13,1995-03-01,F,Spain
STU2016F0,1999-09-07,M,Spain
STUDCF38B,1999-09-14,M,France
STU43F52B,1996-06-25,M,Poland
STUE31C64,1998-09-24,F,Norway
STU3783CA,2005-05-04,Other,Norway
STU65BB76,1996-05-10,Other,Italy
STU55FF20,2004-01-26,F,Poland
STU7EC115,1998-09-09,F,China
STUD0A33A,2001-09-09,F,Latvia
STUF4D429,2001-02-14,M,France
STUDE6F45,2003-05-25,M,China
STU5EDB35,2003-09-20,M,India
STUB98687,1998-12-02,Other,India
STU2D0FEE,1999-05-19,Other,Latvia
STU14561F,1996-12-17,Other,Estonia
STU6DFF82,2000-09-04,M,Spain
STU9F58C9,2005-09-22,Other,USA
STU883707,2001-08-08,Other,Norway
STUDAAC18,2004-07-01,M,Latvia
STUCA9EB3,2001-12-01,Other,Norway
STU346195,2003-01-10,Other,Estonia
STU93CAB3,1995-04-07,M,India
STU2AAB78,2005-07-07,M,Germany
STU1A72EC,2005-06-21,M,China
STU82D8AD,2005-08-15,F,Estonia
STU4D589A,2003-04-22,F,Norway
STUF008C3,2005-02-08,Other,Lithuania
STUC9A95E,2003-09-12,Other,Lithuania
STU341A37,2003-06-09,M,France
STU8EFBA9,1995-02-28,M,China
STUB1A2A6,2003-03-16,M,Poland
STU85CDC4,2000-05-05,M,Germany
STUC7F1D8,2000-09-18,F,Lithuania
STU24BEEA,2001-06-15,M,Germany
STU639DD1,2005-05-09,Other,Italy
STU5F9F87,1997-01-19,Other,Poland
STU156539,1999-09-04,Other,Italy
STU44A7E3,1999-09-02,Other,Italy
STU8CDE16,2005-01-02,Other,Estonia
STU74BB6B,2003-06-03,F,Latvia
STU90E77F,2000-01-11,M,China
STUCD76BA,2004-04-11,F,Poland
STU44C069,1995-08-28,M,Norway
STU6BFDF9,1997-01-17,Other,Germany
STUCAC6C5,1997-06-15,F,Sweden
STU4F29D4,2000-11-27,F,USA
STUAAB3BE,1999-09-02,F,Spain
STU6050AC,2005-05-27,F,India
STUDBB6A3,2001-09-02,M,Spain
STU3262AF,1999-01-16,M,Germany
STUE1F88F,2001-11-15,Other,Germany
STUEE4830,2005-07-02,M,Latvia
STU60B97A,2003-01-27,M,Latvia
STUBB6A71,1996-05-11,Other,Lithuania
STU3209C9,2004-08-01,F,USA
STU3331B2,2003-03-10,Other,Latvia
STU2AE269,1996-05-19,F,France
STU6CBC25,1996-02-04,F,China
STU18673A,1999-10-25,F,France
STU447BD2,2005-10-28,F,USA
STUB625E4,2003-10-22,F,USA
STU301F90,1995-10-14,Other,France
STU44FBD3,2004-07-11,F,Italy
STU156BC2,2004-01-02,M,USA
STU0137C4,2005-09-01,F,Spain
STUD7541F,2000-01-03,F,USA
STU67F291,1998-05-17,F,Germany
STU2E8454,2004-11-22,Other,Poland
STUF2F9F0,1999-09-19,F,Latvia
STU537DBC,1998-10-01,Other,Lithuania
STU81863E,2004-01-15,M,Norway
STU7940FC,1995-03-20,M,Germany
STUC306B5,2003-01-27,Other,Poland
STU459241,1998-04-28,M,Norway
STUD469B3,2003-01-20,M,Poland
STU1B6F97,2004-02-28,F,Latvia
STUBD4EF1,2003-04-15,F,Spain
STU8D6E3B,2000-07-23,F,Poland
STU776242,2004-05-20,Other,Italy
STU49A046,2000-07-18,M,Poland
STU94B86F,1995-07-20,M,Latvia
STU21F2B8,2003-05-27,M,Spain
STUC873F5,2003-08-11,M,USA
STUA52302,2000-10-13,F,Germany
STUEB639B,1998-11-11,F,Sweden
STU923CA7,2002-10-12,M,China
STUD1503D,2003-04-15,F,Estonia
STU2E50A9,1997-12-19,F,Norway
STUBE4F85,1999-01-25,F,Norway
STU7978E3,2004-04-15,F,China
STU6A8D7F,1995-03-18,Other,Italy
STU41F388,2000-12-05,Other,China
STU072AB5,2003-01-02,M,China
STUBBF97C,1999-07-03,F,Poland
STUCC3869,1997-03-27,F,Latvia
STUA38EE3,1995-05-28,Other,Latvia
STU4A67C4,1999-10-12,Other,Poland
STU7210A8,1996-01-12,F,Estonia
STUCC5CB6,2001-08-24,M,India
STU41B18E,2003-08-18,F,Poland
STUC3D4DE,2003-06-13,F,China
STU2409C1,2005-09-17,F,India
STU684345,1998-03-24,M,Sweden
STU4667FF,1997-04-19,M,Sweden
STU0D8C27,2000-11-28,F,China
STUBADEB3,1997-05-28,F,France
STU9B947C,2005-04-17,M,Norway
STUE59BD8,2002-05-09,M,Poland
STUE2B17A,1999-10-11,M,France
STU89570F,2005-08-20,F,India
STU86ED1D,2002-11-27,F,France
STUC98C9D,1999-11-04,F,Lithuania
STU114A66,2002-10-22,F,Latvia
STUE8389D,2000-04-05,F,Sweden
STU28592A,1997-06-25,M,China
STUC62BF4,2003-08-23,M,Sweden
STUF3BCC2,2004-12-10,F,France
STU21BFC0,1997-11-21,F,Estonia
STU1158EE,2003-08-19,F,Spain
STU0DB2B3,2000-08-17,F,Sweden
STU7E9257,1996-02-25,M,Latvia
STUD005E4,1999-06-28,M,India
STUAEF681,1998-01-24,M,Estonia
STU75C2B0,2005-10-25,Other,Lithuania
STUC2DF09,1998-01-07,Other,China
STU8D39BD,2005-08-05,M,Estonia
STUF31D3E,2000-07-28,M,Italy
STUA33255,1995-06-16,F,USA
STU7F443A,1997-02-09,Other,Norway
STU4588EC,1999-03-03,M,Sweden
STU807DBD,2005-07-09,F,Norway
STU62BF19,2001-04-15,F,Lithuania
STUA4471A,2002-07-25,M,Sweden
STUE6D997,2004-05-05,M,India
STU04B922,1997-03-24,M,USA
STU1E96C0,2000-09-17,F,Germany
STUC6E288,2005-04-18,F,Poland
STU6C7782,2001-12-10,Other,Norway
STUCA226D,2004-09-21,F,Norway
STU1CF8AA,2005-05-01,M,Latvia
STUBD58F5,1995-08-14,Other,Poland
STU7C6BB6,1998-01-23,Other,Poland
STUE5FBB0,1995-04-11,F,USA
STU0C8513,1996-05-20,Other,USA
STU107561,2005-11-22,F,India
STU7D7F6D,2004-03-07,F,Poland
STU97BF98,1996-11-14,F,Norway
STUB77667,1999-08-26,F,Spain
STU238A7A,1996-04-21,M,France
STUF8C315,1996-02-16,M,Germany
STU855F44,2002-03-19,Other,India
STU8C7969,1998-06-24,F,Estonia
STUA51D7E,2002-04-05,Other,Latvia
STUA00795,2001-09-28,F,Poland
STU6DF865,2002-11-16,F,China
STU71C284,1995-03-26,F,Latvia
STUFAFFA1,1998-10-19,M,Germany
STU968C87,1995-07-22,M,USA
STU4A621C,2000-06-20,Other,Estonia
STUC95E01,1997-09-07,F,India
STU80B68E,2002-06-06,Other,Germany
STUADF704,1998-06-13,F,Italy
STU64B1AD,1996-12-11,M,Estonia
STUBBC9DF,1997-08-21,F,China
STUD82445,1999-02-27,M,Sweden
STUB17980,2002-06-17,F,Latvia
STU847BF9,2003-04-09,F,Germany
STU4B7CEB,2000-12-18,M,France
STUDC5432,1996-10-25,M,Poland
STU1EC19B,1996-07-17,Other,Lithuania
STUFDEA9D,1997-09-04,M,Italy
STUA3E372,2004-06-09,M,Italy
STU25DD32,1995-05-21,M,France
STU857CC0,1999-03-14,Other,Germany
STU10D73F,1995-05-16,M,India
STUE02912,1999-09-19,M,Latvia
STU1FA345,1995-05-28,Other,France
STU6CFA4E,2002-10-12,M,France
STU8FBB51,1998-04-02,F,Sweden
STU5A65BF,2001-07-02,F,Italy
STUF59A83,1997-04-14,Other,India
STU951606,2004-03-07,Other,Germany
STU97BFB9,1997-01-28,F,Lithuania
STUB8C050,1997-06-27,Other,Lithuania
STUCDDB27,1997-09-25,Other,France
STUE8C30D,2001-12-25,Other,Spain
STU133AFE,1995-06-08,F,Latvia
STU594DDB,2004-05-27,M,Estonia
STU84871D,2003-07-14,Other,Poland
STU046352,2004-09-13,F,India
STU9B8E80,2003-07-26,F,USA
STU3E32E0,2001-07-11,Other,China
STU47192F,1998-06-06,M,Latvia
STU3E2638,2000-08-23,M,Germany
STUC12B70,1996-11-05,M,USA
STU497FA6,2002-01-04,M,Estonia
STU9D1D8F,1997-11-21,M,China
STU34269F,2000-08-08,F,USA
STU0A8EE1,1998-10-08,M,Italy
STUF52E16,2005-01-03,Other,Germany
STU70E070,1997-08-22,M,Estonia
STU43A14E,2001-12-16,Other,India
STU996C3F,1995-04-04,M,Italy
STU032906,1998-12-16,M,China
STU77733A,2003-01-19,Other,Germany
STU42F9A6,1995-06-28,M,USA
STU8AB4B7,1998-08-22,F,Italy
STUDE5ACD,1998-02-05,Other,France
STU688DCF,2002-12-20,F,Spain
STU4DC0F2,1998-02-12,Other,USA
STU3BFB73,1997-02-13,F,France
STUEF7217,2005-05-24,F,Italy
STUB602EB,1995-11-15,Other,France
STU34A0A2,1997-02-16,Other,Norway
STUE4F345,2003-12-08,M,Lithuania
STU109055,2000-08-12,M,China
STU0270A1,2000-08-12,Other,Latvia
STUFC0C70,1998-07-10,Other,USA
STU12026B,1997-09-23,Other,Sweden
STU8D459A,2001-09-03,M,Sweden
STUA2D5CD,2005-04-01,M,Norway
STU59BA76,2005-03-04,Other,Germany
STUB8C343,2001-12-12,M,India
STUDEB96C,2000-04-18,M,Poland
STUFA92B2,2003-02-01,Other,Latvia
STUF2C834,2001-05-05,Other,France
STUE50FC7,2005-04-06,M,France
STU960D13,2002-05-19,M,India
STU187F24,2000-05-19,F,Poland
STUDB0088,1995-10-16,Other,Italy
STUE1676F,2003-08-24,F,USA
STUC61D52,2001-11-19,Other,Norway
STUF4D79C,2004-07-26,M,Latvia
STUC4B2F8,2002-01-20,Other,Estonia
STU9C80F7,1998-06-09,Other,Germany
STU7ADDFB,2002-07-05,Other,Spain
STUE0808B,1996-08-21,F,Lithuania
STU23810A,2002-08-05,M,USA
STU2963CF,1995-11-20,Other,China
STU73CDC5,2001-07-19,F,Poland
STU9D29B5,2001-03-02,M,Poland
STUE9CA6F,2000-10-04,F,Norway
STU8213C2,1998-02-10,M,Lithuania
STU6F1BEF,2000-10-13,M,Sweden
STUAD7C48,1995-06-01,F,USA
STU9CE805,1995-04-11,M,China
STU4500F1,2003-04-17,Other,Sweden
STUE4344D,1995-05-22,M,Lithuania
STUF5DF05,2003-02-19,Other,Germany
STUFD86B8,1997-11-05,Other,China
STUC8BC08,1998-03-27,Other,USA
STU681D34,2005-11-01,M,Sweden
STUEDCF6A,2000-06-13,F,Germany
STU702F56,1999-06-25,Other,Poland
STUACFD54,2004-08-06,M,Estonia
STU916264,2001-02-25,M,France
STU08FF21,1997-11-25,M,USA
STU5BF041,1997-07-04,F,Norway
STUF2D0B0,1998-04-13,F,Lithuania
STU296994,2000-04-17,Other,France
STUD7C0F4,1999-06-06,F,Estonia
STUFAE3A6,2005-01-21,F,France
STUC11F09,1996-04-06,M,Norway
STUF90D02,1996-06-08,F,Norway
STU52AC5C,2004-06-08,Other,India
STU3D794B,1999-12-11,Other,Italy
STU08B960,2004-03-18,Other,Poland
STUDCD544,2000-12-21,Other,Poland
STU2FC6D5,2000-05-16,M,Sweden
STUD3627D,2000-04-03,Other,Spain
STUCFFB40,1998-07-13,F,Germany
STU41FEB3,2005-01-08,F,France
STUB33D34,2001-02-05,Other,Lithuania
STU85AB92,2000-11-10,M,Estonia
STU7BEB17,1996-04-28,M,Germany
STUC06672,2000-11-11,F,China
STU46219D,1995-01-04,M,Poland
STU68F8EA,1999-11-11,F,Norway
STUF0CADE,2003-04-14,F,Spain
STU7EE1D2,2002-05-17,M,USA
STU907B56,2001-03-07,M,China
STU6C51B2,2004-11-18,F,India
STUCCB0F7,1996-09-24,Other,Estonia
STU7D3259,1996-09-27,Other,Sweden
STU2C52C2,1998-06-25,Other,China
STUF419FB,1996-03-26,F,Norway
STU816CAE,1995-05-24,M,Poland
STU808896,2005-03-09,M,Germany
STU79432F,2005-02-10,M,Estonia
STUD906F2,2004-02-23,F,China
STUD2DA35,2004-12-26,M,Poland
STUB15549,1999-02-28,F,Poland
STU83533B,1995-12-03,Other,Poland
STUCB989E,2000-05-02,M,Germany
STU77E841,1999-09-24,M,Sweden
STUF63D64,1999-03-01,F,India
STU3DE41F,2003-09-24,F,Spain
STU53A5C6,1998-11-06,M,USA
STUD932EE,1995-12-06,F,Latvia
STU006F8E,1998-10-15,M,Lithuania
STUF734B7,2002-04-09,Other,Italy
STU11A886,1998-09-22,M,Lithuania
STUD7745E,1996-04-28,F,Poland
STUF72BF7,1996-11-12,M,India
STU4CD3D5,2001-05-15,F,Sweden
STUD96AE2,2005-07-04,M,Estonia
STU7E5B39,2001-02-03,M,Norway
STUEC8CDE,2001-11-25,F,Norway
STU43BEED,1998-05-02,Other,Spain
STU50F93E,2001-02-26,Other,Latvia
STU5E07C4,1999-01-13,M,France
STUED2F00,2003-11-24,F,France
STUFAC19C,2001-01-27,M,Latvia
STU0415F2,1996-02-17,F,Sweden
STU5C4466,2000-01-07,M,China
STU21A37F,1995-08-16,Other,Germany
STU2B9B01,2001-12-03,F,Sweden
STU230414,2003-05-20,M,USA
STUC01580,1998-02-21,F,Norway
STUEC2905,2001-09-23,F,China
STUF89B54,2001-04-26,Other,Latvia
STU41A8F2,1998-05-18,F,USA
STU0E128D,1998-11-01,M,Latvia
STU99B22D,2003-05-10,F,India
STU24B3E7,2005-01-23,M,Italy
STU09792D,1997-09-09,M,Poland
STUDE833F,1997-10-12,F,Spain
STU314297,1996-04-27,Other,Lithuania
STU6FA13F,1998-06-06,Other,France
STUAC6D33,2002-03-21,M,Estonia
STUA1FA52,1995-01-25,F,Norway
STU3E744D,1997-09-22,M,Italy
STU6ADA21,1997-05-26,F,Germany
STUA26F13,1998-04-22,M,USA
STU55E05E,1996-04-06,F,Norway
STU4EB677,1998-05-05,M,Norway
STUB824F7,2001-12-19,F,Estonia
STUD87B64,2002-01-28,Other,Estonia
STU792EBA,2005-09-21,F,Italy
STUD601DE,1997-03-01,F,Estonia
STU27954F,2002-10-17,Other,Latvia
STU564F78,1999-11-24,F,Italy
STUDAB75F,1999-03-23,F,India
STU3680FD,1998-01-12,Other,Poland
STU835CD0,2001-04-24,Other,China
STU403312,1995-09-03,Other,Latvia
STU405551,1998-03-17,M,Italy
STUF7D263,2004-06-15,M,Sweden
STUBDD1DF,2002-07-22,Other,Norway
STU5F3487,2004-09-26,F,Sweden
STU341294,1995-06-20,M,India
STU1027DB,1997-11-15,Other,China
STUB43D6A,2002-03-17,Other,Germany
STUB16B90,1999-07-07,F,Latvia
STUAA136B,2005-06-23,Other,Spain
STU4A40B4,1997-02-02,Other,Latvia
STU65F9A8,2000-06-13,F,Norway
STU26B1C8,2001-09-01,M,Norway
STU41FBC5,2003-03-27,Other,USA
STU9A6D45,1997-07-17,Other,India
STU148426,2004-09-12,M,Italy
STU0E9F01,2000-11-04,Other,Sweden
STUFA6305,2000-08-22,Other,Poland
STUEEFBDD,2001-11-20,M,China
STU775E72,2002-03-28,M,Poland
STUA9678C,1999-12-01,F,Poland
STUE2B4F6,2000-04-12,F,Latvia
STU0703C9,1996-04-16,M,Germany
STUCBCFCD,2001-09-28,Other,India
STU6F7D38,2005-03-02,M,Italy
STU66884A,2003-03-02,Other,Spain
STU3BAEFC,2000-08-10,F,Poland
STU2AB7C5,2003-02-10,F,Estonia
STUB223EF,2005-06-22,Other,Lithuania
STUAB5C16,2002-12-03,Other,France
STUA243D7,1996-06-25,Other,Lithuania
STU87E8EF,1999-07-12,F,Germany
STU047A57,1996-02-18,F,China
STUC6E0B9,1997-09-23,Other,France
STUB2F163,1998-06-20,F,Estonia
STU9D1F7C,2005-01-07,F,Sweden
STU666E4D,2000-02-03,F,Estonia
STUD08170,2004-09-14,M,Norway
STUB10112,2002-11-17,Other,France
STU68CCBB,1995-04-04,Other,Lithuania
STUD4A8AA,2000-12-20,Other,Italy
STU9AF071,1998-03-12,Other,Lithuania
STU622CE9,2003-11-12,Other,Lithuania
STU2C9CD8,1999-11-05,F,China
STUFA647C,2002-03-14,Other,Sweden
STUA43C57,2001-09-05,Other,France
STU541D54,2004-05-26,F,France
STUDA7FE0,2001-10-06,F,Estonia
STU214280,2002-07-19,M,France
STUB95CE3,2001-11-11,Other,France
STU0B72F7,1995-04-25,F,Germany
STUACD8C4,2001-03-03,M,Lithuania
STUBE935D,1999-01-16,Other,France
STU6710A6,1999-04-16,M,Lithuania
STU2275AC,1995-04-03,F,Spain
STU952903,2004-02-05,M,France
STU5D11D8,1995-12-18,M,Sweden
STU1D9EFF,1998-08-13,M,Poland
STU59F956,2000-09-14,Other,Lithuania
STU5FF1F1,1999-06-03,M,Germany
STU3BF0B1,2004-04-04,M,Spain
STU9CB180,2002-02-18,Other,Spain
STU2AA3BC,1999-09-22,M,Lithuania
STUBC71F7,2003-07-24,M,Norway
STUF013CB,1995-02-05,F,Norway
STU91FCD3,2005-08-01,F,Estonia
STU70B04C,1999-02-09,M,Latvia
STUCC5E0B,1997-05-18,Other,Spain
STU43A0C2,1996-05-09,Other,Sweden
STUA9D884,2003-03-22,Other,India
STU74E7E1,1995-05-28,M,Poland
STU88C3EE,2003-01-22,F,Estonia
STUC1C527,1999-10-17,M,USA
STU4797EF,1995-11-14,F,Estonia
STUE0A2D3,2000-04-09,F,Estonia
STU64F421,2000-12-16,F,Italy
STUB5EBA4,1996-04-20,F,Lithuania
STU041DD6,1996-04-04,M,Germany
STUD47E64,1996-01-16,Other,Lithuania
STU2268B3,1998-03-10,F,Germany
STU7E16E5,2002-12-04,M,USA
STUB58EB7,1997-05-13,M,China
STU205393,2004-05-17,F,Poland
STU60E287,2003-05-19,Other,Sweden
STU38D338,2004-04-11,M,Germany
STU5404DA,2003-11-12,M,Poland
STU0A2DCC,1999-07-17,Other,Norway
STU00688A,2002-04-12,M,USA
STUE2C149,2001-12-26,Other,Sweden
STU3B4A3A,2005-07-14,Other,Estonia
STUFFD848,2001-02-15,Other,Lithuania
STUA8166B,1997-08-28,F,China
STU6245C5,2000-12-19,M,Poland
STUDBABC7,1995-08-23,M,China
STUD64E5B,1999-09-07,F,Poland
STU6D5992,2001-08-25,M,Poland
STUA1F0B3,1995-04-22,F,Norway
STU6F8C29,2000-07-12,Other,China
STUC6C93D,2001-11-20,Other,Italy
STU414465,2004-12-09,F,Norway
STUA76027,1998-09-27,Other,India
STUE09126,2005-06-06,Other,Germany
STU8BD12C,1996-10-15,F,Sweden
STU0DD683,1999-06-27,Other,Lithuania
STU2FA142,2002-02-20,M,Sweden
STU69058F,1999-06-15,Other,Lithuania
STU941E68,1995-03-09,F,Germany
STUE8D784,2004-06-22,Other,Sweden
STUDDF3A8,2001-09-01,F,Poland
STUAEADBA,1996-11-19,F,Norway
STU822737,1997-06-22,Other,India
STUB7304F,1999-09-15,F,India
STUE8360F,2001-02-06,F,USA
STUEF4884,2003-06-08,M,France
STUE44C5A,1995-12-25,M,Lithuania
STU0087E1,1997-04-26,F,Sweden
STU9728E5,2002-04-14,M,Italy
STU274B31,1996-08-03,M,Sweden
STUB9C2F0,1999-05-11,Other,India
STUDF1936,1997-04-14,F,China
STU24BCBF,2004-10-16,Other,Estonia
STUA1054D,2003-06-03,M,France
STU4500FD,2001-02-23,M,India
STUAE1D5B,2000-06-20,F,India
STUA6B550,2001-10-06,M,Poland
STU04DB2B,2003-04-27,M,India
STU020D0F,1999-03-28,F,Sweden
STUB40095,1995-04-12,M,India
STU1B5DBD,2003-04-16,M,Spain
STUEA943D,2004-02-17,F,USA
STUAADDF6,2005-09-14,M,Sweden
STUE77884,1996-11-11,Other,Lithuania
STU7A8F2C,1999-09-12,F,Latvia
STU015130,2002-05-28,M,Estonia
STU7ABB86,1995-01-24,M,India
STU59C7EF,1995-09-27,Other,Estonia
STU66A7E9,1996-05-02,Other,Estonia
STU930116,2001-05-13,F,France
STU91A8BA,1997-05-19,F,Poland
STUD75284,2003-03-28,F,Italy
STUAE3F8B,1999-12-07,M,Norway
STU01670A,1996-05-21,M,Norway
STUD24019,1999-08-21,M,China
STUCDCC1A,2000-08-09,Other,Estonia
STU447ADB,2001-12-09,F,Germany
STU572227,1998-07-13,M,India
STUE3CF62,1996-08-13,M,France
STU60F306,2002-01-06,F,Estonia
STU6E5F49,2005-11-09,Other,China
STUA5011A,1995-05-19,Other,USA
STUB27C56,2001-02-04,M,Norway
STU6D2AB2,1997-05-26,F,USA
STUBBBA45,2003-10-04,F,USA
STUB5DAB8,2001-06-08,Other,France
STUA2B55A,2001-02-27,Other,USA
STU7B9B31,1997-05-28,M,Lithuania
STU5037BF,1996-12-05,M,Germany
STU2D0C26,2004-09-19,Other,Italy
STUFC2AFF,2000-12-10,Other,Poland
STUF8D7E7,2002-03-13,F,India
STUCF688E,1998-02-22,M,Estonia
STUF2BE91,1998-05-02,F,Norway
STU82CB42,1997-02-03,F,France
STU3B4AD1,2000-11-21,F,China
STU82B942,1995-03-24,F,China
STU375766,2002-02-10,M,Sweden
STU8B403E,1997-01-24,Other,Sweden
STU35FE31,2005-04-03,F,USA
STU5C2FB3,2003-07-09,Other,Estonia
STU1123D7,2002-02-28,F,Spain
STU1B143D,2004-07-14,Other,USA
STUC7BCFE,2005-01-24,M,Estonia
STU264038,2003-07-15,Other,Lithuania
STUDCCD7C,2005-01-01,M,China
STU3AF78F,1998-04-02,M,France
STU669C69,2004-01-06,F,Norway
STUC7608E,2000-02-02,Other,Latvia
STU091B4D,2005-12-03,Other,China
STU0719EC,2005-04-20,M,Poland
STU66AC43,2005-06-10,M,Italy
STUBC5B80,2001-03-14,Other,USA
STUE453A1,2000-10-12,M,Estonia
STU9DAA5B,2002-06-07,Other,Latvia
STU932D42,2004-06-10,F,Sweden
STU74C4FE,2004-11-01,Other,France
STU1D2C2D,1996-06-17,F,Spain
STU576E7C,1996-10-12,Other,Lithuania
STUABBBED,1998-06-16,Other,Estonia
STUA59C9B,1995-07-06,Other,Germany
STU38C80A,1999-09-25,M,Spain
STUDDB863,2004-11-05,Other,China
STU2A12A3,2005-05-06,Other,Latvia
STU75B73B,2002-03-16,F,Italy
STU646680,1996-12-04,Other,France
STU5F1D7F,1995-03-27,M,China
STU1D7A9B,1995-12-16,Other,China
STUC4BB33,1998-02-21,M,Sweden
STUC95817,2005-06-06,F,Norway
STU53F869,2002-07-15,F,Spain
STU13CC90,2004-02-15,M,Lithuania
STUEA3C17,1999-11-08,F,India
STUD9B7F9,1996-01-23,F,Germany
STUE57517,2003-07-23,F,Norway
STU673CCD,2005-10-06,M,Poland
STU75376E,2002-12-24,Other,Sweden
STU12678D,1996-12-22,M,France
STU04A035,2002-12-27,Other,Latvia
STU975049,2003-03-10,F,Latvia
STUA227F2,1996-06-26,F,France
STUCE7DA3,1997-07-10,M,Estonia
STUE73403,2005-07-20,F,Italy
STU62C975,2004-02-12,M,USA
STUEE8B75,1996-07-03,M,Poland
STU932C71,1999-12-17,Other,Norway
STU8483DE,1996-12-19,F,Italy
STU42231C,1996-05-13,M,Spain
STU69437D,1995-12-28,M,China
STUEC986E,2005-04-16,M,Latvia
STU8B9FA5,2004-04-05,F,Sweden
STU5626FC,2001-06-05,Other,Sweden
STUC03B13,2003-06-08,M,Norway
STU9CBCB7,1999-12-24,F,Lithuania
STUD1930F,1996-12-09,Other,Spain
STU71D4A9,2001-07-22,F,China
STU7E8FB0,1999-12-14,Other,Lithuania
STUAB2033,1997-05-21,F,Sweden
STU0EFB2C,2001-12-09,Other,Italy
STU484848,1995-03-19,Other,Norway
STUA0CF47,1996-12-17,Other,Spain
STU5F0E6A,1998-02-20,F,Norway
STUB184B3,2005-03-08,F,Germany
STUC5ECBD,1999-09-17,Other,Lithuania
STU3216AA,2002-11-04,Other,USA
STU342D04,2005-07-08,M,France
STU285EE0,1997-10-03,Other,Italy
STU0B47C7,1996-07-17,F,Germany
STUDE2D82,1996-03-10,M,Estonia
STU3ED2E4,1995-11-17,M,Italy
STU2E531F,2004-11-15,Other,Spain
STU6FEB15,1997-05-18,Other,India
STU4A21CC,2005-04-22,M,Estonia
STU870C08,1996-06-19,F,Germany
STU076115,2004-07-18,Other,France
STU1BF4BC,2000-08-05,Other,Estonia
STUB59490,2003-08-06,Other,China
STU1B0D5B,2001-01-16,M,Latvia
STUC1EE89,2002-12-01,Other,China
STU60A26A,2002-06-05,Other,Italy
STU75B36F,1996-12-25,M,Germany
STU1F0C2F,2004-01-19,Other,India
STUF78178,2002-02-08,F,India
STUE36127,2005-04-18,Other,France
STU8B5B07,2004-06-17,M,USA
STUEEEEAF,1999-04-11,Other,France
STU056DF9,2004-08-22,Other,Germany
STUB94146,2002-08-19,M,Spain
STU75E13D,1999-06-28,M,Estonia
STU3A7D86,1999-09-08,M,Sweden
STU338299,1996-07-16,F,France
STU5D6E78,2000-07-18,F,China
STU1465C8,2004-05-13,Other,Italy
STU4EBBB8,2002-07-15,Other,Latvia
STU3EABC4,2001-12-24,M,France
STU252315,1995-06-18,M,China
STU30A47E,2004-01-20,Other,China
STU967945,2002-01-24,F,USA
STUC08A27,2001-09-07,M,Germany
STU8291BC,2002-04-22,F,Estonia
STU1B2290,1999-08-03,F,USA
STU747041,2000-12-11,M,USA
STU17FEF2,1999-11-02,M,Lithuania
STUFC6B86,2004-10-18,Other,Sweden
STU992E49,2001-11-24,Other,France
STU335EA3,2002-10-20,Other,USA
STUD7D332,1995-08-23,M,Norway
STUA1BBAA,1995-12-25,F,India
STUC42396,2005-05-27,M,France
STUB10C7A,2003-08-12,Other,Lithuania
STU199F6A,1995-12-06,Other,Latvia
STU82258B,1995-10-14,F,Italy
STU96DD21,2004-01-10,M,India
STUCD284F,1996-11-13,Other,Italy
STU2E267A,1996-07-07,F,Norway
STUD3684E,2002-03-01,Other,Estonia
STUE83C83,2002-10-04,Other,Latvia
STU39F46B,2003-04-14,M,Sweden
STUCC0064,1999-06-22,F,Estonia
STU989736,2005-04-20,Other,China
STU23287E,1997-02-13,M,Poland
STU513C8A,2004-10-11,Other,India
STU83EC45,2003-03-09,M,India
STU80E66D,2005-08-21,Other,India
STU34DB05,1996-12-02,Other,Spain
STUAE26AD,1995-01-25,M,Norway
STUD65BD2,2000-04-16,M,France
STUD29715,1997-03-16,F,Estonia
STU32C81F,1995-12-08,F,Germany
STU68FD68,2001-05-09,M,Spain
STUB9E76B,1997-08-18,Other,Italy
STUC5A4BB,2000-08-09,Other,China
STU99A2ED,2004-03-27,F,China
STUA376EE,1997-08-15,Other,Norway
STU994711,1998-01-22,M,Spain
STU8F503E,2001-01-08,M,Sweden
STUB723F8,2000-01-17,F,Italy
STUD9CDDE,2000-02-16,M,Estonia
STU1E00C0,2004-12-05,Other,Lithuania
STUFE1D05,2000-02-22,F,USA
STU1A27CC,2002-02-17,Other,Latvia
STUFBBF1F,2002-05-20,F,France
STU26D2F1,1997-04-04,Other,Poland
STUDD0F2A,1996-05-02,Other,USA
STUE5CF84,2002-04-04,Other,Poland
STU8E67FB,2005-10-24,F,Italy
STUC4851C,2001-12-17,M,Germany
STU074B4F,2001-08-01,F,Italy
STU402D76,2001-10-18,F,Sweden
STU36ED52,1998-05-17,F,Italy
STUC2BF67,1999-08-26,Other,China
STUF56080,1997-03-07,M,Spain
STU405F8E,1995-09-11,Other,Spain
STUEF77D3,2003-09-16,M,Italy
STUCA6A0C,2001-08-14,Other,Lithuania
STU26F33D,1997-01-07,F,Norway
STU83AB28,2005-03-26,M,Spain
STUA13D71,1996-03-06,F,Latvia
STU1A0592,1995-09-03,M,Latvia
STU00E86E,2003-09-26,F,India
STU8964F5,1995-04-10,F,France
STU22B826,2003-11-02,Other,Norway
STU3FEB0E,2002-04-25,Other,India
STU1F1988,1998-05-12,M,Sweden
STU5430DA,2000-04-11,Other,Sweden
STU158690,2003-12-11,Other,Sweden
STUFC51CA,2005-09-22,M,Latvia
STU4C06B8,2004-01-12,M,Italy
STU0FDCED,1997-07-25,Other,Sweden
STU903085,2001-08-13,F,Sweden
STUE6DEC3,1999-01-13,M,Lithuania
STUAC87F6,2004-04-01,M,Norway
STUD72DB1,1999-01-24,M,USA
STU0DD33A,2001-11-08,Other,Germany
STU9A335E,1999-10-09,Other,India
STU9D1732,1999-01-08,M,Spain
STU5D02E6,2005-04-17,M,Norway
STUCE2541,2005-08-09,M,Latvia
STUC5FCEA,1999-03-26,Other,Italy
STU311646,1996-08-21,F,Italy
STU034826,2001-06-13,F,Latvia
STU3038A9,2003-12-09,F,Estonia
STU947FAF,1996-09-03,F,Italy
STUC186FE,1999-07-08,F,Latvia
STU3C5D0F,1995-06-06,F,Italy
STUD9B888,2002-10-11,M,Norway
STUBAA889,1995-07-21,F,Estonia
STU6D713A,2000-03-25,Other,Norway
STU36FA7C,2001-02-13,F,Italy
STU312C27,1998-03-24,M,USA
STUDFDE43,2005-07-14,F,Germany
STU248D1B,2001-12-26,F,Poland
STUC26C3A,2004-11-15,F,Germany
STUE8A849,1996-12-24,M,Sweden
STU0AB29F,2001-04-11,M,Italy
STU67F71F,2002-01-11,Other,China
STU2EF08D,1996-12-24,F,Latvia
STUF53B2C,2005-08-14,F,USA
STUE02654,1998-05-06,Other,China
STU14968E,1998-04-05,M,India
STUDD626B,2005-11-17,M,Italy
STU4DA170,2001-03-16,Other,India
STU1CCDA3,1998-08-04,M,Estonia
STU18FE4D,1996-09-22,M,Lithuania
STU944D63,2001-01-10,F,France
STU42C84C,1995-10-14,Other,Latvia
STUB46582,1997-04-21,Other,Lithuania
STU2572BA,1996-02-07,F,Latvia
STUE6ECC3,1997-07-12,Other,Italy
STUBD2369,1996-03-18,Other,Norway
STU332250,2003-04-28,F,Latvia
STUA80C4C,1996-11-19,F,Norway
STU441A4D,1996-05-26,Other,Sweden
STU8B7FFB,1998-10-16,M,Estonia
STUA78606,1995-04-11,Other,Italy
STU2A24D4,1997-11-19,F,Lithuania
STU3838D2,2004-07-11,M,Poland
STUF09E54,2002-08-05,F,Spain
STUDCE230,1998-09-23,M,Germany
STU56FC42,2004-12-16,Other,Sweden
STU4E4BA1,2004-02-04,M,Poland
STU3F1B4D,2003-09-08,M,Sweden
STU3EA430,2000-12-18,Other,France
STU0EC696,1997-08-17,M,Latvia
STU339D92,1996-07-28,F,Italy
STU655911,1998-08-13,F,Poland
STU12ADD4,1999-02-18,Other,Lithuania
STU48093B,1996-04-16,F,Germany
STUC714D2,2000-09-16,M,Poland
STUCCF939,2001-08-04,F,India
STU6AD8A8,1997-03-24,F,Italy
STU9485EC,1999-02-02,Other,Italy
STU4DD805,2004-08-11,F,Latvia
STU6D9C6B,2000-12-10,M,Lithuania
STUF0B40F,2001-07-15,M,Germany
STU4F4A8C,1999-10-09,F,Spain
STU3D7E03,1999-09-26,F,France
STU85A03F,1997-01-23,Other,Estonia
STU026908,2003-11-22,F,Lithuania
STU0EEDCF,2004-08-17,F,India
STU9F8A2C,2005-09-07,Other,Estonia
STU352551,1998-10-06,Other,France
STUA262B8,1997-11-21,Other,Poland
STU194F0F,1996-03-21,M,USA
STUC23505,2001-03-19,Other,Spain
STU807BF0,2003-03-17,Other,Norway
STUC24F59,2002-08-18,Other,Norway
STU2D53EB,1998-02-08,F,Lithuania
STUF72841,1998-06-16,F,Spain
STUD75275,1998-10-23,F,Lithuania
STU9CF095,2005-04-28,Other,Norway
STU644DBD,2003-09-13,M,Lithuania
STUC417F1,1999-01-15,F,Poland
STUB0AE1E,2004-09-17,Other,Latvia
STU055C60,2001-07-08,M,India
STU05D2A5,2003-04-13,F,France
STUD22363,2001-11-07,M,USA
STUC064C5,2005-01-08,F,Estonia
STUCFA7B4,1999-07-15,M,Germany
STU4E4F42,2005-08-13,Other,Lithuania
STU300F98,2005-07-16,M,France
STU7DCB9F,2003-01-07,Other,Spain
STU771ABF,1999-12-07,Other,Lithuania
STU705D7B,2001-10-01,M,Italy
STUF2A86B,2000-07-09,Other,Poland
STU593A34,2001-08-06,M,Estonia
STU4B5B8B,1995-07-19,M,Germany
STU74D042,1997-02-18,Other,Latvia
STU75A16A,1995-04-22,M,Sweden
STU26F124,1998-02-01,M,China
STUDCD7CA,1998-09-18,M,Latvia
STU6EC277,2005-07-06,Other,USA
STU458297,2001-11-14,M,Estonia
STU9A0E84,1997-04-04,Other,Poland
STU9B1397,2005-03-06,F,Sweden
STU3A1A4C,2002-06-12,F,Spain
STUB29C8F,2003-04-16,Other,Spain
STU4DEABF,2000-08-20,Other,India
STU4803B7,2004-09-16,Other,India
STU6E1C20,1998-05-26,F,Latvia
STUB1328D,2004-04-20,M,Latvia
STUCDFFB7,2000-03-04,Other,France
STU7442CC,2002-10-26,F,Estonia
STUDF1B3A,2004-04-18,F,Estonia
STU5664FF,1998-09-07,Other,Lithuania
STU38DA2F,1998-09-12,Other,France
STU6B5F32,2002-12-05,Other,Estonia
STU6BE99F,2000-10-22,F,China
STUAAB0DA,1997-02-04,F,India
STU53C931,2000-09-12,F,Poland
STUE3C462,2004-08-17,M,France
STU4888F5,2003-12-04,Other,Estonia
STU3E7777,2005-12-27,M,Germany
STUA6DA26,2004-01-04,Other,China
STUF96557,1996-09-03,F,Lithuania
STU25E8A3,2002-11-05,Other,France
STUAB7A91,2003-09-07,M,Latvia
STU78FB9A,1996-01-02,F,USA
STU97725B,1995-06-22,F,Spain
STU985B17,2002-08-08,M,Estonia
STUE56DCF,2005-09-27,F,Poland
STU2319A5,1999-01-19,Other,Sweden
STU8E7DF4,1996-10-17,F,Spain
STUB6487C,1997-03-28,M,Spain
STUFE5E74,1997-06-10,F,Lithuania
STU2111E9,2003-02-08,F,China
STUB24C63,1997-12-16,Other,Norway
STUDAAB03,2001-12-08,M,Poland
STUC4C298,2005-06-03,M,Sweden
STU656F88,2001-06-04,Other,India
STU920C89,1998-01-14,F,Estonia
STUDE1EE1,1996-04-08,Other,France
STUA6B2A2,1998-12-10,Other,Sweden
STU66525C,1998-11-03,Other,India
STU4A1759,1999-08-13,M,Germany
STU29684E,1999-01-13,Other,Germany
STU6DC919,2004-11-07,F,Latvia
STU389252,2004-06-22,F,Lithuania
STUE12B3F,1999-08-22,F,Norway
STU5F396F,2004-04-06,M,Latvia
STUFB49C7,1997-09-23,F,Poland
STU4AB230,2003-11-18,Other,France
STUB31617,2001-10-11,Other,USA
STUF0C480,1999-08-04,M,China
STUA9EDFD,2001-11-17,F,France
STUF9B0B6,2005-04-14,Other,Poland
STUE31F14,1997-09-03,Other,Poland
STUC717AA,2002-04-22,M,Lithuania
STU4ECEC3,2000-03-22,Other,China
STUDCF5C5,1996-06-14,M,Norway
STUAD05D3,2003-12-07,M,China
STU094ACA,1997-04-26,F,Germany
STU525FED,2004-11-27,Other,Estonia
STUDD7680,1997-07-09,F,Sweden
STU5F0D46,2005-10-14,F,Lithuania
STU90B7BF,1998-01-03,Other,Italy
STUAE0B50,1995-08-21,F,Spain
STU01F408,1995-10-12,F,USA
STUD36707,2004-12-16,F,USA
STU4D0E2C,1996-05-07,Other,China
STU697C41,2005-12-14,Other,India
STUE2F9B6,1996-08-03,F,Estonia
STU3D7AC5,2005-02-26,M,Lithuania
STU76C8EB,1999-07-10,F,France
STUE86B61,2001-03-16,F,Poland
STUAAF2E0,1998-11-20,F,France
STU21695C,2001-07-20,Other,China
STUC632A4,1998-05-23,F,China
STUF5FAD3,1999-10-02,F,India
STUD01744,2002-06-06,M,Norway
STU0A2230,1997-05-18,Other,Sweden
STU3EB882,1998-02-22,M,Spain
STU34ACA4,1999-04-08,Other,Latvia
STUD7C900,1996-04-05,M,USA
STU31CC2A,1996-07-01,F,Sweden
STU4DF990,1997-07-11,M,Sweden
STU72F847,1999-12-01,M,Sweden
STUCEBE70,2003-05-01,Other,Sweden
STUC66CA5,2004-08-06,M,Italy
STU3E459B,2005-08-06,M,USA
STUFAFCF6,1996-03-04,M,Norway
STUC7EB7A,1997-07-25,F,Germany
STUCED723,2002-03-11,M,Sweden
STUBB4D52,1995-11-20,F,France
STUF91259,2002-08-03,F,Italy
STUBB4B64,1998-06-09,M,China
STUB6EF9F,1999-07-20,Other,USA
STU702709,1999-12-17,M,Italy
STU0DD5EA,2002-02-17,M,Latvia
STUACD62C,2002-09-03,F,Norway
STU2033D2,1995-10-16,F,Spain
STUE62C94,1997-10-24,M,Spain
STUDCF7C3,2002-04-05,M,Italy
STUD85B52,1996-05-25,M,India
STU8667DC,1998-12-23,Other,Italy
STU4755DA,1999-05-23,M,Germany
STUCEEE34,1999-01-17,Other,Sweden
STU6375E8,1998-03-17,M,Poland
STUDA9697,2001-09-25,M,USA
STUA2BE20,2001-09-17,Other,Germany
STUA6E2F5,2002-01-26,Other,Sweden
STUB3F321,2005-11-12,M,India
STU713712,1997-02-24,Other,Spain
STU4963D4,2001-01-17,M,Sweden
STU539AA9,1995-09-08,Other,Poland
STUA19A84,2002-05-21,Other,Germany
STU7C099C,2002-05-10,Other,Estonia
STUB4ADB0,2004-09-18,M,Sweden
STU1991FE,2003-12-18,M,USA
STU7F2EEF,1999-09-28,Other,France
STU8F4231,1997-07-06,Other,Italy
STUF57646,1995-05-03,M,Latvia
STU5E5627,2000-06-13,F,Norway
STU43414F,2001-02-01,Other,Germany
STU3F10FB,2003-09-08,F,Sweden
STUEB7A77,2004-01-20,M,Sweden
STU4092AA,2004-06-11,F,Italy
STU959F4F,2005-07-24,M,Spain
STUFB68CF,2000-03-11,M,Sweden
STU925575,1996-06-19,Other,India
STUB0F5C7,1997-07-17,M,India
STU4229B1,1995-06-21,F,Germany
STUB32744,2000-01-14,F,Latvia
STU6C3438,1995-04-21,F,Lithuania
STU1B663E,1997-07-11,M,India
STUDE94E4,2001-04-11,Other,Spain
STU42AE48,2002-04-22,M,Spain
STU7C74CB,1999-03-27,Other,Lithuania
STU0E067A,1995-01-23,F,Norway
STUA44B07,2001-07-20,Other,France
STUAB12AB,2000-10-26,M,Sweden
STU416120,2003-01-18,F,China
STUA2BAF5,1998-01-24,Other,Lithuania
STUE4DE85,2004-11-11,M,Spain
STU9E321F,1998-07-07,M,France
STU3C1925,2000-05-21,F,Poland
STU4F04E5,2000-03-06,Other,Italy
STU47C5B1,2000-06-04,Other,USA
STU898905,2001-08-11,F,Norway
STUA3BE50,2001-02-14,F,India
STU7F0A4A,2003-01-25,F,Germany
STU182155,2005-02-25,M,Lithuania
STU847439,2005-01-14,M,Poland
STUA0EC78,2003-03-07,F,Latvia
STU7A582D,2001-04-13,M,India
STUA0498A,2003-08-18,Other,Spain
STUA055C3,1996-11-09,Other,Latvia
STU9ECAC4,2004-01-10,F,Estonia
STU6749F6,2000-03-14,F,Sweden
STU97C297,1999-06-15,M,USA
STU4A8033,1997-12-26,F,USA
STU8BB91D,2004-02-10,Other,USA
STU193401,1995-05-02,F,France
STUE8B629,1996-03-16,M,Spain
STU184909,1999-06-02,Other,China
STU0EB311,2000-07-23,M,Italy
STU29AB4A,1998-11-17,F,Norway
STU663B45,2001-03-07,F,Germany
STU4930C1,1997-09-17,M,USA
STUC21E94,2004-07-21,M,Norway
STUF24F6F,1996-04-11,F,Estonia
STUEAA9FB,2005-07-14,Other,India
STUAED495,2004-05-08,F,Sweden
STU1129F1,2004-06-23,Other,Poland
STU586593,1998-10-10,F,Italy
STU2498D9,2004-05-08,F,Estonia
STU73025C,2001-08-15,Other,Norway
STUCF4980,2005-04-15,M,USA
STUCF8664,2000-03-23,F,Spain
STU72EF0C,1998-01-21,Other,Lithuania
STUAC8B95,2001-03-28,F,Norway
STU17B042,1997-11-15,M,Poland
STU91C55C,2005-04-11,Other,Sweden
STU2DB6E7,2004-05-27,F,India
STUEF8545,1996-03-14,F,Spain
STUCE3161,2001-06-02,F,India
STUE9F472,1998-04-04,Other,France
STU5C6061,1995-08-09,Other,China
STU6E724A,1995-01-14,Other,Spain
STU6D0A0C,2005-03-14,M,Lithuania
STUFD4D2B,1997-11-04,Other,Germany
STU35A791,1998-01-19,M,Latvia
STU55A7B7,2001-02-06,M,Latvia
STU8047EE,2003-06-18,M,Lithuania
STU77DE38,2001-06-13,Other,Spain
STUA1D8C6,1998-12-28,F,Spain
STUB8A930,2001-09-28,F,India
STU710F68,1998-01-21,M,USA
STUB19F6A,1999-02-23,Other,Latvia
STU10041C,2001-06-16,M,Spain
STU4A31DF,2001-05-27,M,Spain
STU3CDE42,1995-12-13,F,Italy
STU1533B4,1995-10-24,Other,India
STUFD654F,1996-10-23,F,Italy
STU35A335,2000-06-21,F,India
STUA96A12,2005-10-27,M,France
STUA5A7B2,2002-07-25,Other,Sweden
STUCCB464,1998-10-02,F,India
STU6635AD,2001-06-05,Other,Italy
STU0D9723,1997-07-07,F,Estonia
STU94FA5A,1995-05-07,F,Germany
STUC4D9FE,1995-08-12,F,Norway
STU74A998,2001-07-03,M,Lithuania
STUED3F1B,1998-01-28,F,USA
STU69EE3E,1995-02-19,F,Sweden
STU378753,2002-08-07,M,China
STU4335A4,2003-09-09,M,China
STU03CFD0,1997-05-16,Other,Estonia
STU6EA618,1998-01-13,Other,USA
STU7B0962,1997-10-01,Other,Italy
STU1F7641,2000-05-22,M,Latvia
STU512218,1996-03-18,Other,Italy
STU7DC556,2003-03-19,F,Spain
STU8BE21A,2003-01-01,M,France
STUD2C6D4,1996-12-06,F,India
STU2A21CA,1995-04-11,F,Germany
STU02560D,2000-11-21,Other,Latvia
STUB32308,2000-11-28,Other,Italy
STU0CD155,2003-01-27,M,Spain
STUDF3351,1997-07-09,F,Norway
STU7A218F,1998-10-18,F,Norway
STUF4B701,1995-10-16,Other,France
STU06A33E,2003-12-14,Other,India
STUC68EE9,2000-04-04,M,India
STU968690,2005-09-21,F,Italy
STUB94C39,1997-08-20,Other,China
STU540A2E,1998-07-13,M,Italy
STU933B82,1999-09-21,Other,USA
STU05088F,1995-02-21,Other,Lithuania
STU57510C,1998-12-03,F,USA
STU619D4D,1999-11-17,F,Lithuania
STU6BB726,1999-02-26,Other,USA
STU47378F,2002-12-15,Other,Sweden
STUB2CE7B,1998-01-15,Other,Poland
STU515B2D,2003-01-13,F,Estonia
STU88F651,2002-04-07,Other,Latvia
STUCF62F5,1996-05-22,M,Italy
STU4ED785,2005-12-20,F,Spain
STU0574A6,1998-06-24,M,Poland
STU7D031E,2000-06-26,M,France
STU043149,1996-06-24,F,Norway
STU45381B,2004-03-21,F,Latvia
STU29D53E,2005-12-11,M,Lithuania
STU846829,2004-03-06,F,Sweden
STU05F823,2000-11-17,M,India
STU14C3C4,2005-11-08,Other,Latvia
STU3164A3,1996-05-10,Other,Spain
STU170DCD,1997-09-20,F,Italy
STUE482EF,2002-10-04,Other,USA
STUC11473,1995-06-07,Other,Spain
STUF9F568,2002-12-26,Other,China
STU94D4E9,2000-11-04,M,Germany
STUCCAF1F,1997-12-19,F,USA
STUBC3879,2004-04-26,F,USA
STU15DC6C,2001-05-14,M,Lithuania
STUDB99A5,2000-07-28,M,France
STUADB35C,1996-01-26,F,Latvia
STU1D6603,2003-07-17,Other,Sweden
STU4CF4DC,2000-08-03,Other,France
STUF43B75,2001-09-09,Other,USA
STU47957C,2002-03-17,Other,Sweden
STUBE6A54,1998-01-18,M,Germany
STU5CE4FF,2005-11-03,Other,Sweden
STUE2691A,2002-11-08,Other,Estonia
STU049C95,2002-02-26,M,China
STU9AC6A9,2005-07-07,F,USA
STU47471A,2002-03-16,M,Lithuania
STUE58A60,2005-02-10,M,Latvia
STUDAB8EA,2000-01-21,F,Lithuania
STU75FCB2,2003-06-26,M,Norway
STU8FAF90,2001-08-11,Other,Poland
STU690E33,2005-11-13,M,Lithuania
STU381317,1997-08-21,F,Estonia
STU1F869B,2003-09-26,F,Spain
STUA23391,1998-11-19,F,Poland
STU72C472,2004-04-22,Other,Poland
STUCC11E5,1995-08-18,Other,Germany
STU60B0FF,2003-04-14,F,Estonia
STU723F4C,2001-12-23,M,Germany
STU8BA1D2,1995-11-16,Other,Italy
STU7E255C,2004-08-01,Other,Spain
STU79E38F,1997-02-09,M,Latvia
STU725449,1996-11-18,F,Spain
STU4F84C6,2004-08-23,Other,Lithuania
STUABD391,1996-08-23,F,Lithuania
STU214811,1998-10-28,F,Germany
STU48048C,1997-04-09,M,USA
STUC82CDA,2005-02-26,F,France
STU508318,1998-09-02,M,Norway
STU235752,1997-11-27,Other,Germany
STU931982,1998-07-12,Other,Norway
STU2CF1D0,2004-09-19,M,France
STUE6DFA5,2001-09-11,F,India
STU5230EF,1999-10-06,M,Sweden
STU90A527,1995-05-06,M,Norway
STU1FA8A2,1997-06-24,F,India
STUA79775,1995-02-09,Other,Sweden
STUF70F74,1996-03-15,M,Spain
STU87C070,2004-01-11,M,Sweden
STU985290,1997-07-03,F,Norway
STU8145E7,1996-11-08,F,Spain
STU806C10,2003-11-19,Other,Lithuania
STUF29860,2004-07-25,Other,Estonia
STUAE4AB9,2000-10-10,Other,Sweden
STU2CB26D,2004-07-05,Other,Germany
STU9A5BEB,1999-01-11,Other,USA
STU311077,1995-12-15,M,Sweden
STU4D6459,2000-07-03,M,Latvia
STUE8E525,2005-08-24,F,Lithuania
STU786919,2002-12-09,Other,Estonia
STU1FC152,2005-02-25,M,Italy
STU3E3C1A,2000-04-20,M,Poland
STU0A679B,2000-10-20,F,Spain
STU3B62F7,2001-05-08,F,India
STU4DA1A6,1995-11-16,M,India
STU0D33CD,1996-11-26,Other,Germany
STUAE6855,2004-06-01,Other,Italy
STU425BE7,1995-09-14,F,Poland
STU340BB2,1995-10-04,Other,India
STUB445ED,2001-06-02,F,USA
STU12D631,2005-10-07,Other,USA
STU73F748,2003-01-26,F,Lithuania
STU220A69,1999-05-06,M,Latvia
STUF35E56,2000-02-05,M,Spain
STUC59E30,2005-07-27,M,Sweden
STUC3FA5C,2000-04-07,F,Italy
STUCCAACC,2001-05-08,F,Estonia
STUC7B62A,1999-11-06,M,Norway
STU8897EE,2000-05-05,F,Italy
STU1BA977,1997-04-10,Other,India
STU8DD37B,2004-04-23,Other,Germany
STU0A13F9,1999-02-11,Other,Sweden
STUF30EBD,2003-09-02,Other,India
STUB5F689,2002-03-18,F,Sweden
STU4E9B98,1995-01-16,M,Latvia
STUF935F3,2003-10-26,F,Lithuania
STUE2AD2A,2005-11-04,Other,Lithuania
STU872241,2005-06-03,M,China
STU21A7D4,2000-02-23,Other,Poland
STU15D29A,2004-04-03,Other,France
STUF8C5B4,2000-01-10,M,Poland
STU05A83F,2005-06-17,Other,Germany
STU8FFF6E,1997-09-05,F,Latvia
STU1FCBBB,2000-08-23,F,Lithuania
STU7C2D1E,1997-10-18,Other,Lithuania
STU00AC1C,2002-12-27,M,Estonia
STU4E42FF,2005-06-14,M,Italy
STUE19694,1997-09-27,F,USA
STU2A2262,2005-07-05,F,Italy
STUB0647B,2005-09-03,Other,China
STUF4F9E4,1998-12-14,F,Sweden
STUF6EC66,1996-09-18,M,Lithuania
STU6D0506,2004-11-26,Other,Norway
STUA26E17,1997-05-12,Other,Italy
STU2C5D7B,2000-03-04,M,Germany
STUAECDE3,1996-06-12,F,USA
STU48C9F7,1998-02-22,F,USA
STU067B24,1999-11-01,F,Italy
STUBC18D8,2005-07-17,F,Norway
STU6FED0A,2002-06-27,F,Germany
STU0022D7,2001-10-04,F,Germany
STU9439D4,1997-11-19,M,Norway
STU007194,1996-01-13,Other,Norway
STU6708D4,2001-08-11,Other,Italy
STUD08F7A,2005-09-08,M,Poland
STU8A8D9E,1995-09-27,M,Germany
STUDC4ED0,1998-05-18,Other,Spain
STU362619,1997-04-13,F,USA
STU6A81E7,2000-02-22,M,Latvia
STU96C811,2001-06-20,Other,USA
STU8A6527,1996-08-24,F,Lithuania
STUF45ED0,2003-12-22,M,Norway
STUC3C5C3,2004-05-27,F,Sweden
STU5785D7,1996-04-02,M,Lithuania
STU2F66C1,1998-06-13,M,USA
STUC73134,1997-02-07,F,Lithuania
STUEB61B8,2001-05-16,M,USA
STUDC3B58,1995-11-21,Other,Italy
STUB0A2FD,2003-08-13,M,USA
STU11CAE5,1996-12-21,M,India
STU26C551,1996-04-23,M,Lithuania
STU11F3C1,2000-08-22,M,China
STU08C5B9,2000-02-20,F,Estonia
STU41417A,1998-04-16,M,Italy
STU1F5983,1996-04-27,M,Latvia
STUCCF0E6,2001-04-19,Other,Norway
STU99D8DD,2000-05-14,Other,Germany
STU29D9F3,1998-09-11,F,Spain
STU775153,1996-03-12,F,Spain
STU01F968,1998-05-02,F,Spain
STU170073,1998-10-26,Other,USA
STU36D102,1995-11-06,F,Italy
STU5A6BD5,2004-03-14,F,Italy
STU7C9EA7,1995-10-08,F,Spain
STUBF0481,1995-01-04,F,Spain
STU534C9A,2003-09-03,F,Norway
STUF6FF29,1997-11-05,M,China
STU42D4C5,1996-01-21,Other,Spain
STUFC2DA8,1997-09-08,M,Poland
STU5C45E4,1996-01-28,M,Estonia
STUB748F9,2002-05-16,M,China
STUE7A9BD,2004-06-14,Other,China
STU3AAB87,1999-07-21,Other,USA
STU5659CA,1999-08-23,M,Spain
STUD9B044,1995-08-26,M,Lithuania
STU33A748,2001-02-01,M,Latvia
STU1D83D0,1998-05-19,F,USA
STUB0982F,1995-07-21,Other,Poland
STUC2D751,2001-12-09,Other,Latvia
STU1193BE,1998-02-06,M,Lithuania
STU56EEBA,2001-09-03,M,Italy
STU217A4A,2003-08-17,M,USA
STU347FB8,2005-02-22,M,China
STU08E95B,1997-06-06,F,Lithuania
STU326C98,2001-11-04,M,Germany
STU5C64F8,2001-01-22,F,India
STU0C60D8,1996-05-24,M,France
STU9055D9,2000-09-14,F,Poland
STUB62FF0,1999-06-24,Other,Germany
STU20361B,1998-02-07,Other,Latvia
STU2C1775,1999-03-18,F,Spain
STU04C207,1998-04-01,F,Norway
STU61FB6E,1998-08-28,F,Spain
STUA9ED6D,1999-08-09,F,France
STU6B095D,2001-05-01,M,Spain
STUC2CA14,1995-06-27,F,USA
STUDEA44C,1999-12-03,M,Poland
STU74D433,1997-05-05,Other,Spain
STU38C54D,2000-11-20,Other,France
STUF6C19A,2001-02-02,Other,Sweden
STU0AED1D,1995-11-04,F,Lithuania
STUBDA7E4,1998-04-13,F,Sweden
STU89405F,2004-12-04,M,Spain
STU6B1BFB,2000-11-26,F,Estonia
STUC8B64C,1996-01-01,Other,Spain
STU8FF601,1998-02-13,F,India
STU7E6E2C,2000-12-25,Other,Estonia
STU4B9EBA,1995-07-06,M,Norway
STU421DD5,1995-10-24,Other,Sweden
STUCDAEA7,2002-11-19,F,Poland
STU5D5CA5,1999-04-23,M,Sweden
STUAFAB52,2000-12-17,F,Italy
STU6FC2F6,2002-11-15,F,France
STU2524FA,1999-09-04,Other,India
STU859553,2001-01-22,F,Poland
STU7CCC5E,2002-03-24,M,Italy
STU273F22,2001-07-07,Other,Sweden
STU5955DC,1997-08-20,F,France
STUE0FF0A,2005-10-07,M,France
STU97C0A1,1995-11-14,Other,China
STU37AA52,1999-09-26,F,Poland
STU95C9ED,1995-03-16,Other,Lithuania
STU29CB91,1999-10-07,Other,India
STU79451D,2004-07-27,Other,France
STU569C86,1996-02-16,F,USA
STU2CEAC4,1999-05-20,F,Lithuania
STU7CB71D,1996-04-13,M,Sweden
STU2C3694,1995-08-11,Other,Estonia
STU3EACEB,1996-02-26,M,Lithuania
STUDC93E4,1995-02-26,M,India
STU468A75,2003-04-21,F,Lithuania
STUCFE993,1997-06-24,F,Germany
STU6D7336,1995-03-23,Other,Spain
STUAAB121,2000-07-05,Other,Lithuania
STU082B0A,1999-04-23,Other,Estonia
STUFAA9AC,2005-06-02,M,Italy
STU12BF91,1999-02-08,M,Sweden
STU52D96E,2000-09-23,F,China
STU91EA03,1996-03-02,F,Lithuania
STU42B3ED,1996-03-05,Other,Spain
STUDF21C5,1997-08-03,Other,Spain
STUAC091A,1997-01-20,M,China
STUF1A574,1999-07-13,Other,Poland
STUCA4F8E,1997-10-13,M,Poland
STU90C6B4,1996-06-13,Other,Norway
STU2573D9,1996-12-16,Other,Poland
STU3330E3,2001-03-14,F,Latvia
STUCEEA4A,1997-02-09,F,USA
STUA5CC56,2001-08-24,F,India
STU8B40EE,2002-06-02,M,Sweden
STUFE69FB,1996-11-12,Other,Sweden
STU008481,1996-09-21,F,Poland
STUB5403C,1998-05-15,M,Norway
STUA8C532,2001-11-03,Other,Spain
STUA9BF9C,2002-10-18,Other,China
STU15DAAE,2001-08-27,F,France
STU6C30ED,2004-06-20,F,Spain
STUD31004,2002-09-14,Other,Germany
STU440187,2001-06-23,Other,Poland
STUE88C11,1996-08-20,Other,Sweden
STU68F00A,1998-10-03,M,Norway
STUB01ACC,2004-03-21,M,India
STU91819A,2003-09-17,M,France
STUA38511,1995-11-06,Other,USA
STUD6A5E2,2000-09-13,M,Sweden
STUBCC0CC,1998-09-01,Other,China
STU61217F,2001-10-06,F,Spain
STU8CAD30,1997-02-01,Other,China
STUE02634,2003-08-08,F,Norway
STUEEE142,1999-03-21,F,France
STUB4185A,1998-06-14,F,Latvia
STU43AE86,1995-08-17,Other,France
STU7B4649,1995-07-05,F,Estonia
STU936B8B,1998-01-27,F,Norway
STUE0E57A,2004-07-10,M,Latvia
STUAB6AAF,2003-08-25,M,Spain
STU6FD997,1999-12-13,M,Germany
STUC7EFC5,1999-12-13,F,France
STUD1226C,1997-09-15,M,Germany
STU2D79BE,1998-02-24,Other,Spain
STU9ADC63,1995-05-01,M,USA
STU5B24C1,2000-02-06,Other,Estonia
STU42D835,1999-09-14,Other,Spain
STU9F94DC,2000-01-10,Other,Italy
STU3A8D1A,1998-07-21,F,Lithuania
STU51CA73,1998-06-06,F,Lithuania
STU3A25CE,1998-11-21,M,Lithuania
STUF80901,1998-07-21,Other,Poland
STU4B972F,1998-07-27,M,Sweden
STU092BE4,1998-10-18,M,China
STU83B0C0,2003-05-23,M,France
STU911B2F,2003-02-05,M,Lithuania
STUF2F769,2003-10-12,F,Poland
STU0B0F00,1998-06-28,M,Sweden
STU3007B0,1997-03-17,Other,India
STU463A5E,2003-02-01,Other,Italy
STUB54CED,1995-01-02,Other,Estonia
STUBBD674,1996-12-20,F,Sweden
STU40AF1F,2000-08-20,F,Poland
STUF40E7F,1995-06-02,M,Poland
STU025565,2004-08-24,M,China
STUB8B4F5,1996-02-24,F,USA
STUA1CE52,1995-09-16,Other,India
STUB79006,1997-03-28,M,Latvia
STUAF0DD9,2000-06-10,F,Sweden
STU7C92F5,2005-09-09,F,Sweden
STU059620,2002-06-28,M,India
STU6EE987,2005-07-07,F,France
STUA567B9,2002-01-19,F,France
STUFD2E5B,1999-03-16,F,Lithuania
STUE233AA,2002-07-14,F,France
STU2BB4FA,1999-02-02,F,Poland
STUAA9AFE,2004-03-02,Other,China
STU922C21,2005-05-25,M,India
STU938910,1997-03-05,M,India
STUE50DF2,1998-12-18,F,USA
STU3F18B8,2001-08-07,Other,Latvia
STU4E4A3C,1999-03-19,Other,Poland
STUBFE6CF,2003-05-28,F,China
STU1BE4C9,1996-03-05,M,Estonia
STU49CD86,1996-09-05,F,India
STUD69BA2,2000-11-24,M,India
STUD52A9B,1999-12-02,Other,Sweden
STU6BDE18,2000-04-10,M,Germany
STU511CC3,2004-03-13,F,Norway
STU841516,2005-04-04,F,Norway
STU5D7D01,2003-11-12,M,France
STUDF27DB,1998-08-25,F,France
STU29DCB4,1998-02-24,Other,Norway
STU4A4172,2000-05-05,M,Estonia
STU10FA9D,2002-03-17,M,Poland
STU50972D,2003-08-01,F,India
STUC47397,1997-09-09,F,Spain
STU17A886,2005-02-04,F,China
STU1D5784,2003-08-02,F,Estonia
STUDF3194,1996-11-22,F,Latvia
STU26E4BD,1996-12-22,M,Estonia
STU581FD1,2003-03-19,Other,Poland
STUE77F68,2005-01-24,Other,Sweden
STUD3D5A3,1995-05-09,Other,Poland
STU0EE581,2000-10-08,Other,Italy
STUFC9BBB,1995-10-18,M,Latvia
STUEF76B8,1996-05-19,F,India
STUA22AF7,2004-07-09,Other,Italy
STU28EA35,1998-04-24,F,Poland
STU4D8C0C,2000-10-16,Other,France
STUF0434C,1998-04-07,F,Spain
STUC9AABA,1999-02-04,Other,Latvia
STUB04E5B,1997-11-24,F,USA
STUC18F7D,1996-05-18,F,India
STU371397,1999-01-26,M,Germany
STUF1CF4E,2004-05-21,Other,Spain
STU676147,1995-12-25,M,USA
STU51C6FC,1997-01-24,F,Latvia
STU2F35FD,2002-03-17,F,France
STUAC5941,2005-04-21,Other,France
STUC52B0A,1998-12-12,Other,Sweden
STU65B9D1,1997-02-08,Other,Poland
STUAA8D66,2003-11-09,M,India
STUC4E749,2003-01-24,F,Poland
STUCDC17F,2005-08-18,M,Estonia
STU253942,2003-09-13,F,Estonia
STUED2EA3,2003-06-10,M,Norway
STU33490F,1998-03-07,F,USA
STU34F09C,1997-06-04,M,Latvia
STU298346,2001-02-15,F,USA
STU3BDBC8,2000-07-11,M,Norway
STU1A610E,1998-11-22,Other,France
STU9B37F9,1997-07-05,Other,Lithuania
STUEF6BCD,2005-11-21,F,China
STU8B756A,1996-10-28,F,China
STU28FE34,1998-05-17,F,Germany
STU906281,1995-06-17,F,Norway
STUF177EC,2005-01-18,F,France
STUFC97D3,1996-11-05,F,India
STU004648,1999-08-17,Other,France
STU4ED8EB,1998-01-01,Other,China
STU820D61,2005-06-23,M,Norway
STU73B991,2005-04-11,M,Italy
STU13037F,1998-03-09,F,France
STU4FE8D2,2004-03-19,Other,India
STU768857,2000-11-16,Other,Norway
STU500FC2,2003-07-21,M,Germany
STU722DF0,2003-07-01,M,Spain
STUEDDA3A,1999-03-24,M,USA
STUFBEDEE,1997-06-13,M,France
STUDE2EE5,2001-12-24,F,Norway
STU423E9A,2000-02-13,F,India
STUCD02A2,2001-04-01,M,Poland
STU90E868,2002-11-05,M,Poland
STUD7AE87,2001-03-23,F,India
STU924662,1999-03-03,F,India
STU4919EE,2005-10-13,M,USA
STU2FF0EA,2002-07-02,M,Lithuania
STUFF31BD,2005-05-02,Other,Latvia
STUC1E1FA,1998-10-07,F,USA
STU78DF1B,2001-11-14,F,Sweden
STU2C69DA,1997-07-02,Other,Estonia
STUFC880E,2000-12-11,Other,Latvia
STUBB2F59,1998-11-16,M,Lithuania
STUE69338,1998-06-21,F,Latvia
STUAD5D71,1999-06-07,F,Norway
STU14F0EF,2005-10-16,M,France
STU47A4B6,1996-08-10,M,France
STU8D161C,2002-02-12,Other,Germany
STU25BC99,2004-02-05,Other,Poland
STU771817,1998-12-12,Other,Latvia
STUD46632,2002-01-26,F,Spain
STU2FAE06,1997-01-18,M,India
STU4DDC10,1999-07-17,Other,Estonia
STU7E38FA,2004-01-02,Other,Latvia
STU4359F1,2003-11-27,F,Italy
STU905474,2001-08-25,M,Spain
STU998B92,1999-11-12,Other,Latvia
STU30B581,2005-05-02,Other,India
STU97D051,2002-02-25,Other,Norway
STUF210D0,2000-12-06,F,Norway
STUEEB4A5,2001-10-08,Other,Estonia
STUFE573E,2000-01-05,M,Lithuania
STUDFF41D,2000-03-19,F,Sweden
STU458A1C,1999-03-13,Other,Germany
STU12A381,1999-11-11,Other,Sweden
STU14E82F,1996-04-09,F,Sweden
STUA7B0C5,1996-06-10,M,Lithuania
STU57648E,1996-03-17,Other,Lithuania
STUBC96CE,1996-05-08,F,Poland
STUDD674F,2003-11-06,F,Italy
STUB0A090,1998-09-17,M,Sweden
STU3CA915,2002-08-28,M,Germany
STU0884F9,1999-04-08,Other,Lithuania
STUA4AD9C,2001-10-11,Other,France
STU6E1AA4,2005-03-06,M,Poland
STU53ED15,1995-02-06,Other,Italy
STU1D7485,1996-03-18,M,Spain
STUBE110A,2002-01-23,F,Estonia
STU33EBD8,1995-01-07,M,Germany
STUCB56F0,1997-05-21,M,Norway
STU5A4A4E,2004-12-07,M,Sweden
STU7AD32E,2001-04-24,Other,China
STUD813B9,1997-05-03,Other,Lithuania
STUA128C3,2003-02-25,F,Norway
STUB0110C,2005-12-18,Other,France
STUB50BE3,1996-06-05,M,Italy
STU25D4ED,2003-09-05,Other,Latvia
STU789145,1995-12-23,M,Poland
STU72F936,1997-12-09,M,Latvia
STU71568B,2002-01-03,F,Sweden
STU7D17F6,2004-04-04,F,Lithuania
STU6551C3,1997-08-18,F,Estonia
STU1D2B6C,1996-10-05,Other,Spain
STU083A0B,1998-08-06,Other,Norway
STUAFD28D,1999-06-22,Other,Spain
STU2EFE2D,2000-06-01,Other,USA
STU7D9356,2001-03-25,Other,France
STU9797B2,1997-12-02,F,USA
STU231975,2002-07-07,M,Lithuania
STU95A694,1996-02-06,M,Italy
STU10077E,1996-05-09,Other,USA
STU986DB0,2005-12-19,Other,France
STU6A7A57,1997-08-16,Other,Latvia
STUBF9C6B,2000-08-03,M,Poland
STU121498,1997-08-25,M,Estonia
STU2DB69D,2002-09-25,F,France
STUED7FEA,2000-02-13,F,Latvia
STU2D01DA,2003-06-24,M,Italy
STU3E3876,2005-02-17,M,China
STUC207E7,2004-08-02,M,Spain
STUE65BC9,2005-02-12,M,USA
STU3E2AD8,2003-12-26,M,Sweden
STU211339,1997-12-26,F,Germany
STUB9299F,2004-08-10,M,Germany
STU9ED2A4,2002-12-17,M,Germany
STU67C70B,1997-04-10,M,Spain
STUA4AFB3,1997-03-23,M,Lithuania
STUBEB840,2004-11-15,Other,Lithuania
STU520E4C,1996-12-06,F,Latvia
STU1304BB,1997-02-08,M,France
STUA8BF10,1997-04-15,F,India
STU1AC01E,1998-07-24,M,China
STUB398F0,1997-04-19,Other,Germany
STU6B8EBA,2002-01-01,F,Sweden
STU8B7144,1997-10-09,M,China
STUF5DE97,2004-08-21,M,France
STU130CFB,1997-03-15,Other,Spain
STU3F61BF,1999-12-14,M,USA
STUEC2397,2004-01-16,F,China
STUFA41A8,1997-03-15,F,Italy
STUAA71F6,2003-09-28,Other,Norway
STUB4B483,1996-05-08,Other,Sweden
STUC6859A,2000-04-22,Other,Spain
STUBB7BC6,1999-08-20,F,Lithuania
STU80947D,1998-03-17,Other,France
STUE3CFF7,1995-05-25,F,Sweden
STU84F3D8,2000-07-11,Other,India
STUF0B006,1999-09-21,M,Sweden
STUF3AA8B,2002-10-05,M,Latvia
STU05F338,2004-12-10,F,Sweden
STU1F7849,1996-12-05,Other,Poland
STU3EC518,1995-08-11,F,China
STU881DF1,2004-02-21,Other,Latvia
STU5D30BD,1997-07-14,Other,Poland
STUC0FA97,2002-01-03,Other,Spain
STUC3FDFE,2001-04-26,F,Spain
STUEE2CD9,1995-01-09,Other,Sweden
STUE2A5F5,2000-11-06,M,China
STU404A2B,2004-08-17,M,Latvia
STU2A8F47,1995-08-11,M,Italy
STU9E0A54,2005-10-09,Other,Germany
STU5CAA79,2002-02-25,Other,Sweden
STU8BE3F7,2003-03-03,M,Spain
STU1C9518,2003-06-04,F,Sweden
STU967B69,1998-02-17,F,Estonia
STUE1B921,2003-04-10,M,Spain
STUFCED13,1999-06-27,F,Lithuania
STU0AAF07,2003-02-28,F,Norway
STU456D8D,2000-11-23,M,France
STUC2E3EE,1998-04-16,F,Norway
STUEBE427,2004-11-21,Other,Estonia
STUDC5A65,1999-06-12,M,Lithuania
STU6DA05E,2004-06-05,Other,Norway
STUA8DB87,2001-02-22,M,Latvia
STUC588C7,1995-01-23,F,Sweden
STU6EC1DB,1998-05-15,F,India
STU07AAA9,1998-09-28,M,Latvia
STU2A4633,2003-03-11,Other,Estonia
STUA897E6,2002-09-12,F,Italy
STU066249,2000-06-01,F,Poland
STUFB0E3B,2000-09-25,F,USA
STU71156D,2004-01-26,F,Latvia
STUD00863,1995-07-02,F,Norway
STU0B9A44,2005-10-24,M,France
STUD87CA8,1999-10-23,M,Estonia
STU613953,1997-04-03,Other,Germany
STU426966,1995-06-28,Other,Lithuania
STU722FCA,1999-07-18,Other,France
STU6C038C,1995-09-23,Other,France
STUCEB00D,1995-10-09,M,France
STU44295B,2002-05-28,F,Estonia
STUFFA04A,2002-10-16,Other,Germany
STU53A4A8,2001-09-28,F,Germany
STUA436D6,1999-06-28,Other,Spain
STU43803B,1996-11-10,M,Estonia
STU398232,1996-11-21,F,Poland
STUD140CD,1999-08-06,F,Lithuania
STUE927A3,1998-10-07,Other,Italy
STU50892B,1999-11-19,Other,Latvia
STU86DB9C,2005-04-11,M,Spain
STU245C1D,2001-03-05,Other,Sweden
STUFF8127,2002-08-11,M,Sweden
STUF56A74,1998-12-24,F,USA
STU53B25A,2004-04-25,M,India
STU7B6297,2005-06-12,F,Estonia
STU099FEB,1995-05-04,Other,China
STU3D82C2,2003-05-12,Other,India
STU2C258F,2001-03-07,Other,Poland
STU04412F,1998-10-13,F,Norway
STUD557F8,1999-04-09,Other,USA
STU4B0E1D,1996-11-09,F,Norway
STU9ACA95,1996-08-21,M,Poland
STU33A0D3,2001-05-11,M,India
STU9950F5,2002-04-12,M,USA
STU2EC5EC,2004-01-03,M,Spain
STU655E45,1999-12-24,M,India
STU3580F7,2001-10-10,F,France
STUBA9AB2,2000-10-10,F,Italy
STU1BD73F,1995-01-10,M,Poland
STU862641,2002-08-27,Other,Sweden
STU497525,2002-06-05,M,Lithuania
STUC0CC72,1998-05-19,Other,India
STU5D0E44,1999-11-03,M,Italy
STUB5796E,1997-10-19,M,Sweden
STU98A5C8,1999-05-02,Other,USA
STU1A9877,1999-02-01,Other,Latvia
STU8B10DF,2001-08-05,F,Lithuania
STUFEAD59,2005-04-01,F,India
STU68B55F,2005-11-09,F,Italy
STUE61747,2003-11-16,Other,Norway
STU9FA98A,1999-11-27,Other,Norway
STUB8D52D,2001-09-11,M,Estonia
STU2106AA,1998-12-05,Other,Latvia
STU1332FA,2001-04-06,F,Spain
STU69D208,1996-02-21,M,Estonia
STUE68997,2003-03-21,Other,China
STU0B4720,2003-09-08,Other,Lithuania
STUDBCB8B,1999-02-14,Other,Estonia
STU12535D,1998-08-14,Other,Estonia
STUB6988E,2002-01-17,F,Spain
STU54F412,1997-10-12,F,India
STUD0DFE3,2002-06-18,F,Estonia
STU536634,1998-02-27,Other,Norway
STU6A760F,1999-04-13,M,Norway
STUEFC238,1996-05-26,M,USA
STU6546C1,2005-08-06,M,Germany
STU9CECFE,2003-04-01,F,Latvia
STU3289BF,2001-08-25,Other,Germany
STU63156F,2003-09-11,M,Norway
STU56869C,2005-09-08,Other,USA
STUD56D06,1996-05-19,Other,Sweden
STU579FE0,1997-04-21,F,USA
STU4F0261,1995-11-24,M,Poland
STUF2FA33,2001-05-23,F,China
STU73917B,2001-11-15,M,Estonia
STUFFE66E,1998-05-28,Other,Germany
STU662BB9,2004-09-14,M,France
STU201DB1,2003-03-20,Other,Germany
STUEDA6CC,1997-10-27,F,Spain
STUE1CAF8,1997-03-23,F,China
STU6FF7C5,1996-02-11,M,Spain
STU7C3F71,2000-12-16,Other,Poland
STU79CBCA,1999-09-04,Other,Lithuania
STUAA1E3F,1997-01-12,Other,France
STU83C0F9,1995-06-17,M,Norway
STUA25498,2005-10-20,M,France
STU174D04,1995-05-04,Other,Latvia
STU91DE85,2005-07-23,Other,Lithuania
STUBE13F2,2000-07-26,M,Latvia
STU90C997,1995-05-01,M,France
STUB4135F,2000-06-06,F,Germany
STU596F8A,2001-06-09,F,Lithuania
STU5CC2A1,2001-08-20,M,Sweden
STUA02BE2,2003-09-17,M,Spain
STU00C226,1999-12-12,Other,Lithuania
STU35CFFF,2004-07-23,Other,Sweden
STU4DA2A6,1998-01-19,F,India
STU33D95E,2001-08-12,F,Lithuania
STUEAC016,2005-04-15,F,USA
STU7CAB3A,1999-12-16,Other,Estonia
STU70FA37,1996-04-08,Other,Lithuania
STUBAE976,1995-08-10,F,Germany
STUBE95BE,2003-07-19,M,Poland
STUDDFBBA,1995-06-28,M,Sweden
STU135C79,2005-12-18,M,Italy
STU9C2447,2003-12-16,F,Sweden
STU187F08,2001-04-04,F,Poland
STU309CCD,2005-10-18,Other,Sweden
STU9E0C3B,1999-11-02,F,Spain
STUA48594,2002-07-15,M,India
STUF35E34,1999-02-11,M,Lithuania
STUDDD485,2001-02-06,Other,USA
STU71C255,2000-03-02,F,Lithuania
STUBF2084,2000-08-20,Other,Spain
STUF0EF7E,1999-12-04,Other,Germany
STU839D36,1996-12-27,F,Latvia
STUE3042F,2003-06-03,F,Italy
STUFA8BA4,2002-12-19,F,Sweden
STUA40F5B,1995-06-14,M,Norway
STU0663EE,1998-08-15,M,China
STUC28338,1996-09-18,M,USA
STU0E3607,1999-03-01,F,China
STU49615C,1996-03-12,Other,Spain
STU6AD506,1997-03-01,F,USA
STU9D0013,1996-10-09,Other,India
STUA383AE,1996-08-28,M,Norway
STU64425B,1996-05-21,F,India
STUBB408E,1997-02-10,M,Germany
STUEBCC00,1995-10-06,M,India
STUADEEB5,1995-12-05,Other,India
STU1178D0,2003-04-23,F,Latvia
STUF1BB8A,2001-04-22,Other,Italy
STUC06CAD,2000-08-27,Other,China
STUB2E0B9,2005-08-24,F,France
STUB0AF19,1998-11-15,M,Estonia
STU1C1058,2000-05-03,Other,USA
STUC1E5FE,1997-06-24,M,Poland
STUBC80A7,1996-12-04,Other,India
STU79BC71,2001-10-27,F,India
STU1B2BF5,1998-07-13,F,France
STUF1827A,1995-12-24,Other,Latvia
STU3AE6EA,1995-01-09,M,Latvia
STU95EB35,2001-06-06,F,Latvia
STUBB3767,1999-02-18,Other,India
STU334E83,2001-12-01,F,Spain
STU1C841F,2004-01-28,M,Estonia
STUC428D9,1995-06-18,F,Latvia
STU115E15,1996-04-14,Other,China
STUEACF56,2005-10-28,F,Sweden
STUFCB5EC,2000-07-11,F,Sweden
STU0C0684,2001-04-07,M,India
STUAF30F8,2003-01-06,F,France
STUAEF16B,1998-08-07,M,Sweden
STUF7F19E,2002-07-20,Other,Norway
STUF32A43,2000-02-24,Other,India
STU2265C9,1999-12-13,F,Sweden
STU9E6472,1995-12-28,F,Germany
STU9C2A5A,2000-12-22,M,Lithuania
STU89ED24,1999-09-06,Other,Lithuania
STUA81517,1996-11-15,Other,France
STU19C863,2000-05-14,Other,Sweden
STU1CF15B,2001-03-14,F,Latvia
STU00932B,2004-11-16,M,USA
STU01D3C6,1995-02-06,M,China
STU615A0F,1996-12-20,Other,China
STU64EEB2,2004-06-21,F,Sweden
STU76CC0D,1997-07-19,F,Estonia
STU769CEE,2000-06-07,Other,Sweden
STU030651,1995-07-09,Other,Sweden
STU2029E2,2005-03-04,Other,Norway
STUDC3257,2001-06-24,Other,Latvia
STUB730B6,2001-11-01,Other,Latvia
STU628124,1996-12-28,M,Italy
STU6F4484,1996-11-23,M,Spain
STU3ED515,1998-10-17,Other,Norway
STU72618E,2002-03-25,F,Lithuania
STU869694,2004-05-03,F,Latvia
STUA6ED7E,1999-01-13,Other,Poland
STUA32C58,2000-08-22,M,Sweden
STU9490C7,1998-06-14,M,Estonia
STUA89C14,2005-01-14,M,USA
STUF3D5AA,2003-04-25,F,Lithuania
STUAD2124,1995-07-26,F,Poland
STU32947F,1996-07-17,M,India
STU74987C,1998-02-09,M,Spain
STU393368,2005-08-12,Other,Estonia
STU63AC78,1997-07-04,Other,India
STU9AE272,1997-07-09,M,France
STU85835B,1995-08-19,Other,Germany
STU903220,2005-01-21,F,Spain
STUA0A957,1998-02-11,Other,Lithuania
STU355003,2001-11-28,F,Estonia
STU6714FD,1997-07-09,M,Lithuania
STUCC68D2,2005-08-03,M,Poland
STU664A44,1996-04-27,Other,Latvia
STU67550F,2002-02-25,M,China
STU666658,2002-01-17,M,Estonia
STU5EC9C2,2002-12-04,Other,USA
STU4FDD70,2000-04-25,Other,France
STUE65469,2003-08-04,M,France
STUC75E11,2005-01-23,Other,China
STU6EB901,1998-10-15,F,USA
STUA131BA,2002-11-03,M,India
STU263F15,1999-10-25,F,Italy
STU97EC95,1997-03-25,F,China
STUEFEEE3,2002-07-23,Other,Italy
STUA4FA19,1995-01-28,Other,Norway
STUF14A27,1999-05-20,M,France
STU115E26,1997-03-08,Other,France
STU47F8A9,2002-02-19,Other,Lithuania
STU38AACF,2000-08-27,F,Poland
STUE73641,2002-10-27,M,USA
STU237EED,1997-02-21,F,France
STU9967A7,1999-01-19,Other,Norway
STU60F1BB,1999-02-17,M,Sweden
STU29EE5A,1996-10-20,Other,Estonia
STU824507,1995-06-05,F,Estonia
STU55D40E,2003-12-04,F,Latvia
STU8CE725,2003-08-03,M,Sweden
STUBE1F2A,2004-06-23,F,Germany
STU130729,2000-02-10,F,Italy
STUA64C78,2003-10-23,M,USA
STU2BF43E,2001-10-26,F,Spain
