student_id,course_id,task_id,mark,weight,weighted
STU75E13D,CRS31CE5D,TSK6F5187,14,0.1107,1.5498
STU75E13D,CRS31CE5D,TSK345584,24,0.3331,7.994400000000001
STU75E13D,CRS31CE5D,TSKE38AE7,26,0.454,11.804
STU75E13D,CRS31CE5D,TSK239101,34,0.1022,3.4748
STUDB5FE0,CRS31CE5D,TSK6F5187,52,0.1107,5.7564
STUDB5FE0,CRS31CE5D,TSK345584,58,0.3331,19.3198
STUDB5FE0,CRS31CE5D,TSKE38AE7,50,0.454,22.7
STUDB5FE0,CRS31CE5D,TSK239101,43,0.1022,4.3946
STUC43D30,CRS31CE5D,TSK6F5187,62,0.1107,6.8634
STUC43D30,CRS31CE5D,TSK345584,89,0.3331,29.6459
STUC43D30,CRS31CE5D,TSKE38AE7,41,0.454,18.614
STUC43D30,CRS31CE5D,TSK239101,37,0.1022,3.7814
STU12486B,CRS31CE5D,TSK6F5187,68,0.1107,7.5276000000000005
STU12486B,CRS31CE5D,TSK345584,78,0.3331,25.9818
STU12486B,CRS31CE5D,TSKE38AE7,68,0.454,30.872
STU12486B,CRS31CE5D,TSK239101,69,0.1022,7.0518
STU9034D0,CRS31CE5D,TSK6F5187,90,0.1107,9.963000000000001
STU9034D0,CRS31CE5D,TSK345584,98,0.3331,32.6438
STU9034D0,CRS31CE5D,TSKE38AE7,95,0.454,43.13
STU9034D0,CRS31CE5D,TSK239101,79,0.1022,8.0738
STU2441D2,CRS31CE5D,TSK6F5187,38,0.1107,4.2066
STU2441D2,CRS31CE5D,TSK345584,41,0.3331,13.6571
STU2441D2,CRS31CE5D,TSKE38AE7,78,0.454,35.412
STU2441D2,CRS31CE5D,TSK239101,65,0.1022,6.643
STU68BE0D,CRS31CE5D,TSK6F5187,73,0.1107,8.081100000000001
STU68BE0D,CRS31CE5D,TSK345584,70,0.3331,23.317
STU68BE0D,CRS31CE5D,TSKE38AE7,79,0.454,35.866
STU68BE0D,CRS31CE5D,TSK239101,64,0.1022,6.5408
STUCAC6B6,CRS31CE5D,TSK6F5187,51,0.1107,5.645700000000001
STUCAC6B6,CRS31CE5D,TSK345584,36,0.3331,11.9916
STUCAC6B6,CRS31CE5D,TSKE38AE7,18,0.454,8.172
STUCAC6B6,CRS31CE5D,TSK239101,45,0.1022,4.599
STU3987AF,CRS31CE5D,TSK6F5187,62,0.1107,6.8634
STU3987AF,CRS31CE5D,TSK345584,58,0.3331,19.3198
STU3987AF,CRS31CE5D,TSKE38AE7,69,0.454,31.326
STU3987AF,CRS31CE5D,TSK239101,78,0.1022,7.9716
STU7DE612,CRS31CE5D,TSK6F5187,48,0.1107,5.3136
STU7DE612,CRS31CE5D,TSK345584,73,0.3331,24.316300000000002
STU7DE612,CRS31CE5D,TSKE38AE7,77,0.454,34.958
STU7DE612,CRS31CE5D,TSK239101,49,0.1022,5.0078
STU957E28,CRS31CE5D,TSK6F5187,66,0.1107,7.3062000000000005
STU957E28,CRS31CE5D,TSK345584,69,0.3331,22.983900000000002
STU957E28,CRS31CE5D,TSKE38AE7,88,0.454,39.952
STU957E28,CRS31CE5D,TSK239101,81,0.1022,8.2782
STUE1D5E0,CRS31CE5D,TSK6F5187,54,0.1107,5.9778
STUE1D5E0,CRS31CE5D,TSK345584,41,0.3331,13.6571
STUE1D5E0,CRS31CE5D,TSKE38AE7,47,0.454,21.338
STUE1D5E0,CRS31CE5D,TSK239101,69,0.1022,7.0518
STUEFDB13,CRS31CE5D,TSK6F5187,55,0.1107,6.088500000000001
STUEFDB13,CRS31CE5D,TSK345584,70,0.3331,23.317
STUEFDB13,CRS31CE5D,TSKE38AE7,72,0.454,32.688
STUEFDB13,CRS31CE5D,TSK239101,62,0.1022,6.3364
STU23C44A,CRS31CE5D,TSK6F5187,76,0.1107,8.4132
STU23C44A,CRS31CE5D,TSK345584,72,0.3331,23.9832
STU23C44A,CRS31CE5D,TSKE38AE7,82,0.454,37.228
STU23C44A,CRS31CE5D,TSK239101,93,0.1022,9.5046
STU306F39,CRS31CE5D,TSK6F5187,73,0.1107,8.081100000000001
STU306F39,CRS31CE5D,TSK345584,64,0.3331,21.3184
STU306F39,CRS31CE5D,TSKE38AE7,74,0.454,33.596000000000004
STU306F39,CRS31CE5D,TSK239101,68,0.1022,6.9496
STU874D05,CRS31CE5D,TSK6F5187,37,0.1107,4.0959
STU874D05,CRS31CE5D,TSK345584,50,0.3331,16.655
STU874D05,CRS31CE5D,TSKE38AE7,84,0.454,38.136
STU874D05,CRS31CE5D,TSK239101,70,0.1022,7.154
STU58ECA1,CRS31CE5D,TSK6F5187,83,0.1107,9.1881
STU58ECA1,CRS31CE5D,TSK345584,64,0.3331,21.3184
STU58ECA1,CRS31CE5D,TSKE38AE7,78,0.454,35.412
STU58ECA1,CRS31CE5D,TSK239101,86,0.1022,8.7892
STU29CB91,CRS31CE5D,TSK6F5187,13,0.1107,1.4391
STU29CB91,CRS31CE5D,TSK345584,46,0.3331,15.3226
STU29CB91,CRS31CE5D,TSKE38AE7,24,0.454,10.896
STU29CB91,CRS31CE5D,TSK239101,26,0.1022,2.6572
STU1A9877,CRS31CE5D,TSK6F5187,53,0.1107,5.867100000000001
STU1A9877,CRS31CE5D,TSK345584,61,0.3331,20.3191
STU1A9877,CRS31CE5D,TSKE38AE7,48,0.454,21.792
STU1A9877,CRS31CE5D,TSK239101,56,0.1022,5.7232
STUF1E6B8,CRS31CE5D,TSK6F5187,88,0.1107,9.7416
STUF1E6B8,CRS31CE5D,TSK345584,73,0.3331,24.316300000000002
STUF1E6B8,CRS31CE5D,TSKE38AE7,76,0.454,34.504
STUF1E6B8,CRS31CE5D,TSK239101,68,0.1022,6.9496
STU05190B,CRS31CE5D,TSK6F5187,49,0.1107,5.424300000000001
STU05190B,CRS31CE5D,TSK345584,55,0.3331,18.3205
STU05190B,CRS31CE5D,TSKE38AE7,58,0.454,26.332
STU05190B,CRS31CE5D,TSK239101,70,0.1022,7.154
STUF62FE9,CRS31CE5D,TSK6F5187,57,0.1107,6.309900000000001
STUF62FE9,CRS31CE5D,TSK345584,54,0.3331,17.9874
STUF62FE9,CRS31CE5D,TSKE38AE7,72,0.454,32.688
STUF62FE9,CRS31CE5D,TSK239101,74,0.1022,7.5628
STUEA62CA,CRS31CE5D,TSK6F5187,69,0.1107,7.6383
STUEA62CA,CRS31CE5D,TSK345584,72,0.3331,23.9832
STUEA62CA,CRS31CE5D,TSKE38AE7,69,0.454,31.326
STUEA62CA,CRS31CE5D,TSK239101,62,0.1022,6.3364
STUC16DF1,CRS31CE5D,TSK6F5187,0,0.1107,0.0
STUC16DF1,CRS31CE5D,TSK345584,0,0.3331,0.0
STUC16DF1,CRS31CE5D,TSKE38AE7,0,0.454,0.0
STUC16DF1,CRS31CE5D,TSK239101,14,0.1022,1.4308
STU2E50A9,CRS31CE5D,TSK6F5187,77,0.1107,8.523900000000001
STU2E50A9,CRS31CE5D,TSK345584,76,0.3331,25.3156
STU2E50A9,CRS31CE5D,TSKE38AE7,67,0.454,30.418
STU2E50A9,CRS31CE5D,TSK239101,83,0.1022,8.4826
STUF0C530,CRS31CE5D,TSK6F5187,67,0.1107,7.4169
STUF0C530,CRS31CE5D,TSK345584,60,0.3331,19.986
STUF0C530,CRS31CE5D,TSKE38AE7,56,0.454,25.424
STUF0C530,CRS31CE5D,TSK239101,58,0.1022,5.9276
STUA1F0B3,CRS31CE5D,TSK6F5187,85,0.1107,9.409500000000001
STUA1F0B3,CRS31CE5D,TSK345584,90,0.3331,29.979
STUA1F0B3,CRS31CE5D,TSKE38AE7,85,0.454,38.59
STUA1F0B3,CRS31CE5D,TSK239101,70,0.1022,7.154
STUF33D33,CRS31CE5D,TSK6F5187,50,0.1107,5.535
STUF33D33,CRS31CE5D,TSK345584,93,0.3331,30.9783
STUF33D33,CRS31CE5D,TSKE38AE7,73,0.454,33.142
STUF33D33,CRS31CE5D,TSK239101,87,0.1022,8.891399999999999
STUE8AC7E,CRS31CE5D,TSK6F5187,29,0.1107,3.2103
STUE8AC7E,CRS31CE5D,TSK345584,20,0.3331,6.662
STUE8AC7E,CRS31CE5D,TSKE38AE7,30,0.454,13.620000000000001
STUE8AC7E,CRS31CE5D,TSK239101,44,0.1022,4.4968
STUF78217,CRS31CE5D,TSK6F5187,93,0.1107,10.295100000000001
STUF78217,CRS31CE5D,TSK345584,93,0.3331,30.9783
STUF78217,CRS31CE5D,TSKE38AE7,79,0.454,35.866
STUF78217,CRS31CE5D,TSK239101,88,0.1022,8.9936
STUE3CF5E,CRS31CE5D,TSK6F5187,0,0.1107,0.0
STUE3CF5E,CRS31CE5D,TSK345584,43,0.3331,14.3233
STUE3CF5E,CRS31CE5D,TSKE38AE7,0,0.454,0.0
STUE3CF5E,CRS31CE5D,TSK239101,0,0.1022,0.0
STU42D5E2,CRS31CE5D,TSK6F5187,100,0.1107,11.07
STU42D5E2,CRS31CE5D,TSK345584,100,0.3331,33.31
STU42D5E2,CRS31CE5D,TSKE38AE7,92,0.454,41.768
STU42D5E2,CRS31CE5D,TSK239101,100,0.1022,10.22
STU9B6ADA,CRS31CE5D,TSK6F5187,72,0.1107,7.970400000000001
STU9B6ADA,CRS31CE5D,TSK345584,77,0.3331,25.6487
STU9B6ADA,CRS31CE5D,TSKE38AE7,67,0.454,30.418
STU9B6ADA,CRS31CE5D,TSK239101,76,0.1022,7.7672
STU809F58,CRS31CE5D,TSK6F5187,62,0.1107,6.8634
STU809F58,CRS31CE5D,TSK345584,44,0.3331,14.6564
STU809F58,CRS31CE5D,TSKE38AE7,55,0.454,24.970000000000002
STU809F58,CRS31CE5D,TSK239101,61,0.1022,6.2341999999999995
STU2606DD,CRS31CE5D,TSK6F5187,74,0.1107,8.1918
STU2606DD,CRS31CE5D,TSK345584,92,0.3331,30.6452
STU2606DD,CRS31CE5D,TSKE38AE7,95,0.454,43.13
STU2606DD,CRS31CE5D,TSK239101,96,0.1022,9.8112
STU75D8E6,CRS31CE5D,TSK6F5187,14,0.1107,1.5498
STU75D8E6,CRS31CE5D,TSK345584,36,0.3331,11.9916
STU75D8E6,CRS31CE5D,TSKE38AE7,47,0.454,21.338
STU75D8E6,CRS31CE5D,TSK239101,20,0.1022,2.044
STUD29EFF,CRS31CE5D,TSK6F5187,59,0.1107,6.531300000000001
STUD29EFF,CRS31CE5D,TSK345584,78,0.3331,25.9818
STUD29EFF,CRS31CE5D,TSKE38AE7,83,0.454,37.682
STUD29EFF,CRS31CE5D,TSK239101,72,0.1022,7.3584
STU9C934A,CRS31CE5D,TSK6F5187,63,0.1107,6.974100000000001
STU9C934A,CRS31CE5D,TSK345584,68,0.3331,22.6508
STU9C934A,CRS31CE5D,TSKE38AE7,68,0.454,30.872
STU9C934A,CRS31CE5D,TSK239101,78,0.1022,7.9716
STU2D049E,CRS31CE5D,TSK6F5187,71,0.1107,7.8597
STU2D049E,CRS31CE5D,TSK345584,65,0.3331,21.651500000000002
STU2D049E,CRS31CE5D,TSKE38AE7,62,0.454,28.148
STU2D049E,CRS31CE5D,TSK239101,65,0.1022,6.643
STU9E273B,CRS31CE5D,TSK6F5187,93,0.1107,10.295100000000001
STU9E273B,CRS31CE5D,TSK345584,83,0.3331,27.6473
STU9E273B,CRS31CE5D,TSKE38AE7,76,0.454,34.504
STU9E273B,CRS31CE5D,TSK239101,94,0.1022,9.6068
STUAA4153,CRSF53779,TSK71B13B,29,0.1744,5.0576
STUAA4153,CRSF53779,TSKDE0E08,28,0.8256,23.1168
STU11AB91,CRSF53779,TSK71B13B,0,0.1744,0.0
STU11AB91,CRSF53779,TSKDE0E08,0,0.8256,0.0
STU3706ED,CRSF53779,TSK71B13B,83,0.1744,14.4752
STU3706ED,CRSF53779,TSKDE0E08,93,0.8256,76.7808
STU280512,CRSF53779,TSK71B13B,92,0.1744,16.0448
STU280512,CRSF53779,TSKDE0E08,83,0.8256,68.5248
STUB6DDEE,CRSF53779,TSK71B13B,14,0.1744,2.4416
STUB6DDEE,CRSF53779,TSKDE0E08,33,0.8256,27.2448
STU4E42FF,CRSF53779,TSK71B13B,22,0.1744,3.8368
STU4E42FF,CRSF53779,TSKDE0E08,24,0.8256,19.8144
STUD8FA1E,CRSF53779,TSK71B13B,29,0.1744,5.0576
STUD8FA1E,CRSF53779,TSKDE0E08,15,0.8256,12.384
STU36C8A0,CRSF53779,TSK71B13B,45,0.1744,7.848
STU36C8A0,CRSF53779,TSKDE0E08,60,0.8256,49.536
STUFE3C5D,CRSF53779,TSK71B13B,73,0.1744,12.7312
STUFE3C5D,CRSF53779,TSKDE0E08,81,0.8256,66.8736
STUA90749,CRSF53779,TSK71B13B,51,0.1744,8.8944
STUA90749,CRSF53779,TSKDE0E08,72,0.8256,59.4432
STUEA62CA,CRSF53779,TSK71B13B,0,0.1744,0.0
STUEA62CA,CRSF53779,TSKDE0E08,0,0.8256,0.0
STU1FBAA3,CRSF53779,TSK71B13B,94,0.1744,16.3936
STU1FBAA3,CRSF53779,TSKDE0E08,45,0.8256,37.152
STUD94CFA,CRSF53779,TSK71B13B,87,0.1744,15.1728
STUD94CFA,CRSF53779,TSKDE0E08,73,0.8256,60.2688
STUF2C834,CRSF53779,TSK71B13B,71,0.1744,12.3824
STUF2C834,CRSF53779,TSKDE0E08,64,0.8256,52.8384
STU525157,CRSF53779,TSK71B13B,68,0.1744,11.8592
STU525157,CRSF53779,TSKDE0E08,68,0.8256,56.1408
STUA08AFF,CRSF53779,TSK71B13B,86,0.1744,14.9984
STUA08AFF,CRSF53779,TSKDE0E08,78,0.8256,64.3968
STU9C452F,CRSF53779,TSK71B13B,91,0.1744,15.8704
STU9C452F,CRSF53779,TSKDE0E08,100,0.8256,82.56
STUE4555C,CRSF53779,TSK71B13B,25,0.1744,4.36
STUE4555C,CRSF53779,TSKDE0E08,9,0.8256,7.4304
STUED7FEA,CRSF53779,TSK71B13B,71,0.1744,12.3824
STUED7FEA,CRSF53779,TSKDE0E08,70,0.8256,57.792
STU8D0A4C,CRSF53779,TSK71B13B,30,0.1744,5.232
STU8D0A4C,CRSF53779,TSKDE0E08,22,0.8256,18.1632
STU178329,CRSF53779,TSK71B13B,17,0.1744,2.9648
STU178329,CRSF53779,TSKDE0E08,25,0.8256,20.64
STU194434,CRSF53779,TSK71B13B,69,0.1744,12.0336
STU194434,CRSF53779,TSKDE0E08,82,0.8256,67.6992
STUBB2AAB,CRSF53779,TSK71B13B,21,0.1744,3.6624
STUBB2AAB,CRSF53779,TSKDE0E08,22,0.8256,18.1632
STUBB2950,CRSF53779,TSK71B13B,48,0.1744,8.3712
STUBB2950,CRSF53779,TSKDE0E08,36,0.8256,29.7216
STU9F11ED,CRSF53779,TSK71B13B,34,0.1744,5.9296
STU9F11ED,CRSF53779,TSKDE0E08,0,0.8256,0.0
STU79FD45,CRSF53779,TSK71B13B,14,0.1744,2.4416
STU79FD45,CRSF53779,TSKDE0E08,54,0.8256,44.5824
STUE18718,CRSF53779,TSK71B13B,58,0.1744,10.1152
STUE18718,CRSF53779,TSKDE0E08,65,0.8256,53.664
STU8A2212,CRSF53779,TSK71B13B,26,0.1744,4.5344
STU8A2212,CRSF53779,TSKDE0E08,30,0.8256,24.768
STU907747,CRSF53779,TSK71B13B,0,0.1744,0.0
STU907747,CRSF53779,TSKDE0E08,0,0.8256,0.0
STUA262B8,CRSF53779,TSK71B13B,41,0.1744,7.1504
STUA262B8,CRSF53779,TSKDE0E08,38,0.8256,31.3728
STUB70E0D,CRSF53779,TSK71B13B,28,0.1744,4.8832
STUB70E0D,CRSF53779,TSKDE0E08,37,0.8256,30.5472
STUBA21C8,CRSF53779,TSK71B13B,78,0.1744,13.6032
STUBA21C8,CRSF53779,TSKDE0E08,95,0.8256,78.432
STU944852,CRSF53779,TSK71B13B,64,0.1744,11.1616
STU944852,CRSF53779,TSKDE0E08,0,0.8256,0.0
STU3AA174,CRSF53779,TSK71B13B,100,0.1744,17.44
STU3AA174,CRSF53779,TSKDE0E08,83,0.8256,68.5248
STUC1C527,CRSF53779,TSK71B13B,0,0.1744,0.0
STUC1C527,CRSF53779,TSKDE0E08,0,0.8256,0.0
STU983BF7,CRSF53779,TSK71B13B,0,0.1744,0.0
STU983BF7,CRSF53779,TSKDE0E08,0,0.8256,0.0
STU823552,CRSF53779,TSK71B13B,100,0.1744,17.44
STU823552,CRSF53779,TSKDE0E08,91,0.8256,75.1296
STUE61360,CRSF53779,TSK71B13B,74,0.1744,12.9056
STUE61360,CRSF53779,TSKDE0E08,74,0.8256,61.0944
STU59C050,CRSF53779,TSK71B13B,77,0.1744,13.4288
STU59C050,CRSF53779,TSKDE0E08,78,0.8256,64.3968
STUCABBF1,CRSF53779,TSK71B13B,12,0.1744,2.0928
STUCABBF1,CRSF53779,TSKDE0E08,22,0.8256,18.1632
STU0F910F,CRSC9A6A0,TSK0219F6,52,1.0,52.0
STU06B3C9,CRSC9A6A0,TSK0219F6,71,1.0,71.0
STU2C52C2,CRSC9A6A0,TSK0219F6,60,1.0,60.0
STU8778AA,CRSC9A6A0,TSK0219F6,97,1.0,97.0
STU0C8B89,CRSC9A6A0,TSK0219F6,0,1.0,0.0
STUB17956,CRSC9A6A0,TSK0219F6,70,1.0,70.0
STUDF7E2E,CRSC9A6A0,TSK0219F6,38,1.0,38.0
STU66AC43,CRSC9A6A0,TSK0219F6,17,1.0,17.0
STU998A6C,CRSC9A6A0,TSK0219F6,78,1.0,78.0
STU1BED47,CRSC9A6A0,TSK0219F6,65,1.0,65.0
STU96C8C7,CRSC9A6A0,TSK0219F6,0,1.0,0.0
STUFDCA79,CRSC9A6A0,TSK0219F6,12,1.0,12.0
STU2EF512,CRSC9A6A0,TSK0219F6,0,1.0,0.0
STUDC3257,CRSC9A6A0,TSK0219F6,78,1.0,78.0
STUD8DF8D,CRSC9A6A0,TSK0219F6,0,1.0,0.0
STUA3591D,CRSC9A6A0,TSK0219F6,0,1.0,0.0
STU9B0149,CRSC9A6A0,TSK0219F6,0,1.0,0.0
STUC44341,CRSC9A6A0,TSK0219F6,73,1.0,73.0
STU67A8BC,CRSC9A6A0,TSK0219F6,9,1.0,9.0
STU82391D,CRSC9A6A0,TSK0219F6,53,1.0,53.0
STU02D1DC,CRSC9A6A0,TSK0219F6,31,1.0,31.0
STU4AB6D5,CRSC9A6A0,TSK0219F6,0,1.0,0.0
STU5F33B6,CRSC9A6A0,TSK0219F6,0,1.0,0.0
STUF3DDA7,CRSC9A6A0,TSK0219F6,100,1.0,100.0
STU0C189C,CRSC9A6A0,TSK0219F6,74,1.0,74.0
STU2A8638,CRSC9A6A0,TSK0219F6,81,1.0,81.0
STU941BDC,CRSC9A6A0,TSK0219F6,46,1.0,46.0
STUA6FC07,CRSC9A6A0,TSK0219F6,72,1.0,72.0
STU5C53A1,CRSC9A6A0,TSK0219F6,77,1.0,77.0
STU1666B6,CRSC9A6A0,TSK0219F6,100,1.0,100.0
STU3441E5,CRSC9A6A0,TSK0219F6,57,1.0,57.0
STU5B087C,CRSC9A6A0,TSK0219F6,77,1.0,77.0
STUAE2292,CRSC9A6A0,TSK0219F6,64,1.0,64.0
STU66884A,CRSC9A6A0,TSK0219F6,76,1.0,76.0
STUEFDC42,CRSC9A6A0,TSK0219F6,6,1.0,6.0
STU3714A5,CRSC9A6A0,TSK0219F6,67,1.0,67.0
STU91EEC8,CRSC9A6A0,TSK0219F6,95,1.0,95.0
STUFDAF27,CRSC9A6A0,TSK0219F6,0,1.0,0.0
STU6C7BA0,CRSC9A6A0,TSK0219F6,77,1.0,77.0
STU01C612,CRSC9A6A0,TSK0219F6,37,1.0,37.0
STU855F09,CRSE3C0B1,TSK1F5091,24,0.0419,1.0056
STU855F09,CRSE3C0B1,TSKB7B1EF,0,0.391,0.0
STU855F09,CRSE3C0B1,TSK11A156,0,0.1714,0.0
STU855F09,CRSE3C0B1,TSK3EB5FC,0,0.3958,0.0
STUF58E73,CRSE3C0B1,TSK1F5091,75,0.0419,3.1425
STUF58E73,CRSE3C0B1,TSKB7B1EF,83,0.391,32.453
STUF58E73,CRSE3C0B1,TSK11A156,71,0.1714,12.1694
STUF58E73,CRSE3C0B1,TSK3EB5FC,88,0.3958,34.8304
STU391C9D,CRSE3C0B1,TSK1F5091,89,0.0419,3.7291
STU391C9D,CRSE3C0B1,TSKB7B1EF,100,0.391,39.1
STU391C9D,CRSE3C0B1,TSK11A156,93,0.1714,15.940199999999999
STU391C9D,CRSE3C0B1,TSK3EB5FC,100,0.3958,39.58
STUCCEA82,CRSE3C0B1,TSK1F5091,48,0.0419,2.0112
STUCCEA82,CRSE3C0B1,TSKB7B1EF,54,0.391,21.114
STUCCEA82,CRSE3C0B1,TSK11A156,79,0.1714,13.5406
STUCCEA82,CRSE3C0B1,TSK3EB5FC,66,0.3958,26.122799999999998
STU8127D4,CRSE3C0B1,TSK1F5091,0,0.0419,0.0
STU8127D4,CRSE3C0B1,TSKB7B1EF,0,0.391,0.0
STU8127D4,CRSE3C0B1,TSK11A156,0,0.1714,0.0
STU8127D4,CRSE3C0B1,TSK3EB5FC,0,0.3958,0.0
STU74E5A8,CRSE3C0B1,TSK1F5091,63,0.0419,2.6397
STU74E5A8,CRSE3C0B1,TSKB7B1EF,62,0.391,24.242
STU74E5A8,CRSE3C0B1,TSK11A156,55,0.1714,9.427
STU74E5A8,CRSE3C0B1,TSK3EB5FC,71,0.3958,28.101799999999997
STUA51D7E,CRSE3C0B1,TSK1F5091,45,0.0419,1.8855
STUA51D7E,CRSE3C0B1,TSKB7B1EF,0,0.391,0.0
STUA51D7E,CRSE3C0B1,TSK11A156,0,0.1714,0.0
STUA51D7E,CRSE3C0B1,TSK3EB5FC,18,0.3958,7.1244
STU941E68,CRSE3C0B1,TSK1F5091,36,0.0419,1.5084
STU941E68,CRSE3C0B1,TSKB7B1EF,46,0.391,17.986
STU941E68,CRSE3C0B1,TSK11A156,35,0.1714,5.999
STU941E68,CRSE3C0B1,TSK3EB5FC,39,0.3958,15.4362
STU6EED2E,CRSE3C0B1,TSK1F5091,61,0.0419,2.5559
STU6EED2E,CRSE3C0B1,TSKB7B1EF,71,0.391,27.761000000000003
STU6EED2E,CRSE3C0B1,TSK11A156,57,0.1714,9.7698
STU6EED2E,CRSE3C0B1,TSK3EB5FC,63,0.3958,24.935399999999998
STUB6350C,CRSE3C0B1,TSK1F5091,61,0.0419,2.5559
STUB6350C,CRSE3C0B1,TSKB7B1EF,70,0.391,27.37
STUB6350C,CRSE3C0B1,TSK11A156,72,0.1714,12.3408
STUB6350C,CRSE3C0B1,TSK3EB5FC,87,0.3958,34.434599999999996
STUA47BD8,CRSE3C0B1,TSK1F5091,43,0.0419,1.8017
STUA47BD8,CRSE3C0B1,TSKB7B1EF,0,0.391,0.0
STUA47BD8,CRSE3C0B1,TSK11A156,0,0.1714,0.0
STUA47BD8,CRSE3C0B1,TSK3EB5FC,0,0.3958,0.0
STUB6B558,CRSE3C0B1,TSK1F5091,51,0.0419,2.1369
STUB6B558,CRSE3C0B1,TSKB7B1EF,86,0.391,33.626000000000005
STUB6B558,CRSE3C0B1,TSK11A156,81,0.1714,13.8834
STUB6B558,CRSE3C0B1,TSK3EB5FC,99,0.3958,39.1842
STUBD1DA0,CRSE3C0B1,TSK1F5091,45,0.0419,1.8855
STUBD1DA0,CRSE3C0B1,TSKB7B1EF,58,0.391,22.678
STUBD1DA0,CRSE3C0B1,TSK11A156,47,0.1714,8.0558
STUBD1DA0,CRSE3C0B1,TSK3EB5FC,66,0.3958,26.122799999999998
STU0AD19D,CRSE3C0B1,TSK1F5091,85,0.0419,3.5615
STU0AD19D,CRSE3C0B1,TSKB7B1EF,92,0.391,35.972
STU0AD19D,CRSE3C0B1,TSK11A156,88,0.1714,15.0832
STU0AD19D,CRSE3C0B1,TSK3EB5FC,98,0.3958,38.788399999999996
STU589415,CRSE3C0B1,TSK1F5091,50,0.0419,2.095
STU589415,CRSE3C0B1,TSKB7B1EF,66,0.391,25.806
STU589415,CRSE3C0B1,TSK11A156,58,0.1714,9.9412
STU589415,CRSE3C0B1,TSK3EB5FC,68,0.3958,26.9144
STUCFA497,CRSE3C0B1,TSK1F5091,34,0.0419,1.4246
STUCFA497,CRSE3C0B1,TSKB7B1EF,39,0.391,15.249
STUCFA497,CRSE3C0B1,TSK11A156,16,0.1714,2.7424
STUCFA497,CRSE3C0B1,TSK3EB5FC,23,0.3958,9.103399999999999
STU76E5D7,CRSE3C0B1,TSK1F5091,64,0.0419,2.6816
STU76E5D7,CRSE3C0B1,TSKB7B1EF,74,0.391,28.934
STU76E5D7,CRSE3C0B1,TSK11A156,84,0.1714,14.3976
STU76E5D7,CRSE3C0B1,TSK3EB5FC,74,0.3958,29.289199999999997
STU8A417F,CRSE3C0B1,TSK1F5091,76,0.0419,3.1844
STU8A417F,CRSE3C0B1,TSKB7B1EF,74,0.391,28.934
STU8A417F,CRSE3C0B1,TSK11A156,68,0.1714,11.6552
STU8A417F,CRSE3C0B1,TSK3EB5FC,79,0.3958,31.2682
STU77BBA3,CRSE3C0B1,TSK1F5091,52,0.0419,2.1788
STU77BBA3,CRSE3C0B1,TSKB7B1EF,63,0.391,24.633000000000003
STU77BBA3,CRSE3C0B1,TSK11A156,48,0.1714,8.2272
STU77BBA3,CRSE3C0B1,TSK3EB5FC,46,0.3958,18.206799999999998
STU3A7D86,CRSE3C0B1,TSK1F5091,82,0.0419,3.4358
STU3A7D86,CRSE3C0B1,TSKB7B1EF,38,0.391,14.858
STU3A7D86,CRSE3C0B1,TSK11A156,29,0.1714,4.9706
STU3A7D86,CRSE3C0B1,TSK3EB5FC,86,0.3958,34.0388
STU395F66,CRSE3C0B1,TSK1F5091,100,0.0419,4.19
STU395F66,CRSE3C0B1,TSKB7B1EF,67,0.391,26.197000000000003
STU395F66,CRSE3C0B1,TSK11A156,99,0.1714,16.9686
STU395F66,CRSE3C0B1,TSK3EB5FC,92,0.3958,36.413599999999995
STU012430,CRSE3C0B1,TSK1F5091,25,0.0419,1.0475
STU012430,CRSE3C0B1,TSKB7B1EF,18,0.391,7.038
STU012430,CRSE3C0B1,TSK11A156,17,0.1714,2.9138
STU012430,CRSE3C0B1,TSK3EB5FC,30,0.3958,11.873999999999999
STUB4135F,CRSE3C0B1,TSK1F5091,20,0.0419,0.838
STUB4135F,CRSE3C0B1,TSKB7B1EF,18,0.391,7.038
STUB4135F,CRSE3C0B1,TSK11A156,10,0.1714,1.714
STUB4135F,CRSE3C0B1,TSK3EB5FC,16,0.3958,6.3328
STU8915BB,CRSE3C0B1,TSK1F5091,56,0.0419,2.3464
STU8915BB,CRSE3C0B1,TSKB7B1EF,78,0.391,30.498
STU8915BB,CRSE3C0B1,TSK11A156,74,0.1714,12.6836
STU8915BB,CRSE3C0B1,TSK3EB5FC,84,0.3958,33.2472
STU9E93B4,CRSE3C0B1,TSK1F5091,100,0.0419,4.19
STU9E93B4,CRSE3C0B1,TSKB7B1EF,91,0.391,35.581
STU9E93B4,CRSE3C0B1,TSK11A156,77,0.1714,13.197799999999999
STU9E93B4,CRSE3C0B1,TSK3EB5FC,78,0.3958,30.8724
STU180B2D,CRSE3C0B1,TSK1F5091,78,0.0419,3.2681999999999998
STU180B2D,CRSE3C0B1,TSKB7B1EF,80,0.391,31.28
STU180B2D,CRSE3C0B1,TSK11A156,81,0.1714,13.8834
STU180B2D,CRSE3C0B1,TSK3EB5FC,76,0.3958,30.0808
STUCCC897,CRSE3C0B1,TSK1F5091,64,0.0419,2.6816
STUCCC897,CRSE3C0B1,TSKB7B1EF,84,0.391,32.844
STUCCC897,CRSE3C0B1,TSK11A156,99,0.1714,16.9686
STUCCC897,CRSE3C0B1,TSK3EB5FC,76,0.3958,30.0808
STU6D2AB2,CRSE3C0B1,TSK1F5091,22,0.0419,0.9218
STU6D2AB2,CRSE3C0B1,TSKB7B1EF,49,0.391,19.159
STU6D2AB2,CRSE3C0B1,TSK11A156,41,0.1714,7.0274
STU6D2AB2,CRSE3C0B1,TSK3EB5FC,29,0.3958,11.4782
STU9F8A02,CRSE3C0B1,TSK1F5091,0,0.0419,0.0
STU9F8A02,CRSE3C0B1,TSKB7B1EF,0,0.391,0.0
STU9F8A02,CRSE3C0B1,TSK11A156,40,0.1714,6.856
STU9F8A02,CRSE3C0B1,TSK3EB5FC,0,0.3958,0.0
STU13A577,CRSE3C0B1,TSK1F5091,51,0.0419,2.1369
STU13A577,CRSE3C0B1,TSKB7B1EF,49,0.391,19.159
STU13A577,CRSE3C0B1,TSK11A156,51,0.1714,8.7414
STU13A577,CRSE3C0B1,TSK3EB5FC,33,0.3958,13.061399999999999
STUD098C1,CRSE3C0B1,TSK1F5091,64,0.0419,2.6816
STUD098C1,CRSE3C0B1,TSKB7B1EF,35,0.391,13.685
STUD098C1,CRSE3C0B1,TSK11A156,48,0.1714,8.2272
STUD098C1,CRSE3C0B1,TSK3EB5FC,58,0.3958,22.9564
STU352FF0,CRSE3C0B1,TSK1F5091,66,0.0419,2.7654
STU352FF0,CRSE3C0B1,TSKB7B1EF,49,0.391,19.159
STU352FF0,CRSE3C0B1,TSK11A156,57,0.1714,9.7698
STU352FF0,CRSE3C0B1,TSK3EB5FC,59,0.3958,23.3522
STU670406,CRSE3C0B1,TSK1F5091,0,0.0419,0.0
STU670406,CRSE3C0B1,TSKB7B1EF,26,0.391,10.166
STU670406,CRSE3C0B1,TSK11A156,0,0.1714,0.0
STU670406,CRSE3C0B1,TSK3EB5FC,0,0.3958,0.0
STU1BD73F,CRSE3C0B1,TSK1F5091,80,0.0419,3.352
STU1BD73F,CRSE3C0B1,TSKB7B1EF,79,0.391,30.889000000000003
STU1BD73F,CRSE3C0B1,TSK11A156,74,0.1714,12.6836
STU1BD73F,CRSE3C0B1,TSK3EB5FC,55,0.3958,21.769
STUFA41A8,CRSE3C0B1,TSK1F5091,72,0.0419,3.0168
STUFA41A8,CRSE3C0B1,TSKB7B1EF,31,0.391,12.121
STUFA41A8,CRSE3C0B1,TSK11A156,23,0.1714,3.9421999999999997
STUFA41A8,CRSE3C0B1,TSK3EB5FC,24,0.3958,9.4992
STUF5B2ED,CRSE3C0B1,TSK1F5091,36,0.0419,1.5084
STUF5B2ED,CRSE3C0B1,TSKB7B1EF,41,0.391,16.031
STUF5B2ED,CRSE3C0B1,TSK11A156,64,0.1714,10.9696
STUF5B2ED,CRSE3C0B1,TSK3EB5FC,81,0.3958,32.059799999999996
STU9A4B6F,CRSE3C0B1,TSK1F5091,70,0.0419,2.933
STU9A4B6F,CRSE3C0B1,TSKB7B1EF,54,0.391,21.114
STU9A4B6F,CRSE3C0B1,TSK11A156,64,0.1714,10.9696
STU9A4B6F,CRSE3C0B1,TSK3EB5FC,75,0.3958,29.685
STU9563FF,CRSE3C0B1,TSK1F5091,18,0.0419,0.7542
STU9563FF,CRSE3C0B1,TSKB7B1EF,14,0.391,5.474
STU9563FF,CRSE3C0B1,TSK11A156,13,0.1714,2.2282
STU9563FF,CRSE3C0B1,TSK3EB5FC,16,0.3958,6.3328
STUFFACFF,CRSE3C0B1,TSK1F5091,29,0.0419,1.2151
STUFFACFF,CRSE3C0B1,TSKB7B1EF,0,0.391,0.0
STUFFACFF,CRSE3C0B1,TSK11A156,0,0.1714,0.0
STUFFACFF,CRSE3C0B1,TSK3EB5FC,0,0.3958,0.0
STUCF2C3E,CRSE3C0B1,TSK1F5091,26,0.0419,1.0894
STUCF2C3E,CRSE3C0B1,TSKB7B1EF,15,0.391,5.865
STUCF2C3E,CRSE3C0B1,TSK11A156,39,0.1714,6.6846
STUCF2C3E,CRSE3C0B1,TSK3EB5FC,19,0.3958,7.5202
STUCC0064,CRSB3DEC3,TSKEE20C8,79,1.0,79.0
STU51F4F1,CRSB3DEC3,TSKEE20C8,27,1.0,27.0
STU05D8A8,CRSB3DEC3,TSKEE20C8,40,1.0,40.0
STU309393,CRSB3DEC3,TSKEE20C8,24,1.0,24.0
STU2C4758,CRSB3DEC3,TSKEE20C8,63,1.0,63.0
STUB1FFD4,CRSB3DEC3,TSKEE20C8,0,1.0,0.0
STU68B55F,CRSB3DEC3,TSKEE20C8,24,1.0,24.0
STU13A195,CRSB3DEC3,TSKEE20C8,76,1.0,76.0
STUC18F7D,CRSB3DEC3,TSKEE20C8,40,1.0,40.0
STU881DF1,CRSB3DEC3,TSKEE20C8,65,1.0,65.0
STU34B1F2,CRSB3DEC3,TSKEE20C8,77,1.0,77.0
STU6C30AC,CRSB3DEC3,TSKEE20C8,48,1.0,48.0
STU033973,CRSB3DEC3,TSKEE20C8,0,1.0,0.0
STU2FE8BA,CRSB3DEC3,TSKEE20C8,39,1.0,39.0
STU4FF4DD,CRSB3DEC3,TSKEE20C8,74,1.0,74.0
STU1B6127,CRSB3DEC3,TSKEE20C8,78,1.0,78.0
STUD01354,CRSB3DEC3,TSKEE20C8,100,1.0,100.0
STU2E6210,CRSB3DEC3,TSKEE20C8,61,1.0,61.0
STU42F9A6,CRSB3DEC3,TSKEE20C8,20,1.0,20.0
STU56F158,CRSB3DEC3,TSKEE20C8,88,1.0,88.0
STUDAD5FB,CRSB3DEC3,TSKEE20C8,0,1.0,0.0
STU0087E1,CRSB3DEC3,TSKEE20C8,58,1.0,58.0
STUA24CAC,CRSB3DEC3,TSKEE20C8,60,1.0,60.0
STU7E3158,CRSB3DEC3,TSKEE20C8,53,1.0,53.0
STU095D94,CRSB3DEC3,TSKEE20C8,86,1.0,86.0
STU2DE1B4,CRSB3DEC3,TSKEE20C8,100,1.0,100.0
STU5F6334,CRSB3DEC3,TSKEE20C8,45,1.0,45.0
STUB35276,CRSB3DEC3,TSKEE20C8,56,1.0,56.0
STUA42816,CRSB3DEC3,TSKEE20C8,63,1.0,63.0
STUE0B3B9,CRSB3DEC3,TSKEE20C8,65,1.0,65.0
STUCEB26F,CRSB3DEC3,TSKEE20C8,44,1.0,44.0
STUF49F13,CRSB3DEC3,TSKEE20C8,0,1.0,0.0
STU1DC52E,CRSB3DEC3,TSKEE20C8,96,1.0,96.0
STU451975,CRSB3DEC3,TSKEE20C8,43,1.0,43.0
STUE741F0,CRSB3DEC3,TSKEE20C8,59,1.0,59.0
STUAED9F8,CRSB3DEC3,TSKEE20C8,75,1.0,75.0
STUA402F5,CRSB3DEC3,TSKEE20C8,0,1.0,0.0
STU8F1B3D,CRSB3DEC3,TSKEE20C8,0,1.0,0.0
STUB880A4,CRSB3DEC3,TSKEE20C8,33,1.0,33.0
STUEA7A23,CRSB3DEC3,TSKEE20C8,25,1.0,25.0
STU231CB6,CRSE8DD32,TSKD4AE64,56,0.5843,32.720800000000004
STU231CB6,CRSE8DD32,TSK14F810,0,0.2955,0.0
STU231CB6,CRSE8DD32,TSK65F538,0,0.1202,0.0
STU0C2C87,CRSE8DD32,TSKD4AE64,55,0.5843,32.136500000000005
STU0C2C87,CRSE8DD32,TSK14F810,51,0.2955,15.0705
STU0C2C87,CRSE8DD32,TSK65F538,42,0.1202,5.0484
STUAACB7E,CRSE8DD32,TSKD4AE64,56,0.5843,32.720800000000004
STUAACB7E,CRSE8DD32,TSK14F810,51,0.2955,15.0705
STUAACB7E,CRSE8DD32,TSK65F538,51,0.1202,6.1302
STU7797C2,CRSE8DD32,TSKD4AE64,0,0.5843,0.0
STU7797C2,CRSE8DD32,TSK14F810,0,0.2955,0.0
STU7797C2,CRSE8DD32,TSK65F538,78,0.1202,9.3756
STUD725BC,CRSE8DD32,TSKD4AE64,81,0.5843,47.328300000000006
STUD725BC,CRSE8DD32,TSK14F810,82,0.2955,24.230999999999998
STUD725BC,CRSE8DD32,TSK65F538,81,0.1202,9.7362
STU70F86B,CRSE8DD32,TSKD4AE64,90,0.5843,52.587
STU70F86B,CRSE8DD32,TSK14F810,98,0.2955,28.959
STU70F86B,CRSE8DD32,TSK65F538,76,0.1202,9.1352
STU46BA61,CRSE8DD32,TSKD4AE64,56,0.5843,32.720800000000004
STU46BA61,CRSE8DD32,TSK14F810,60,0.2955,17.73
STU46BA61,CRSE8DD32,TSK65F538,67,0.1202,8.0534
STUE53C50,CRSE8DD32,TSKD4AE64,0,0.5843,0.0
STUE53C50,CRSE8DD32,TSK14F810,0,0.2955,0.0
STUE53C50,CRSE8DD32,TSK65F538,0,0.1202,0.0
STU2CD60D,CRSE8DD32,TSKD4AE64,0,0.5843,0.0
STU2CD60D,CRSE8DD32,TSK14F810,0,0.2955,0.0
STU2CD60D,CRSE8DD32,TSK65F538,0,0.1202,0.0
STU7A1A06,CRSE8DD32,TSKD4AE64,0,0.5843,0.0
STU7A1A06,CRSE8DD32,TSK14F810,0,0.2955,0.0
STU7A1A06,CRSE8DD32,TSK65F538,32,0.1202,3.8464
STUD176FA,CRSE8DD32,TSKD4AE64,0,0.5843,0.0
STUD176FA,CRSE8DD32,TSK14F810,0,0.2955,0.0
STUD176FA,CRSE8DD32,TSK65F538,0,0.1202,0.0
STU49C839,CRSE8DD32,TSKD4AE64,54,0.5843,31.552200000000003
STU49C839,CRSE8DD32,TSK14F810,78,0.2955,23.049
STU49C839,CRSE8DD32,TSK65F538,46,0.1202,5.5292
STUDDB2F3,CRSE8DD32,TSKD4AE64,65,0.5843,37.9795
STUDDB2F3,CRSE8DD32,TSK14F810,76,0.2955,22.458
STUDDB2F3,CRSE8DD32,TSK65F538,77,0.1202,9.2554
STUFEC5D3,CRSE8DD32,TSKD4AE64,35,0.5843,20.4505
STUFEC5D3,CRSE8DD32,TSK14F810,18,0.2955,5.319
STUFEC5D3,CRSE8DD32,TSK65F538,36,0.1202,4.3272
STU26E853,CRSE8DD32,TSKD4AE64,88,0.5843,51.418400000000005
STU26E853,CRSE8DD32,TSK14F810,79,0.2955,23.3445
STU26E853,CRSE8DD32,TSK65F538,81,0.1202,9.7362
STU920BFB,CRSE8DD32,TSKD4AE64,0,0.5843,0.0
STU920BFB,CRSE8DD32,TSK14F810,0,0.2955,0.0
STU920BFB,CRSE8DD32,TSK65F538,0,0.1202,0.0
STU3E7B3E,CRSE8DD32,TSKD4AE64,89,0.5843,52.002700000000004
STU3E7B3E,CRSE8DD32,TSK14F810,71,0.2955,20.9805
STU3E7B3E,CRSE8DD32,TSK65F538,84,0.1202,10.0968
STUDDD95F,CRSE8DD32,TSKD4AE64,16,0.5843,9.3488
STUDDD95F,CRSE8DD32,TSK14F810,32,0.2955,9.456
STUDDD95F,CRSE8DD32,TSK65F538,16,0.1202,1.9232
STUD8CA4E,CRSE8DD32,TSKD4AE64,34,0.5843,19.866200000000003
STUD8CA4E,CRSE8DD32,TSK14F810,55,0.2955,16.252499999999998
STUD8CA4E,CRSE8DD32,TSK65F538,34,0.1202,4.0868
STU48E1DC,CRSE8DD32,TSKD4AE64,21,0.5843,12.2703
STU48E1DC,CRSE8DD32,TSK14F810,14,0.2955,4.137
STU48E1DC,CRSE8DD32,TSK65F538,18,0.1202,2.1636
STU3CD2E1,CRSE8DD32,TSKD4AE64,89,0.5843,52.002700000000004
STU3CD2E1,CRSE8DD32,TSK14F810,81,0.2955,23.935499999999998
STU3CD2E1,CRSE8DD32,TSK65F538,93,0.1202,11.1786
STUAB6844,CRSE8DD32,TSKD4AE64,92,0.5843,53.7556
STUAB6844,CRSE8DD32,TSK14F810,98,0.2955,28.959
STUAB6844,CRSE8DD32,TSK65F538,100,0.1202,12.02
STU490417,CRSE8DD32,TSKD4AE64,36,0.5843,21.0348
STU490417,CRSE8DD32,TSK14F810,41,0.2955,12.115499999999999
STU490417,CRSE8DD32,TSK65F538,16,0.1202,1.9232
STUB94C39,CRSE8DD32,TSKD4AE64,66,0.5843,38.5638
STUB94C39,CRSE8DD32,TSK14F810,75,0.2955,22.162499999999998
STUB94C39,CRSE8DD32,TSK65F538,60,0.1202,7.212
STU7F2EEF,CRSE8DD32,TSKD4AE64,53,0.5843,30.967900000000004
STU7F2EEF,CRSE8DD32,TSK14F810,34,0.2955,10.046999999999999
STU7F2EEF,CRSE8DD32,TSK65F538,47,0.1202,5.6494
STU3076BF,CRSE8DD32,TSKD4AE64,66,0.5843,38.5638
STU3076BF,CRSE8DD32,TSK14F810,62,0.2955,18.320999999999998
STU3076BF,CRSE8DD32,TSK65F538,41,0.1202,4.9282
STUEAD4B7,CRSE8DD32,TSKD4AE64,69,0.5843,40.316700000000004
STUEAD4B7,CRSE8DD32,TSK14F810,56,0.2955,16.548
STUEAD4B7,CRSE8DD32,TSK65F538,64,0.1202,7.6928
STU12C490,CRSE8DD32,TSKD4AE64,86,0.5843,50.2498
STU12C490,CRSE8DD32,TSK14F810,100,0.2955,29.549999999999997
STU12C490,CRSE8DD32,TSK65F538,86,0.1202,10.3372
STU6EB323,CRSE8DD32,TSKD4AE64,92,0.5843,53.7556
STU6EB323,CRSE8DD32,TSK14F810,56,0.2955,16.548
STU6EB323,CRSE8DD32,TSK65F538,97,0.1202,11.6594
STU37F200,CRSE8DD32,TSKD4AE64,57,0.5843,33.3051
STU37F200,CRSE8DD32,TSK14F810,57,0.2955,16.8435
STU37F200,CRSE8DD32,TSK65F538,63,0.1202,7.5726
STU2FBAC4,CRSE8DD32,TSKD4AE64,79,0.5843,46.1597
STU2FBAC4,CRSE8DD32,TSK14F810,72,0.2955,21.276
STU2FBAC4,CRSE8DD32,TSK65F538,85,0.1202,10.217
STU2F9836,CRSE8DD32,TSKD4AE64,100,0.5843,58.43000000000001
STU2F9836,CRSE8DD32,TSK14F810,100,0.2955,29.549999999999997
STU2F9836,CRSE8DD32,TSK65F538,100,0.1202,12.02
STUAD80D2,CRSE8DD32,TSKD4AE64,74,0.5843,43.238200000000006
STUAD80D2,CRSE8DD32,TSK14F810,81,0.2955,23.935499999999998
STUAD80D2,CRSE8DD32,TSK65F538,88,0.1202,10.5776
STUF6224C,CRSE8DD32,TSKD4AE64,76,0.5843,44.406800000000004
STUF6224C,CRSE8DD32,TSK14F810,77,0.2955,22.7535
STUF6224C,CRSE8DD32,TSK65F538,83,0.1202,9.9766
STU6F7069,CRSE8DD32,TSKD4AE64,82,0.5843,47.912600000000005
STU6F7069,CRSE8DD32,TSK14F810,67,0.2955,19.7985
STU6F7069,CRSE8DD32,TSK65F538,95,0.1202,11.419
STUB76C7E,CRSE8DD32,TSKD4AE64,48,0.5843,28.046400000000002
STUB76C7E,CRSE8DD32,TSK14F810,39,0.2955,11.5245
STUB76C7E,CRSE8DD32,TSK65F538,47,0.1202,5.6494
STU567CE4,CRSE8DD32,TSKD4AE64,77,0.5843,44.9911
STU567CE4,CRSE8DD32,TSK14F810,79,0.2955,23.3445
STU567CE4,CRSE8DD32,TSK65F538,74,0.1202,8.8948
STU5130B6,CRSE8DD32,TSKD4AE64,95,0.5843,55.508500000000005
STU5130B6,CRSE8DD32,TSK14F810,72,0.2955,21.276
STU5130B6,CRSE8DD32,TSK65F538,77,0.1202,9.2554
STU03EC99,CRSE8DD32,TSKD4AE64,35,0.5843,20.4505
STU03EC99,CRSE8DD32,TSK14F810,33,0.2955,9.7515
STU03EC99,CRSE8DD32,TSK65F538,55,0.1202,6.611
STU4FB77E,CRSE8DD32,TSKD4AE64,58,0.5843,33.8894
STU4FB77E,CRSE8DD32,TSK14F810,87,0.2955,25.708499999999997
STU4FB77E,CRSE8DD32,TSK65F538,77,0.1202,9.2554
STU0FAD41,CRSE4187D,TSKA630D5,37,1.0,37.0
STU29B0EF,CRSE4187D,TSKA630D5,28,1.0,28.0
STU30D20A,CRSE4187D,TSKA630D5,40,1.0,40.0
STU94EDAC,CRSE4187D,TSKA630D5,10,1.0,10.0
STUAB2608,CRSE4187D,TSKA630D5,100,1.0,100.0
STUF7A89A,CRSE4187D,TSKA630D5,0,1.0,0.0
STU474DB7,CRSE4187D,TSKA630D5,74,1.0,74.0
STU588583,CRSE4187D,TSKA630D5,32,1.0,32.0
STU5CA792,CRSE4187D,TSKA630D5,51,1.0,51.0
STU7B4607,CRSE4187D,TSKA630D5,36,1.0,36.0
STU47CB77,CRSE4187D,TSKA630D5,94,1.0,94.0
STUBEEF85,CRSE4187D,TSKA630D5,40,1.0,40.0
STU11E422,CRSE4187D,TSKA630D5,59,1.0,59.0
STUDA2302,CRSE4187D,TSKA630D5,17,1.0,17.0
STU593845,CRSE4187D,TSKA630D5,48,1.0,48.0
STU53CFFC,CRSE4187D,TSKA630D5,60,1.0,60.0
STU039D87,CRSE4187D,TSKA630D5,39,1.0,39.0
STU895142,CRSE4187D,TSKA630D5,80,1.0,80.0
STUECB6DF,CRSE4187D,TSKA630D5,0,1.0,0.0
STU58B142,CRSE4187D,TSKA630D5,87,1.0,87.0
STUFD2A7E,CRSE4187D,TSKA630D5,0,1.0,0.0
STUEEDCA7,CRSE4187D,TSKA630D5,55,1.0,55.0
STU6C8853,CRSE4187D,TSKA630D5,35,1.0,35.0
STU6E65AD,CRSE4187D,TSKA630D5,79,1.0,79.0
STU0CEF6C,CRSE4187D,TSKA630D5,44,1.0,44.0
STU223C56,CRSE4187D,TSKA630D5,45,1.0,45.0
STU23810A,CRSE4187D,TSKA630D5,0,1.0,0.0
STU870C08,CRSE4187D,TSKA630D5,17,1.0,17.0
STUDFB8B9,CRSE4187D,TSKA630D5,100,1.0,100.0
STUA4944C,CRSE4187D,TSKA630D5,47,1.0,47.0
STU2FCF9E,CRSE4187D,TSKA630D5,20,1.0,20.0
STU228C8E,CRSE4187D,TSKA630D5,0,1.0,0.0
STU451975,CRSE4187D,TSKA630D5,36,1.0,36.0
STU9FB2DA,CRSE4187D,TSKA630D5,32,1.0,32.0
STU38B3E6,CRSE4187D,TSKA630D5,90,1.0,90.0
STU896CD5,CRSE4187D,TSKA630D5,68,1.0,68.0
STUED34B2,CRSE4187D,TSKA630D5,35,1.0,35.0
STU5055E5,CRSE4187D,TSKA630D5,49,1.0,49.0
STUC24F59,CRSE4187D,TSKA630D5,21,1.0,21.0
STU52B822,CRSE4187D,TSKA630D5,27,1.0,27.0
STUFB2154,CRSBA7C05,TSK793CD9,53,0.5411,28.6783
STUFB2154,CRSBA7C05,TSK286E4E,37,0.3328,12.3136
STUFB2154,CRSBA7C05,TSKB68AE1,63,0.126,7.938
STU0E38DE,CRSBA7C05,TSK793CD9,79,0.5411,42.746900000000004
STU0E38DE,CRSBA7C05,TSK286E4E,56,0.3328,18.6368
STU0E38DE,CRSBA7C05,TSKB68AE1,68,0.126,8.568
STU2B1E94,CRSBA7C05,TSK793CD9,64,0.5411,34.6304
STU2B1E94,CRSBA7C05,TSK286E4E,77,0.3328,25.6256
STU2B1E94,CRSBA7C05,TSKB68AE1,58,0.126,7.308
STUDAE744,CRSBA7C05,TSK793CD9,100,0.5411,54.11
STUDAE744,CRSBA7C05,TSK286E4E,95,0.3328,31.616
STUDAE744,CRSBA7C05,TSKB68AE1,100,0.126,12.6
STUFD7037,CRSBA7C05,TSK793CD9,55,0.5411,29.7605
STUFD7037,CRSBA7C05,TSK286E4E,69,0.3328,22.9632
STUFD7037,CRSBA7C05,TSKB68AE1,56,0.126,7.056
STU2FB855,CRSBA7C05,TSK793CD9,71,0.5411,38.4181
STU2FB855,CRSBA7C05,TSK286E4E,79,0.3328,26.2912
STU2FB855,CRSBA7C05,TSKB68AE1,93,0.126,11.718
STU1E9E37,CRSBA7C05,TSK793CD9,61,0.5411,33.0071
STU1E9E37,CRSBA7C05,TSK286E4E,57,0.3328,18.9696
STU1E9E37,CRSBA7C05,TSKB68AE1,54,0.126,6.804
STU39D602,CRSBA7C05,TSK793CD9,27,0.5411,14.6097
STU39D602,CRSBA7C05,TSK286E4E,40,0.3328,13.312
STU39D602,CRSBA7C05,TSKB68AE1,51,0.126,6.426
STUB3D60B,CRSBA7C05,TSK793CD9,100,0.5411,54.11
STUB3D60B,CRSBA7C05,TSK286E4E,67,0.3328,22.2976
STUB3D60B,CRSBA7C05,TSKB68AE1,100,0.126,12.6
STUC09DDD,CRSBA7C05,TSK793CD9,39,0.5411,21.1029
STUC09DDD,CRSBA7C05,TSK286E4E,23,0.3328,7.6544
STUC09DDD,CRSBA7C05,TSKB68AE1,28,0.126,3.528
STU715CB8,CRSBA7C05,TSK793CD9,90,0.5411,48.699000000000005
STU715CB8,CRSBA7C05,TSK286E4E,97,0.3328,32.2816
STU715CB8,CRSBA7C05,TSKB68AE1,81,0.126,10.206
STUC3D131,CRSBA7C05,TSK793CD9,0,0.5411,0.0
STUC3D131,CRSBA7C05,TSK286E4E,0,0.3328,0.0
STUC3D131,CRSBA7C05,TSKB68AE1,0,0.126,0.0
STU6B0980,CRSBA7C05,TSK793CD9,83,0.5411,44.911300000000004
STU6B0980,CRSBA7C05,TSK286E4E,80,0.3328,26.624
STU6B0980,CRSBA7C05,TSKB68AE1,81,0.126,10.206
STUFAE3CA,CRSBA7C05,TSK793CD9,30,0.5411,16.233
STUFAE3CA,CRSBA7C05,TSK286E4E,3,0.3328,0.9984
STUFAE3CA,CRSBA7C05,TSKB68AE1,20,0.126,2.52
STU4C84F4,CRSBA7C05,TSK793CD9,30,0.5411,16.233
STU4C84F4,CRSBA7C05,TSK286E4E,0,0.3328,0.0
STU4C84F4,CRSBA7C05,TSKB68AE1,28,0.126,3.528
STU8E8E17,CRSBA7C05,TSK793CD9,86,0.5411,46.534600000000005
STU8E8E17,CRSBA7C05,TSK286E4E,100,0.3328,33.28
STU8E8E17,CRSBA7C05,TSKB68AE1,74,0.126,9.324
STU8BCC23,CRSBA7C05,TSK793CD9,48,0.5411,25.9728
STU8BCC23,CRSBA7C05,TSK286E4E,47,0.3328,15.641599999999999
STU8BCC23,CRSBA7C05,TSKB68AE1,32,0.126,4.032
STU84D877,CRSBA7C05,TSK793CD9,56,0.5411,30.3016
STU84D877,CRSBA7C05,TSK286E4E,53,0.3328,17.6384
STU84D877,CRSBA7C05,TSKB68AE1,99,0.126,12.474
STU8A4847,CRSBA7C05,TSK793CD9,81,0.5411,43.829100000000004
STU8A4847,CRSBA7C05,TSK286E4E,93,0.3328,30.9504
STU8A4847,CRSBA7C05,TSKB68AE1,73,0.126,9.198
STUF81525,CRSBA7C05,TSK793CD9,0,0.5411,0.0
STUF81525,CRSBA7C05,TSK286E4E,0,0.3328,0.0
STUF81525,CRSBA7C05,TSKB68AE1,0,0.126,0.0
STUE0F841,CRSBA7C05,TSK793CD9,18,0.5411,9.7398
STUE0F841,CRSBA7C05,TSK286E4E,24,0.3328,7.9872
STUE0F841,CRSBA7C05,TSKB68AE1,17,0.126,2.142
STUA698CA,CRSBA7C05,TSK793CD9,0,0.5411,0.0
STUA698CA,CRSBA7C05,TSK286E4E,0,0.3328,0.0
STUA698CA,CRSBA7C05,TSKB68AE1,0,0.126,0.0
STU71A955,CRSBA7C05,TSK793CD9,35,0.5411,18.9385
STU71A955,CRSBA7C05,TSK286E4E,58,0.3328,19.3024
STU71A955,CRSBA7C05,TSKB68AE1,45,0.126,5.67
STUD6D11B,CRSBA7C05,TSK793CD9,45,0.5411,24.349500000000003
STUD6D11B,CRSBA7C05,TSK286E4E,24,0.3328,7.9872
STUD6D11B,CRSBA7C05,TSKB68AE1,55,0.126,6.93
STU09C688,CRSBA7C05,TSK793CD9,59,0.5411,31.9249
STU09C688,CRSBA7C05,TSK286E4E,47,0.3328,15.641599999999999
STU09C688,CRSBA7C05,TSKB68AE1,28,0.126,3.528
STU95AA2E,CRSBA7C05,TSK793CD9,73,0.5411,39.5003
STU95AA2E,CRSBA7C05,TSK286E4E,79,0.3328,26.2912
STU95AA2E,CRSBA7C05,TSKB68AE1,77,0.126,9.702
STU14AA3B,CRSBA7C05,TSK793CD9,15,0.5411,8.1165
STU14AA3B,CRSBA7C05,TSK286E4E,16,0.3328,5.3248
STU14AA3B,CRSBA7C05,TSKB68AE1,12,0.126,1.512
STU0FD6DF,CRSBA7C05,TSK793CD9,0,0.5411,0.0
STU0FD6DF,CRSBA7C05,TSK286E4E,25,0.3328,8.32
STU0FD6DF,CRSBA7C05,TSKB68AE1,0,0.126,0.0
STUA6D15A,CRSBA7C05,TSK793CD9,55,0.5411,29.7605
STUA6D15A,CRSBA7C05,TSK286E4E,51,0.3328,16.9728
STUA6D15A,CRSBA7C05,TSKB68AE1,63,0.126,7.938
STU7F6AC1,CRSBA7C05,TSK793CD9,47,0.5411,25.431700000000003
STU7F6AC1,CRSBA7C05,TSK286E4E,48,0.3328,15.9744
STU7F6AC1,CRSBA7C05,TSKB68AE1,63,0.126,7.938
STU3E0745,CRSBA7C05,TSK793CD9,21,0.5411,11.363100000000001
STU3E0745,CRSBA7C05,TSK286E4E,28,0.3328,9.3184
STU3E0745,CRSBA7C05,TSKB68AE1,49,0.126,6.174
STUE7BDD8,CRSBA7C05,TSK793CD9,69,0.5411,37.3359
STUE7BDD8,CRSBA7C05,TSK286E4E,74,0.3328,24.6272
STUE7BDD8,CRSBA7C05,TSKB68AE1,79,0.126,9.954
STUDA0D08,CRSBA7C05,TSK793CD9,84,0.5411,45.452400000000004
STUDA0D08,CRSBA7C05,TSK286E4E,73,0.3328,24.2944
STUDA0D08,CRSBA7C05,TSKB68AE1,78,0.126,9.828
STU8E65DC,CRSBA7C05,TSK793CD9,26,0.5411,14.0686
STU8E65DC,CRSBA7C05,TSK286E4E,25,0.3328,8.32
STU8E65DC,CRSBA7C05,TSKB68AE1,31,0.126,3.906
STU0AA214,CRSBA7C05,TSK793CD9,52,0.5411,28.1372
STU0AA214,CRSBA7C05,TSK286E4E,46,0.3328,15.3088
STU0AA214,CRSBA7C05,TSKB68AE1,36,0.126,4.536
STU94D4E9,CRSBA7C05,TSK793CD9,0,0.5411,0.0
STU94D4E9,CRSBA7C05,TSK286E4E,0,0.3328,0.0
STU94D4E9,CRSBA7C05,TSKB68AE1,0,0.126,0.0
STU1E2954,CRSBA7C05,TSK793CD9,65,0.5411,35.1715
STU1E2954,CRSBA7C05,TSK286E4E,65,0.3328,21.631999999999998
STU1E2954,CRSBA7C05,TSKB68AE1,51,0.126,6.426
STUC43F50,CRSBA7C05,TSK793CD9,100,0.5411,54.11
STUC43F50,CRSBA7C05,TSK286E4E,87,0.3328,28.953599999999998
STUC43F50,CRSBA7C05,TSKB68AE1,76,0.126,9.576
STUAA1C7C,CRSBA7C05,TSK793CD9,69,0.5411,37.3359
STUAA1C7C,CRSBA7C05,TSK286E4E,67,0.3328,22.2976
STUAA1C7C,CRSBA7C05,TSKB68AE1,62,0.126,7.812
STU5AFB91,CRSBA7C05,TSK793CD9,44,0.5411,23.808400000000002
STU5AFB91,CRSBA7C05,TSK286E4E,38,0.3328,12.6464
STU5AFB91,CRSBA7C05,TSKB68AE1,27,0.126,3.402
STU46A291,CRS817AE2,TSK54D783,60,0.5298,31.788000000000004
STU46A291,CRS817AE2,TSK12661E,53,0.4702,24.9206
STU3F2DD2,CRS817AE2,TSK54D783,64,0.5298,33.9072
STU3F2DD2,CRS817AE2,TSK12661E,77,0.4702,36.2054
STUBE9C3F,CRS817AE2,TSK54D783,85,0.5298,45.033
STUBE9C3F,CRS817AE2,TSK12661E,90,0.4702,42.318
STU9995BA,CRS817AE2,TSK54D783,84,0.5298,44.50320000000001
STU9995BA,CRS817AE2,TSK12661E,77,0.4702,36.2054
STU06B307,CRS817AE2,TSK54D783,58,0.5298,30.728400000000004
STU06B307,CRS817AE2,TSK12661E,72,0.4702,33.8544
STU436BC4,CRS817AE2,TSK54D783,0,0.5298,0.0
STU436BC4,CRS817AE2,TSK12661E,47,0.4702,22.0994
STU02F850,CRS817AE2,TSK54D783,75,0.5298,39.73500000000001
STU02F850,CRS817AE2,TSK12661E,84,0.4702,39.4968
STUC74557,CRS817AE2,TSK54D783,67,0.5298,35.4966
STUC74557,CRS817AE2,TSK12661E,94,0.4702,44.1988
STUF42DCD,CRS817AE2,TSK54D783,41,0.5298,21.7218
STUF42DCD,CRS817AE2,TSK12661E,35,0.4702,16.457
STU19B97F,CRS817AE2,TSK54D783,93,0.5298,49.27140000000001
STU19B97F,CRS817AE2,TSK12661E,57,0.4702,26.8014
STUA932F6,CRS817AE2,TSK54D783,71,0.5298,37.6158
STUA932F6,CRS817AE2,TSK12661E,50,0.4702,23.51
STU31A108,CRS817AE2,TSK54D783,0,0.5298,0.0
STU31A108,CRS817AE2,TSK12661E,49,0.4702,23.0398
STU2B0DD3,CRS817AE2,TSK54D783,77,0.5298,40.7946
STU2B0DD3,CRS817AE2,TSK12661E,82,0.4702,38.556400000000004
STU0C52B9,CRS817AE2,TSK54D783,83,0.5298,43.973400000000005
STU0C52B9,CRS817AE2,TSK12661E,92,0.4702,43.2584
STU40E4E7,CRS817AE2,TSK54D783,67,0.5298,35.4966
STU40E4E7,CRS817AE2,TSK12661E,82,0.4702,38.556400000000004
STUFEEEF0,CRS817AE2,TSK54D783,0,0.5298,0.0
STUFEEEF0,CRS817AE2,TSK12661E,0,0.4702,0.0
STU715314,CRS817AE2,TSK54D783,71,0.5298,37.6158
STU715314,CRS817AE2,TSK12661E,68,0.4702,31.9736
STU22D974,CRS817AE2,TSK54D783,29,0.5298,15.364200000000002
STU22D974,CRS817AE2,TSK12661E,64,0.4702,30.0928
STUED3143,CRS817AE2,TSK54D783,65,0.5298,34.437000000000005
STUED3143,CRS817AE2,TSK12661E,59,0.4702,27.7418
STU30F5D6,CRS817AE2,TSK54D783,82,0.5298,43.4436
STU30F5D6,CRS817AE2,TSK12661E,81,0.4702,38.0862
STU955380,CRS817AE2,TSK54D783,0,0.5298,0.0
STU955380,CRS817AE2,TSK12661E,0,0.4702,0.0
STUCF0A49,CRS817AE2,TSK54D783,80,0.5298,42.384
STUCF0A49,CRS817AE2,TSK12661E,85,0.4702,39.967
STU847BF9,CRS817AE2,TSK54D783,74,0.5298,39.205200000000005
STU847BF9,CRS817AE2,TSK12661E,86,0.4702,40.4372
STUA87FD7,CRS817AE2,TSK54D783,84,0.5298,44.50320000000001
STUA87FD7,CRS817AE2,TSK12661E,64,0.4702,30.0928
STUF67FDB,CRS817AE2,TSK54D783,64,0.5298,33.9072
STUF67FDB,CRS817AE2,TSK12661E,24,0.4702,11.2848
STU49589B,CRS817AE2,TSK54D783,0,0.5298,0.0
STU49589B,CRS817AE2,TSK12661E,0,0.4702,0.0
STU5F11F7,CRS817AE2,TSK54D783,60,0.5298,31.788000000000004
STU5F11F7,CRS817AE2,TSK12661E,62,0.4702,29.1524
STU6416F3,CRS817AE2,TSK54D783,50,0.5298,26.490000000000002
STU6416F3,CRS817AE2,TSK12661E,0,0.4702,0.0
STUFE8D11,CRS817AE2,TSK54D783,36,0.5298,19.0728
STUFE8D11,CRS817AE2,TSK12661E,30,0.4702,14.106
STUC186FE,CRS817AE2,TSK54D783,78,0.5298,41.324400000000004
STUC186FE,CRS817AE2,TSK12661E,91,0.4702,42.7882
STUD5DE4B,CRS817AE2,TSK54D783,61,0.5298,32.317800000000005
STUD5DE4B,CRS817AE2,TSK12661E,64,0.4702,30.0928
STU59C7EF,CRS817AE2,TSK54D783,78,0.5298,41.324400000000004
STU59C7EF,CRS817AE2,TSK12661E,71,0.4702,33.3842
STU1D94B3,CRS817AE2,TSK54D783,64,0.5298,33.9072
STU1D94B3,CRS817AE2,TSK12661E,28,0.4702,13.1656
STUD18913,CRS817AE2,TSK54D783,45,0.5298,23.841
STUD18913,CRS817AE2,TSK12661E,45,0.4702,21.159
STU8503E5,CRS817AE2,TSK54D783,80,0.5298,42.384
STU8503E5,CRS817AE2,TSK12661E,86,0.4702,40.4372
STU745AB3,CRS817AE2,TSK54D783,93,0.5298,49.27140000000001
STU745AB3,CRS817AE2,TSK12661E,72,0.4702,33.8544
STUCE09A5,CRS817AE2,TSK54D783,43,0.5298,22.7814
STUCE09A5,CRS817AE2,TSK12661E,37,0.4702,17.3974
STUD03D8E,CRS817AE2,TSK54D783,22,0.5298,11.655600000000002
STUD03D8E,CRS817AE2,TSK12661E,51,0.4702,23.9802
STUD0D7BD,CRS817AE2,TSK54D783,52,0.5298,27.5496
STUD0D7BD,CRS817AE2,TSK12661E,53,0.4702,24.9206
STUDC93E4,CRS817AE2,TSK54D783,33,0.5298,17.483400000000003
STUDC93E4,CRS817AE2,TSK12661E,57,0.4702,26.8014
STU188CC2,CRS79BCC1,TSK9BBEA2,45,0.8538,38.421
STU188CC2,CRS79BCC1,TSK4F6582,43,0.1462,6.2866
STUB5315F,CRS79BCC1,TSK9BBEA2,75,0.8538,64.035
STUB5315F,CRS79BCC1,TSK4F6582,97,0.1462,14.1814
STUB253DD,CRS79BCC1,TSK9BBEA2,83,0.8538,70.8654
STUB253DD,CRS79BCC1,TSK4F6582,79,0.1462,11.5498
STUF3A1FC,CRS79BCC1,TSK9BBEA2,31,0.8538,26.4678
STUF3A1FC,CRS79BCC1,TSK4F6582,19,0.1462,2.7778
STUA83EC1,CRS79BCC1,TSK9BBEA2,50,0.8538,42.69
STUA83EC1,CRS79BCC1,TSK4F6582,40,0.1462,5.848
STU86271B,CRS79BCC1,TSK9BBEA2,21,0.8538,17.9298
STU86271B,CRS79BCC1,TSK4F6582,0,0.1462,0.0
STU767C18,CRS79BCC1,TSK9BBEA2,61,0.8538,52.0818
STU767C18,CRS79BCC1,TSK4F6582,33,0.1462,4.8246
STU9E3595,CRS79BCC1,TSK9BBEA2,11,0.8538,9.3918
STU9E3595,CRS79BCC1,TSK4F6582,0,0.1462,0.0
STU7542B7,CRS79BCC1,TSK9BBEA2,74,0.8538,63.1812
STU7542B7,CRS79BCC1,TSK4F6582,71,0.1462,10.3802
STU38B655,CRS79BCC1,TSK9BBEA2,45,0.8538,38.421
STU38B655,CRS79BCC1,TSK4F6582,66,0.1462,9.6492
STU1D448A,CRS79BCC1,TSK9BBEA2,0,0.8538,0.0
STU1D448A,CRS79BCC1,TSK4F6582,0,0.1462,0.0
STUA28510,CRS79BCC1,TSK9BBEA2,74,0.8538,63.1812
STUA28510,CRS79BCC1,TSK4F6582,73,0.1462,10.6726
STU2E8F2B,CRS79BCC1,TSK9BBEA2,0,0.8538,0.0
STU2E8F2B,CRS79BCC1,TSK4F6582,27,0.1462,3.9474
STUB03928,CRS79BCC1,TSK9BBEA2,93,0.8538,79.4034
STUB03928,CRS79BCC1,TSK4F6582,87,0.1462,12.7194
STUEFF65A,CRS79BCC1,TSK9BBEA2,81,0.8538,69.1578
STUEFF65A,CRS79BCC1,TSK4F6582,75,0.1462,10.965
STU91C66C,CRS79BCC1,TSK9BBEA2,0,0.8538,0.0
STU91C66C,CRS79BCC1,TSK4F6582,0,0.1462,0.0
STU676794,CRS79BCC1,TSK9BBEA2,72,0.8538,61.4736
STU676794,CRS79BCC1,TSK4F6582,50,0.1462,7.31
STUCD1F3C,CRS79BCC1,TSK9BBEA2,83,0.8538,70.8654
STUCD1F3C,CRS79BCC1,TSK4F6582,73,0.1462,10.6726
STU9E8C02,CRS79BCC1,TSK9BBEA2,54,0.8538,46.1052
STU9E8C02,CRS79BCC1,TSK4F6582,48,0.1462,7.0176
STUEBCC00,CRS79BCC1,TSK9BBEA2,35,0.8538,29.883
STUEBCC00,CRS79BCC1,TSK4F6582,47,0.1462,6.8713999999999995
STU73CDC5,CRS79BCC1,TSK9BBEA2,95,0.8538,81.111
STU73CDC5,CRS79BCC1,TSK4F6582,95,0.1462,13.889
STUE8847E,CRS79BCC1,TSK9BBEA2,76,0.8538,64.8888
STUE8847E,CRS79BCC1,TSK4F6582,78,0.1462,11.403599999999999
STU98CCD6,CRS79BCC1,TSK9BBEA2,70,0.8538,59.766
STU98CCD6,CRS79BCC1,TSK4F6582,45,0.1462,6.579
STUB45965,CRS79BCC1,TSK9BBEA2,69,0.8538,58.9122
STUB45965,CRS79BCC1,TSK4F6582,65,0.1462,9.503
STUD1FBB0,CRS79BCC1,TSK9BBEA2,0,0.8538,0.0
STUD1FBB0,CRS79BCC1,TSK4F6582,0,0.1462,0.0
STU48D8BF,CRS79BCC1,TSK9BBEA2,24,0.8538,20.4912
STU48D8BF,CRS79BCC1,TSK4F6582,0,0.1462,0.0
STU5A4ACB,CRS79BCC1,TSK9BBEA2,43,0.8538,36.7134
STU5A4ACB,CRS79BCC1,TSK4F6582,41,0.1462,5.9942
STU9C0D48,CRS79BCC1,TSK9BBEA2,81,0.8538,69.1578
STU9C0D48,CRS79BCC1,TSK4F6582,78,0.1462,11.403599999999999
STU51C6FC,CRS79BCC1,TSK9BBEA2,74,0.8538,63.1812
STU51C6FC,CRS79BCC1,TSK4F6582,64,0.1462,9.3568
STU3A37D2,CRS79BCC1,TSK9BBEA2,85,0.8538,72.573
STU3A37D2,CRS79BCC1,TSK4F6582,96,0.1462,14.0352
STU87CF9E,CRS79BCC1,TSK9BBEA2,21,0.8538,17.9298
STU87CF9E,CRS79BCC1,TSK4F6582,0,0.1462,0.0
STU3329B5,CRS79BCC1,TSK9BBEA2,53,0.8538,45.2514
STU3329B5,CRS79BCC1,TSK4F6582,50,0.1462,7.31
STU16056F,CRS79BCC1,TSK9BBEA2,97,0.8538,82.8186
STU16056F,CRS79BCC1,TSK4F6582,95,0.1462,13.889
STUCFEC53,CRS79BCC1,TSK9BBEA2,84,0.8538,71.7192
STUCFEC53,CRS79BCC1,TSK4F6582,81,0.1462,11.8422
STUF3AA8B,CRS79BCC1,TSK9BBEA2,0,0.8538,0.0
STUF3AA8B,CRS79BCC1,TSK4F6582,38,0.1462,5.5556
STU911B2F,CRS79BCC1,TSK9BBEA2,0,0.8538,0.0
STU911B2F,CRS79BCC1,TSK4F6582,0,0.1462,0.0
STU14561F,CRS79BCC1,TSK9BBEA2,86,0.8538,73.4268
STU14561F,CRS79BCC1,TSK4F6582,86,0.1462,12.5732
STUE6A3B3,CRS79BCC1,TSK9BBEA2,0,0.8538,0.0
STUE6A3B3,CRS79BCC1,TSK4F6582,0,0.1462,0.0
STU668740,CRS79BCC1,TSK9BBEA2,72,0.8538,61.4736
STU668740,CRS79BCC1,TSK4F6582,35,0.1462,5.117
STU49E4E9,CRS79BCC1,TSK9BBEA2,72,0.8538,61.4736
STU49E4E9,CRS79BCC1,TSK4F6582,64,0.1462,9.3568
STU44D123,CRS89B8C7,TSK3C459C,62,1.0,62.0
STU77CE92,CRS89B8C7,TSK3C459C,74,1.0,74.0
STUC3B859,CRS89B8C7,TSK3C459C,36,1.0,36.0
STU266498,CRS89B8C7,TSK3C459C,38,1.0,38.0
STUED817E,CRS89B8C7,TSK3C459C,98,1.0,98.0
STU1AB06B,CRS89B8C7,TSK3C459C,41,1.0,41.0
STUAB0722,CRS89B8C7,TSK3C459C,77,1.0,77.0
STUEA19C0,CRS89B8C7,TSK3C459C,93,1.0,93.0
STUA8BE1E,CRS89B8C7,TSK3C459C,46,1.0,46.0
STUD30882,CRS89B8C7,TSK3C459C,0,1.0,0.0
STUB16A78,CRS89B8C7,TSK3C459C,0,1.0,0.0
STU7CB375,CRS89B8C7,TSK3C459C,0,1.0,0.0
STUF11959,CRS89B8C7,TSK3C459C,67,1.0,67.0
STU402400,CRS89B8C7,TSK3C459C,57,1.0,57.0
STU78818E,CRS89B8C7,TSK3C459C,64,1.0,64.0
STU7FB6FD,CRS89B8C7,TSK3C459C,40,1.0,40.0
STU05B702,CRS89B8C7,TSK3C459C,0,1.0,0.0
STU50CB69,CRS89B8C7,TSK3C459C,69,1.0,69.0
STU2F79DF,CRS89B8C7,TSK3C459C,100,1.0,100.0
STUA0BEB4,CRS89B8C7,TSK3C459C,0,1.0,0.0
STUDBE29E,CRS89B8C7,TSK3C459C,45,1.0,45.0
STUE93CAF,CRS89B8C7,TSK3C459C,30,1.0,30.0
STU153CA2,CRS89B8C7,TSK3C459C,0,1.0,0.0
STUBF7F81,CRS89B8C7,TSK3C459C,0,1.0,0.0
STU08720F,CRS89B8C7,TSK3C459C,34,1.0,34.0
STU391EED,CRS89B8C7,TSK3C459C,25,1.0,25.0
STU694041,CRS89B8C7,TSK3C459C,77,1.0,77.0
STU63A8B8,CRS89B8C7,TSK3C459C,36,1.0,36.0
STUD3551A,CRS89B8C7,TSK3C459C,0,1.0,0.0
STUDABFA2,CRS89B8C7,TSK3C459C,68,1.0,68.0
STU4B0E1D,CRS89B8C7,TSK3C459C,51,1.0,51.0
STU792AE0,CRS89B8C7,TSK3C459C,58,1.0,58.0
STU5C4E5B,CRS89B8C7,TSK3C459C,58,1.0,58.0
STUD53965,CRS89B8C7,TSK3C459C,0,1.0,0.0
STU0D536C,CRS89B8C7,TSK3C459C,70,1.0,70.0
STU3798A1,CRS89B8C7,TSK3C459C,72,1.0,72.0
STU19EBAB,CRS89B8C7,TSK3C459C,58,1.0,58.0
STU8AD67C,CRS89B8C7,TSK3C459C,66,1.0,66.0
STU8EF7D8,CRS89B8C7,TSK3C459C,71,1.0,71.0
STUAFD4CD,CRS89B8C7,TSK3C459C,100,1.0,100.0
STUBC0427,CRS8EE952,TSKC878F0,22,0.1937,4.2614
STUBC0427,CRS8EE952,TSK15AA70,46,0.3788,17.4248
STUBC0427,CRS8EE952,TSKF73839,48,0.2431,11.668800000000001
STUBC0427,CRS8EE952,TSKBEA6DD,19,0.1011,1.9208999999999998
STUBC0427,CRS8EE952,TSK858109,18,0.0832,1.4975999999999998
STUD9D5C5,CRS8EE952,TSKC878F0,85,0.1937,16.4645
STUD9D5C5,CRS8EE952,TSK15AA70,81,0.3788,30.6828
STUD9D5C5,CRS8EE952,TSKF73839,84,0.2431,20.4204
STUD9D5C5,CRS8EE952,TSKBEA6DD,86,0.1011,8.6946
STUD9D5C5,CRS8EE952,TSK858109,83,0.0832,6.9056
STU17276D,CRS8EE952,TSKC878F0,71,0.1937,13.7527
STU17276D,CRS8EE952,TSK15AA70,82,0.3788,31.061600000000002
STU17276D,CRS8EE952,TSKF73839,88,0.2431,21.3928
STU17276D,CRS8EE952,TSKBEA6DD,90,0.1011,9.099
STU17276D,CRS8EE952,TSK858109,100,0.0832,8.32
STU9FEC90,CRS8EE952,TSKC878F0,76,0.1937,14.721200000000001
STU9FEC90,CRS8EE952,TSK15AA70,74,0.3788,28.031200000000002
STU9FEC90,CRS8EE952,TSKF73839,90,0.2431,21.879
STU9FEC90,CRS8EE952,TSKBEA6DD,84,0.1011,8.4924
STU9FEC90,CRS8EE952,TSK858109,80,0.0832,6.656
STUDEF9FB,CRS8EE952,TSKC878F0,79,0.1937,15.3023
STUDEF9FB,CRS8EE952,TSK15AA70,71,0.3788,26.894800000000004
STUDEF9FB,CRS8EE952,TSKF73839,72,0.2431,17.5032
STUDEF9FB,CRS8EE952,TSKBEA6DD,71,0.1011,7.1781
STUDEF9FB,CRS8EE952,TSK858109,74,0.0832,6.1568
STUFDCFF0,CRS8EE952,TSKC878F0,48,0.1937,9.297600000000001
STUFDCFF0,CRS8EE952,TSK15AA70,26,0.3788,9.8488
STUFDCFF0,CRS8EE952,TSKF73839,28,0.2431,6.8068
STUFDCFF0,CRS8EE952,TSKBEA6DD,58,0.1011,5.8637999999999995
STUFDCFF0,CRS8EE952,TSK858109,72,0.0832,5.990399999999999
STUBA21C8,CRS8EE952,TSKC878F0,91,0.1937,17.6267
STUBA21C8,CRS8EE952,TSK15AA70,84,0.3788,31.819200000000002
STUBA21C8,CRS8EE952,TSKF73839,78,0.2431,18.9618
STUBA21C8,CRS8EE952,TSKBEA6DD,82,0.1011,8.2902
STUBA21C8,CRS8EE952,TSK858109,80,0.0832,6.656
STUD52A63,CRS8EE952,TSKC878F0,24,0.1937,4.6488000000000005
STUD52A63,CRS8EE952,TSK15AA70,50,0.3788,18.94
STUD52A63,CRS8EE952,TSKF73839,44,0.2431,10.6964
STUD52A63,CRS8EE952,TSKBEA6DD,49,0.1011,4.9539
STUD52A63,CRS8EE952,TSK858109,38,0.0832,3.1616
STUA9901C,CRS8EE952,TSKC878F0,45,0.1937,8.7165
STUA9901C,CRS8EE952,TSK15AA70,55,0.3788,20.834000000000003
STUA9901C,CRS8EE952,TSKF73839,49,0.2431,11.911900000000001
STUA9901C,CRS8EE952,TSKBEA6DD,32,0.1011,3.2352
STUA9901C,CRS8EE952,TSK858109,42,0.0832,3.4943999999999997
STU3816D8,CRS8EE952,TSKC878F0,0,0.1937,0.0
STU3816D8,CRS8EE952,TSK15AA70,0,0.3788,0.0
STU3816D8,CRS8EE952,TSKF73839,0,0.2431,0.0
STU3816D8,CRS8EE952,TSKBEA6DD,0,0.1011,0.0
STU3816D8,CRS8EE952,TSK858109,0,0.0832,0.0
STU2B0EFA,CRS8EE952,TSKC878F0,89,0.1937,17.2393
STU2B0EFA,CRS8EE952,TSK15AA70,95,0.3788,35.986000000000004
STU2B0EFA,CRS8EE952,TSKF73839,89,0.2431,21.6359
STU2B0EFA,CRS8EE952,TSKBEA6DD,97,0.1011,9.8067
STU2B0EFA,CRS8EE952,TSK858109,100,0.0832,8.32
STUE50EC8,CRS8EE952,TSKC878F0,0,0.1937,0.0
STUE50EC8,CRS8EE952,TSK15AA70,0,0.3788,0.0
STUE50EC8,CRS8EE952,TSKF73839,0,0.2431,0.0
STUE50EC8,CRS8EE952,TSKBEA6DD,0,0.1011,0.0
STUE50EC8,CRS8EE952,TSK858109,0,0.0832,0.0
STU73E166,CRS8EE952,TSKC878F0,77,0.1937,14.914900000000001
STU73E166,CRS8EE952,TSK15AA70,65,0.3788,24.622
STU73E166,CRS8EE952,TSKF73839,78,0.2431,18.9618
STU73E166,CRS8EE952,TSKBEA6DD,58,0.1011,5.8637999999999995
STU73E166,CRS8EE952,TSK858109,73,0.0832,6.0736
STU3587D9,CRS8EE952,TSKC878F0,45,0.1937,8.7165
STU3587D9,CRS8EE952,TSK15AA70,50,0.3788,18.94
STU3587D9,CRS8EE952,TSKF73839,61,0.2431,14.8291
STU3587D9,CRS8EE952,TSKBEA6DD,59,0.1011,5.9649
STU3587D9,CRS8EE952,TSK858109,50,0.0832,4.16
STU11B451,CRS8EE952,TSKC878F0,47,0.1937,9.103900000000001
STU11B451,CRS8EE952,TSK15AA70,42,0.3788,15.909600000000001
STU11B451,CRS8EE952,TSKF73839,48,0.2431,11.668800000000001
STU11B451,CRS8EE952,TSKBEA6DD,45,0.1011,4.5495
STU11B451,CRS8EE952,TSK858109,68,0.0832,5.6575999999999995
STU99E3A3,CRS8EE952,TSKC878F0,27,0.1937,5.229900000000001
STU99E3A3,CRS8EE952,TSK15AA70,38,0.3788,14.394400000000001
STU99E3A3,CRS8EE952,TSKF73839,20,0.2431,4.862
STU99E3A3,CRS8EE952,TSKBEA6DD,33,0.1011,3.3363
STU99E3A3,CRS8EE952,TSK858109,24,0.0832,1.9968
STU74ABE4,CRS8EE952,TSKC878F0,69,0.1937,13.365300000000001
STU74ABE4,CRS8EE952,TSK15AA70,70,0.3788,26.516000000000002
STU74ABE4,CRS8EE952,TSKF73839,78,0.2431,18.9618
STU74ABE4,CRS8EE952,TSKBEA6DD,68,0.1011,6.8748
STU74ABE4,CRS8EE952,TSK858109,75,0.0832,6.239999999999999
STU7710DB,CRS8EE952,TSKC878F0,32,0.1937,6.1984
STU7710DB,CRS8EE952,TSK15AA70,13,0.3788,4.9244
STU7710DB,CRS8EE952,TSKF73839,25,0.2431,6.077500000000001
STU7710DB,CRS8EE952,TSKBEA6DD,23,0.1011,2.3253
STU7710DB,CRS8EE952,TSK858109,26,0.0832,2.1632
STUE79522,CRS8EE952,TSKC878F0,65,0.1937,12.5905
STUE79522,CRS8EE952,TSK15AA70,69,0.3788,26.1372
STUE79522,CRS8EE952,TSKF73839,62,0.2431,15.0722
STUE79522,CRS8EE952,TSKBEA6DD,68,0.1011,6.8748
STUE79522,CRS8EE952,TSK858109,87,0.0832,7.2383999999999995
STU7B520F,CRS8EE952,TSKC878F0,67,0.1937,12.9779
STU7B520F,CRS8EE952,TSK15AA70,43,0.3788,16.288400000000003
STU7B520F,CRS8EE952,TSKF73839,44,0.2431,10.6964
STU7B520F,CRS8EE952,TSKBEA6DD,48,0.1011,4.8528
STU7B520F,CRS8EE952,TSK858109,66,0.0832,5.4912
STU447ADB,CRS8EE952,TSKC878F0,78,0.1937,15.108600000000001
STU447ADB,CRS8EE952,TSK15AA70,68,0.3788,25.7584
STU447ADB,CRS8EE952,TSKF73839,65,0.2431,15.8015
STU447ADB,CRS8EE952,TSKBEA6DD,63,0.1011,6.3693
STU447ADB,CRS8EE952,TSK858109,78,0.0832,6.489599999999999
STUD6DE83,CRS8EE952,TSKC878F0,58,0.1937,11.2346
STUD6DE83,CRS8EE952,TSK15AA70,61,0.3788,23.1068
STUD6DE83,CRS8EE952,TSKF73839,70,0.2431,17.017
STUD6DE83,CRS8EE952,TSKBEA6DD,57,0.1011,5.7627
STUD6DE83,CRS8EE952,TSK858109,71,0.0832,5.9072
STU2609DC,CRS8EE952,TSKC878F0,59,0.1937,11.4283
STU2609DC,CRS8EE952,TSK15AA70,58,0.3788,21.9704
STU2609DC,CRS8EE952,TSKF73839,42,0.2431,10.2102
STU2609DC,CRS8EE952,TSKBEA6DD,40,0.1011,4.044
STU2609DC,CRS8EE952,TSK858109,57,0.0832,4.7424
STUABCFEC,CRS8EE952,TSKC878F0,41,0.1937,7.941700000000001
STUABCFEC,CRS8EE952,TSK15AA70,24,0.3788,9.0912
STUABCFEC,CRS8EE952,TSKF73839,46,0.2431,11.1826
STUABCFEC,CRS8EE952,TSKBEA6DD,26,0.1011,2.6286
STUABCFEC,CRS8EE952,TSK858109,48,0.0832,3.9936
STUCD5761,CRS8EE952,TSKC878F0,55,0.1937,10.653500000000001
STUCD5761,CRS8EE952,TSK15AA70,35,0.3788,13.258000000000001
STUCD5761,CRS8EE952,TSKF73839,59,0.2431,14.3429
STUCD5761,CRS8EE952,TSKBEA6DD,55,0.1011,5.560499999999999
STUCD5761,CRS8EE952,TSK858109,52,0.0832,4.3264
STU31CA84,CRS8EE952,TSKC878F0,75,0.1937,14.527500000000002
STU31CA84,CRS8EE952,TSK15AA70,52,0.3788,19.6976
STU31CA84,CRS8EE952,TSKF73839,75,0.2431,18.2325
STU31CA84,CRS8EE952,TSKBEA6DD,32,0.1011,3.2352
STU31CA84,CRS8EE952,TSK858109,42,0.0832,3.4943999999999997
STU0A82CF,CRS8EE952,TSKC878F0,100,0.1937,19.37
STU0A82CF,CRS8EE952,TSK15AA70,81,0.3788,30.6828
STU0A82CF,CRS8EE952,TSKF73839,91,0.2431,22.1221
STU0A82CF,CRS8EE952,TSKBEA6DD,83,0.1011,8.3913
STU0A82CF,CRS8EE952,TSK858109,92,0.0832,7.6544
STUD336E0,CRS8EE952,TSKC878F0,100,0.1937,19.37
STUD336E0,CRS8EE952,TSK15AA70,92,0.3788,34.8496
STUD336E0,CRS8EE952,TSKF73839,94,0.2431,22.8514
STUD336E0,CRS8EE952,TSKBEA6DD,88,0.1011,8.896799999999999
STUD336E0,CRS8EE952,TSK858109,88,0.0832,7.3216
STU9323C4,CRS8EE952,TSKC878F0,94,0.1937,18.207800000000002
STU9323C4,CRS8EE952,TSK15AA70,97,0.3788,36.7436
STU9323C4,CRS8EE952,TSKF73839,98,0.2431,23.823800000000002
STU9323C4,CRS8EE952,TSKBEA6DD,91,0.1011,9.200099999999999
STU9323C4,CRS8EE952,TSK858109,73,0.0832,6.0736
STU4F29D4,CRS8EE952,TSKC878F0,55,0.1937,10.653500000000001
STU4F29D4,CRS8EE952,TSK15AA70,45,0.3788,17.046
STU4F29D4,CRS8EE952,TSKF73839,46,0.2431,11.1826
STU4F29D4,CRS8EE952,TSKBEA6DD,51,0.1011,5.1560999999999995
STU4F29D4,CRS8EE952,TSK858109,50,0.0832,4.16
STU1AAE14,CRS8EE952,TSKC878F0,0,0.1937,0.0
STU1AAE14,CRS8EE952,TSK15AA70,25,0.3788,9.47
STU1AAE14,CRS8EE952,TSKF73839,30,0.2431,7.293
STU1AAE14,CRS8EE952,TSKBEA6DD,0,0.1011,0.0
STU1AAE14,CRS8EE952,TSK858109,0,0.0832,0.0
STUA466D5,CRS8EE952,TSKC878F0,69,0.1937,13.365300000000001
STUA466D5,CRS8EE952,TSK15AA70,57,0.3788,21.5916
STUA466D5,CRS8EE952,TSKF73839,62,0.2431,15.0722
STUA466D5,CRS8EE952,TSKBEA6DD,38,0.1011,3.8417999999999997
STUA466D5,CRS8EE952,TSK858109,69,0.0832,5.7408
STU3BD0B7,CRS8EE952,TSKC878F0,74,0.1937,14.3338
STU3BD0B7,CRS8EE952,TSK15AA70,84,0.3788,31.819200000000002
STU3BD0B7,CRS8EE952,TSKF73839,89,0.2431,21.6359
STU3BD0B7,CRS8EE952,TSKBEA6DD,80,0.1011,8.088
STU3BD0B7,CRS8EE952,TSK858109,89,0.0832,7.4048
STU39E932,CRS8EE952,TSKC878F0,33,0.1937,6.3921
STU39E932,CRS8EE952,TSK15AA70,34,0.3788,12.8792
STU39E932,CRS8EE952,TSKF73839,22,0.2431,5.3482
STU39E932,CRS8EE952,TSKBEA6DD,14,0.1011,1.4154
STU39E932,CRS8EE952,TSK858109,22,0.0832,1.8304
STU65B4A9,CRS8EE952,TSKC878F0,98,0.1937,18.9826
STU65B4A9,CRS8EE952,TSK15AA70,80,0.3788,30.304000000000002
STU65B4A9,CRS8EE952,TSKF73839,88,0.2431,21.3928
STU65B4A9,CRS8EE952,TSKBEA6DD,100,0.1011,10.11
STU65B4A9,CRS8EE952,TSK858109,98,0.0832,8.153599999999999
STU51E7F4,CRS8EE952,TSKC878F0,73,0.1937,14.1401
STU51E7F4,CRS8EE952,TSK15AA70,93,0.3788,35.2284
STU51E7F4,CRS8EE952,TSKF73839,69,0.2431,16.7739
STU51E7F4,CRS8EE952,TSKBEA6DD,85,0.1011,8.593499999999999
STU51E7F4,CRS8EE952,TSK858109,76,0.0832,6.3232
STU71B105,CRS8EE952,TSKC878F0,16,0.1937,3.0992
STU71B105,CRS8EE952,TSK15AA70,8,0.3788,3.0304
STU71B105,CRS8EE952,TSKF73839,16,0.2431,3.8896
STU71B105,CRS8EE952,TSKBEA6DD,25,0.1011,2.5275
STU71B105,CRS8EE952,TSK858109,21,0.0832,1.7471999999999999
STU249F3C,CRS8EE952,TSKC878F0,92,0.1937,17.8204
STU249F3C,CRS8EE952,TSK15AA70,90,0.3788,34.092
STU249F3C,CRS8EE952,TSKF73839,92,0.2431,22.3652
STU249F3C,CRS8EE952,TSKBEA6DD,99,0.1011,10.008899999999999
STU249F3C,CRS8EE952,TSK858109,100,0.0832,8.32
STU684345,CRS8EE952,TSKC878F0,0,0.1937,0.0
STU684345,CRS8EE952,TSK15AA70,11,0.3788,4.1668
STU684345,CRS8EE952,TSKF73839,0,0.2431,0.0
STU684345,CRS8EE952,TSKBEA6DD,0,0.1011,0.0
STU684345,CRS8EE952,TSK858109,0,0.0832,0.0
STU3BB39C,CRS8EE952,TSKC878F0,0,0.1937,0.0
STU3BB39C,CRS8EE952,TSK15AA70,51,0.3788,19.318800000000003
STU3BB39C,CRS8EE952,TSKF73839,0,0.2431,0.0
STU3BB39C,CRS8EE952,TSKBEA6DD,0,0.1011,0.0
STU3BB39C,CRS8EE952,TSK858109,0,0.0832,0.0
STU13FE86,CRS5808ED,TSK46D15F,44,1.0,44.0
STU8B3F92,CRS5808ED,TSK46D15F,36,1.0,36.0
STU509A72,CRS5808ED,TSK46D15F,77,1.0,77.0
STU8CF0AE,CRS5808ED,TSK46D15F,83,1.0,83.0
STU2BF7C3,CRS5808ED,TSK46D15F,0,1.0,0.0
STU422658,CRS5808ED,TSK46D15F,68,1.0,68.0
STU5D72DF,CRS5808ED,TSK46D15F,35,1.0,35.0
STU56CEE6,CRS5808ED,TSK46D15F,67,1.0,67.0
STU7BADB0,CRS5808ED,TSK46D15F,58,1.0,58.0
STU058DE5,CRS5808ED,TSK46D15F,66,1.0,66.0
STU175B6F,CRS5808ED,TSK46D15F,0,1.0,0.0
STU472F3F,CRS5808ED,TSK46D15F,0,1.0,0.0
STU3256FA,CRS5808ED,TSK46D15F,23,1.0,23.0
STU6E5797,CRS5808ED,TSK46D15F,41,1.0,41.0
STU6638BD,CRS5808ED,TSK46D15F,73,1.0,73.0
STUADB099,CRS5808ED,TSK46D15F,15,1.0,15.0
STU27754C,CRS5808ED,TSK46D15F,34,1.0,34.0
STU4F37AD,CRS5808ED,TSK46D15F,50,1.0,50.0
STU4F0B7A,CRS5808ED,TSK46D15F,9,1.0,9.0
STU6BA30A,CRS5808ED,TSK46D15F,61,1.0,61.0
STU24B4A6,CRS5808ED,TSK46D15F,14,1.0,14.0
STU1CCD8D,CRS5808ED,TSK46D15F,99,1.0,99.0
STU6415D6,CRS5808ED,TSK46D15F,74,1.0,74.0
STU38AB9F,CRS5808ED,TSK46D15F,97,1.0,97.0
STU62E955,CRS5808ED,TSK46D15F,71,1.0,71.0
STU1C3DA8,CRS5808ED,TSK46D15F,39,1.0,39.0
STUCA6419,CRS5808ED,TSK46D15F,77,1.0,77.0
STUDFAD6E,CRS5808ED,TSK46D15F,20,1.0,20.0
STU3500CD,CRS5808ED,TSK46D15F,62,1.0,62.0
STUB0C02D,CRS5808ED,TSK46D15F,94,1.0,94.0
STU5647D9,CRS5808ED,TSK46D15F,43,1.0,43.0
STUDE56F1,CRS5808ED,TSK46D15F,95,1.0,95.0
STU36D102,CRS5808ED,TSK46D15F,97,1.0,97.0
STU192F26,CRS5808ED,TSK46D15F,78,1.0,78.0
STU3AA325,CRS5808ED,TSK46D15F,74,1.0,74.0
STU25293D,CRS5808ED,TSK46D15F,97,1.0,97.0
STUDA47C8,CRS5808ED,TSK46D15F,93,1.0,93.0
STU7F5641,CRS5808ED,TSK46D15F,0,1.0,0.0
STU5BC515,CRS5808ED,TSK46D15F,100,1.0,100.0
STU5FEB17,CRS5808ED,TSK46D15F,62,1.0,62.0
STU4933F4,CRS779DCE,TSK2B8270,73,0.3152,23.0096
STU4933F4,CRS779DCE,TSK241330,74,0.6848,50.6752
STUEBE427,CRS779DCE,TSK2B8270,62,0.3152,19.542399999999997
STUEBE427,CRS779DCE,TSK241330,67,0.6848,45.8816
STU49B50A,CRS779DCE,TSK2B8270,46,0.3152,14.499199999999998
STU49B50A,CRS779DCE,TSK241330,75,0.6848,51.36
STUB1DDEB,CRS779DCE,TSK2B8270,91,0.3152,28.6832
STUB1DDEB,CRS779DCE,TSK241330,100,0.6848,68.47999999999999
STUEE0040,CRS779DCE,TSK2B8270,67,0.3152,21.118399999999998
STUEE0040,CRS779DCE,TSK241330,47,0.6848,32.1856
STU3421F2,CRS779DCE,TSK2B8270,85,0.3152,26.791999999999998
STU3421F2,CRS779DCE,TSK241330,96,0.6848,65.7408
STU8751B7,CRS779DCE,TSK2B8270,0,0.3152,0.0
STU8751B7,CRS779DCE,TSK241330,53,0.6848,36.294399999999996
STUBBEFD8,CRS779DCE,TSK2B8270,81,0.3152,25.5312
STUBBEFD8,CRS779DCE,TSK241330,74,0.6848,50.6752
STU3EA430,CRS779DCE,TSK2B8270,32,0.3152,10.0864
STU3EA430,CRS779DCE,TSK241330,33,0.6848,22.598399999999998
STU0BC68D,CRS779DCE,TSK2B8270,68,0.3152,21.4336
STU0BC68D,CRS779DCE,TSK241330,68,0.6848,46.566399999999994
STU156575,CRS779DCE,TSK2B8270,89,0.3152,28.052799999999998
STU156575,CRS779DCE,TSK241330,66,0.6848,45.196799999999996
STU979235,CRS779DCE,TSK2B8270,14,0.3152,4.4128
STU979235,CRS779DCE,TSK241330,34,0.6848,23.283199999999997
STU3DE41F,CRS779DCE,TSK2B8270,53,0.3152,16.7056
STU3DE41F,CRS779DCE,TSK241330,32,0.6848,21.9136
STU905AAB,CRS779DCE,TSK2B8270,85,0.3152,26.791999999999998
STU905AAB,CRS779DCE,TSK241330,84,0.6848,57.523199999999996
STUAFC6B5,CRS779DCE,TSK2B8270,69,0.3152,21.7488
STUAFC6B5,CRS779DCE,TSK241330,70,0.6848,47.936
STU8AD500,CRS779DCE,TSK2B8270,55,0.3152,17.336
STU8AD500,CRS779DCE,TSK241330,32,0.6848,21.9136
STU99A739,CRS779DCE,TSK2B8270,84,0.3152,26.476799999999997
STU99A739,CRS779DCE,TSK241330,84,0.6848,57.523199999999996
STUF93C59,CRS779DCE,TSK2B8270,73,0.3152,23.0096
STUF93C59,CRS779DCE,TSK241330,65,0.6848,44.512
STU172F2D,CRS779DCE,TSK2B8270,75,0.3152,23.639999999999997
STU172F2D,CRS779DCE,TSK241330,77,0.6848,52.7296
STU0A2230,CRS779DCE,TSK2B8270,24,0.3152,7.5648
STU0A2230,CRS779DCE,TSK241330,60,0.6848,41.088
STUDCFA3C,CRS779DCE,TSK2B8270,85,0.3152,26.791999999999998
STUDCFA3C,CRS779DCE,TSK241330,86,0.6848,58.892799999999994
STUA07F0B,CRS779DCE,TSK2B8270,84,0.3152,26.476799999999997
STUA07F0B,CRS779DCE,TSK241330,93,0.6848,63.6864
STUCA4BC3,CRS779DCE,TSK2B8270,25,0.3152,7.88
STUCA4BC3,CRS779DCE,TSK241330,50,0.6848,34.239999999999995
STU2DD30E,CRS779DCE,TSK2B8270,67,0.3152,21.118399999999998
STU2DD30E,CRS779DCE,TSK241330,67,0.6848,45.8816
STU976DA2,CRS779DCE,TSK2B8270,73,0.3152,23.0096
STU976DA2,CRS779DCE,TSK241330,72,0.6848,49.3056
STU80F806,CRS779DCE,TSK2B8270,100,0.3152,31.52
STU80F806,CRS779DCE,TSK241330,100,0.6848,68.47999999999999
STUD4D33C,CRS779DCE,TSK2B8270,89,0.3152,28.052799999999998
STUD4D33C,CRS779DCE,TSK241330,74,0.6848,50.6752
STU5055E5,CRS779DCE,TSK2B8270,51,0.3152,16.0752
STU5055E5,CRS779DCE,TSK241330,39,0.6848,26.7072
STUD2BB41,CRS779DCE,TSK2B8270,67,0.3152,21.118399999999998
STUD2BB41,CRS779DCE,TSK241330,83,0.6848,56.8384
STUF43E3F,CRS779DCE,TSK2B8270,47,0.3152,14.8144
STUF43E3F,CRS779DCE,TSK241330,43,0.6848,29.446399999999997
STU512611,CRS779DCE,TSK2B8270,86,0.3152,27.1072
STU512611,CRS779DCE,TSK241330,89,0.6848,60.947199999999995
STU1DD197,CRS779DCE,TSK2B8270,0,0.3152,0.0
STU1DD197,CRS779DCE,TSK241330,0,0.6848,0.0
STU0A8614,CRS779DCE,TSK2B8270,93,0.3152,29.313599999999997
STU0A8614,CRS779DCE,TSK241330,84,0.6848,57.523199999999996
STU1BF59D,CRS779DCE,TSK2B8270,65,0.3152,20.488
STU1BF59D,CRS779DCE,TSK241330,61,0.6848,41.7728
STUF88E57,CRS779DCE,TSK2B8270,0,0.3152,0.0
STUF88E57,CRS779DCE,TSK241330,0,0.6848,0.0
STU256302,CRS779DCE,TSK2B8270,49,0.3152,15.444799999999999
STU256302,CRS779DCE,TSK241330,64,0.6848,43.8272
STU0C220D,CRS779DCE,TSK2B8270,45,0.3152,14.184
STU0C220D,CRS779DCE,TSK241330,57,0.6848,39.0336
STU0C72B3,CRS779DCE,TSK2B8270,72,0.3152,22.694399999999998
STU0C72B3,CRS779DCE,TSK241330,69,0.6848,47.2512
STU773DEF,CRS779DCE,TSK2B8270,0,0.3152,0.0
STU773DEF,CRS779DCE,TSK241330,0,0.6848,0.0
STU035F3C,CRS779DCE,TSK2B8270,74,0.3152,23.3248
STU035F3C,CRS779DCE,TSK241330,88,0.6848,60.2624
STU377E40,CRS0D0C93,TSKC20139,0,0.5486,0.0
STU377E40,CRS0D0C93,TSK20FD02,0,0.4514,0.0
STU0550F3,CRS0D0C93,TSKC20139,0,0.5486,0.0
STU0550F3,CRS0D0C93,TSK20FD02,0,0.4514,0.0
STU2F1A94,CRS0D0C93,TSKC20139,50,0.5486,27.43
STU2F1A94,CRS0D0C93,TSK20FD02,67,0.4514,30.2438
STU4EA2D6,CRS0D0C93,TSKC20139,61,0.5486,33.4646
STU4EA2D6,CRS0D0C93,TSK20FD02,72,0.4514,32.5008
STU0A2230,CRS0D0C93,TSKC20139,34,0.5486,18.6524
STU0A2230,CRS0D0C93,TSK20FD02,34,0.4514,15.3476
STU1A18A7,CRS0D0C93,TSKC20139,1,0.5486,0.5486
STU1A18A7,CRS0D0C93,TSK20FD02,19,0.4514,8.576600000000001
STU6906C9,CRS0D0C93,TSKC20139,55,0.5486,30.173
STU6906C9,CRS0D0C93,TSK20FD02,62,0.4514,27.986800000000002
STUAF8997,CRS0D0C93,TSKC20139,0,0.5486,0.0
STUAF8997,CRS0D0C93,TSK20FD02,43,0.4514,19.4102
STU83FBC2,CRS0D0C93,TSKC20139,62,0.5486,34.0132
STU83FBC2,CRS0D0C93,TSK20FD02,76,0.4514,34.306400000000004
STUE21500,CRS0D0C93,TSKC20139,86,0.5486,47.1796
STUE21500,CRS0D0C93,TSK20FD02,53,0.4514,23.924200000000003
STUF91319,CRS0D0C93,TSKC20139,35,0.5486,19.201
STUF91319,CRS0D0C93,TSK20FD02,49,0.4514,22.1186
STU290099,CRS0D0C93,TSKC20139,8,0.5486,4.3888
STU290099,CRS0D0C93,TSK20FD02,39,0.4514,17.6046
STU83C27D,CRS0D0C93,TSKC20139,81,0.5486,44.4366
STU83C27D,CRS0D0C93,TSK20FD02,89,0.4514,40.174600000000005
STU5870E6,CRS0D0C93,TSKC20139,52,0.5486,28.5272
STU5870E6,CRS0D0C93,TSK20FD02,17,0.4514,7.6738
STUAA8792,CRS0D0C93,TSKC20139,46,0.5486,25.235599999999998
STUAA8792,CRS0D0C93,TSK20FD02,25,0.4514,11.285
STU353BEB,CRS0D0C93,TSKC20139,48,0.5486,26.3328
STU353BEB,CRS0D0C93,TSK20FD02,78,0.4514,35.2092
STUE7E5ED,CRS0D0C93,TSKC20139,71,0.5486,38.9506
STUE7E5ED,CRS0D0C93,TSK20FD02,58,0.4514,26.1812
STU4913B7,CRS0D0C93,TSKC20139,100,0.5486,54.86
STU4913B7,CRS0D0C93,TSK20FD02,87,0.4514,39.2718
STU130C67,CRS0D0C93,TSKC20139,44,0.5486,24.138399999999997
STU130C67,CRS0D0C93,TSK20FD02,47,0.4514,21.2158
STU0DC47C,CRS0D0C93,TSKC20139,0,0.5486,0.0
STU0DC47C,CRS0D0C93,TSK20FD02,0,0.4514,0.0
STU0E38DE,CRS0D0C93,TSKC20139,32,0.5486,17.5552
STU0E38DE,CRS0D0C93,TSK20FD02,68,0.4514,30.6952
STU16C029,CRS0D0C93,TSKC20139,45,0.5486,24.686999999999998
STU16C029,CRS0D0C93,TSK20FD02,34,0.4514,15.3476
STUB4B788,CRS0D0C93,TSKC20139,13,0.5486,7.1318
STUB4B788,CRS0D0C93,TSK20FD02,29,0.4514,13.0906
STU04A713,CRS0D0C93,TSKC20139,60,0.5486,32.916
STU04A713,CRS0D0C93,TSK20FD02,53,0.4514,23.924200000000003
STU841516,CRS0D0C93,TSKC20139,18,0.5486,9.8748
STU841516,CRS0D0C93,TSK20FD02,35,0.4514,15.799000000000001
STU266601,CRS0D0C93,TSKC20139,52,0.5486,28.5272
STU266601,CRS0D0C93,TSK20FD02,72,0.4514,32.5008
STUF0A6D5,CRS0D0C93,TSKC20139,72,0.5486,39.4992
STUF0A6D5,CRS0D0C93,TSK20FD02,59,0.4514,26.6326
STUB033F6,CRS0D0C93,TSKC20139,11,0.5486,6.034599999999999
STUB033F6,CRS0D0C93,TSK20FD02,0,0.4514,0.0
STU2A355A,CRS0D0C93,TSKC20139,46,0.5486,25.235599999999998
STU2A355A,CRS0D0C93,TSK20FD02,32,0.4514,14.4448
STUDCCD7C,CRS0D0C93,TSKC20139,75,0.5486,41.144999999999996
STUDCCD7C,CRS0D0C93,TSK20FD02,99,0.4514,44.6886
STU0A258D,CRS0D0C93,TSKC20139,37,0.5486,20.298199999999998
STU0A258D,CRS0D0C93,TSK20FD02,54,0.4514,24.375600000000002
STU40E66E,CRS0D0C93,TSKC20139,99,0.5486,54.3114
STU40E66E,CRS0D0C93,TSK20FD02,77,0.4514,34.7578
STU701A05,CRS0D0C93,TSKC20139,0,0.5486,0.0
STU701A05,CRS0D0C93,TSK20FD02,0,0.4514,0.0
STU97C0A1,CRS0D0C93,TSKC20139,90,0.5486,49.373999999999995
STU97C0A1,CRS0D0C93,TSK20FD02,87,0.4514,39.2718
STUC7351D,CRS0D0C93,TSKC20139,81,0.5486,44.4366
STUC7351D,CRS0D0C93,TSK20FD02,83,0.4514,37.4662
STUF9C1CB,CRS0D0C93,TSKC20139,26,0.5486,14.2636
STUF9C1CB,CRS0D0C93,TSK20FD02,40,0.4514,18.056
STU097DD7,CRS0D0C93,TSKC20139,24,0.5486,13.1664
STU097DD7,CRS0D0C93,TSK20FD02,0,0.4514,0.0
STU9D0608,CRS0D0C93,TSKC20139,69,0.5486,37.8534
STU9D0608,CRS0D0C93,TSK20FD02,80,0.4514,36.112
STU4985EF,CRS0D0C93,TSKC20139,72,0.5486,39.4992
STU4985EF,CRS0D0C93,TSK20FD02,65,0.4514,29.341
STUA3A45E,CRS0D0C93,TSKC20139,73,0.5486,40.047799999999995
STUA3A45E,CRS0D0C93,TSK20FD02,55,0.4514,24.827
STU115828,CRS501E44,TSK729F63,39,0.8053,31.4067
STU115828,CRS501E44,TSK70D5E3,34,0.1947,6.619800000000001
STU33C21B,CRS501E44,TSK729F63,0,0.8053,0.0
STU33C21B,CRS501E44,TSK70D5E3,0,0.1947,0.0
STU1C3DA8,CRS501E44,TSK729F63,0,0.8053,0.0
STU1C3DA8,CRS501E44,TSK70D5E3,0,0.1947,0.0
STU58D47F,CRS501E44,TSK729F63,54,0.8053,43.486200000000004
STU58D47F,CRS501E44,TSK70D5E3,33,0.1947,6.4251000000000005
STUA171EB,CRS501E44,TSK729F63,85,0.8053,68.4505
STUA171EB,CRS501E44,TSK70D5E3,91,0.1947,17.7177
STUBF6F11,CRS501E44,TSK729F63,52,0.8053,41.8756
STUBF6F11,CRS501E44,TSK70D5E3,47,0.1947,9.1509
STU812AB0,CRS501E44,TSK729F63,62,0.8053,49.9286
STU812AB0,CRS501E44,TSK70D5E3,72,0.1947,14.018400000000002
STU318CA7,CRS501E44,TSK729F63,34,0.8053,27.380200000000002
STU318CA7,CRS501E44,TSK70D5E3,52,0.1947,10.124400000000001
STUDE94E4,CRS501E44,TSK729F63,35,0.8053,28.1855
STUDE94E4,CRS501E44,TSK70D5E3,24,0.1947,4.6728000000000005
STUC118B1,CRS501E44,TSK729F63,53,0.8053,42.6809
STUC118B1,CRS501E44,TSK70D5E3,39,0.1947,7.5933
STUA11947,CRS501E44,TSK729F63,89,0.8053,71.6717
STUA11947,CRS501E44,TSK70D5E3,86,0.1947,16.7442
STU078C32,CRS501E44,TSK729F63,45,0.8053,36.2385
STU078C32,CRS501E44,TSK70D5E3,43,0.1947,8.3721
STUF8E0DA,CRS501E44,TSK729F63,59,0.8053,47.5127
STUF8E0DA,CRS501E44,TSK70D5E3,75,0.1947,14.602500000000001
STU4CF6EC,CRS501E44,TSK729F63,0,0.8053,0.0
STU4CF6EC,CRS501E44,TSK70D5E3,0,0.1947,0.0
STU60E1EF,CRS501E44,TSK729F63,67,0.8053,53.9551
STU60E1EF,CRS501E44,TSK70D5E3,70,0.1947,13.629000000000001
STUE42F50,CRS501E44,TSK729F63,73,0.8053,58.7869
STUE42F50,CRS501E44,TSK70D5E3,59,0.1947,11.487300000000001
STU092DEE,CRS501E44,TSK729F63,80,0.8053,64.424
STU092DEE,CRS501E44,TSK70D5E3,83,0.1947,16.1601
STUB0C180,CRS501E44,TSK729F63,35,0.8053,28.1855
STUB0C180,CRS501E44,TSK70D5E3,22,0.1947,4.2834
STUACE8D3,CRS501E44,TSK729F63,47,0.8053,37.8491
STUACE8D3,CRS501E44,TSK70D5E3,34,0.1947,6.619800000000001
STUB6350C,CRS501E44,TSK729F63,89,0.8053,71.6717
STUB6350C,CRS501E44,TSK70D5E3,70,0.1947,13.629000000000001
STU15FD85,CRS501E44,TSK729F63,97,0.8053,78.11410000000001
STU15FD85,CRS501E44,TSK70D5E3,91,0.1947,17.7177
STU950E8F,CRS501E44,TSK729F63,74,0.8053,59.5922
STU950E8F,CRS501E44,TSK70D5E3,54,0.1947,10.5138
STU5BDD67,CRS501E44,TSK729F63,23,0.8053,18.5219
STU5BDD67,CRS501E44,TSK70D5E3,40,0.1947,7.788
STU316F88,CRS501E44,TSK729F63,51,0.8053,41.0703
STU316F88,CRS501E44,TSK70D5E3,28,0.1947,5.4516
STU6DFFE6,CRS501E44,TSK729F63,1,0.8053,0.8053
STU6DFFE6,CRS501E44,TSK70D5E3,7,0.1947,1.3629
STU2270CB,CRS501E44,TSK729F63,72,0.8053,57.9816
STU2270CB,CRS501E44,TSK70D5E3,87,0.1947,16.9389
STU913E7A,CRS501E44,TSK729F63,66,0.8053,53.1498
STU913E7A,CRS501E44,TSK70D5E3,57,0.1947,11.097900000000001
STU7405DE,CRS501E44,TSK729F63,91,0.8053,73.2823
STU7405DE,CRS501E44,TSK70D5E3,78,0.1947,15.1866
STU0761F3,CRS501E44,TSK729F63,22,0.8053,17.7166
STU0761F3,CRS501E44,TSK70D5E3,17,0.1947,3.3099000000000003
STU5CBD2D,CRS501E44,TSK729F63,53,0.8053,42.6809
STU5CBD2D,CRS501E44,TSK70D5E3,66,0.1947,12.850200000000001
STU613071,CRS501E44,TSK729F63,74,0.8053,59.5922
STU613071,CRS501E44,TSK70D5E3,68,0.1947,13.239600000000001
STU9D52DD,CRS501E44,TSK729F63,46,0.8053,37.0438
STU9D52DD,CRS501E44,TSK70D5E3,58,0.1947,11.2926
STUD5A86F,CRS501E44,TSK729F63,71,0.8053,57.1763
STUD5A86F,CRS501E44,TSK70D5E3,83,0.1947,16.1601
STUABB04A,CRS501E44,TSK729F63,93,0.8053,74.8929
STUABB04A,CRS501E44,TSK70D5E3,85,0.1947,16.549500000000002
STUF5AC43,CRS501E44,TSK729F63,72,0.8053,57.9816
STUF5AC43,CRS501E44,TSK70D5E3,73,0.1947,14.2131
STU6A1726,CRS501E44,TSK729F63,35,0.8053,28.1855
STU6A1726,CRS501E44,TSK70D5E3,45,0.1947,8.7615
STUF400B1,CRS501E44,TSK729F63,74,0.8053,59.5922
STUF400B1,CRS501E44,TSK70D5E3,49,0.1947,9.5403
STU8452D8,CRS501E44,TSK729F63,91,0.8053,73.2823
STU8452D8,CRS501E44,TSK70D5E3,80,0.1947,15.576
STU4E967C,CRS501E44,TSK729F63,32,0.8053,25.7696
STU4E967C,CRS501E44,TSK70D5E3,39,0.1947,7.5933
STU94C3EB,CRS501E44,TSK729F63,38,0.8053,30.6014
STU94C3EB,CRS501E44,TSK70D5E3,20,0.1947,3.894
STU0976A1,CRSC05DF7,TSK8EF0AD,91,0.2066,18.8006
STU0976A1,CRSC05DF7,TSKFF86B9,95,0.0229,2.1755
STU0976A1,CRSC05DF7,TSK003E6E,80,0.1326,10.608
STU0976A1,CRSC05DF7,TSK3AAD6A,94,0.3444,32.373599999999996
STU0976A1,CRSC05DF7,TSK43D331,85,0.2935,24.947499999999998
STUE0F841,CRSC05DF7,TSK8EF0AD,44,0.2066,9.0904
STUE0F841,CRSC05DF7,TSKFF86B9,45,0.0229,1.0305
STUE0F841,CRSC05DF7,TSK003E6E,65,0.1326,8.619
STUE0F841,CRSC05DF7,TSK3AAD6A,30,0.3444,10.331999999999999
STUE0F841,CRSC05DF7,TSK43D331,32,0.2935,9.392
STU341A37,CRSC05DF7,TSK8EF0AD,0,0.2066,0.0
STU341A37,CRSC05DF7,TSKFF86B9,0,0.0229,0.0
STU341A37,CRSC05DF7,TSK003E6E,0,0.1326,0.0
STU341A37,CRSC05DF7,TSK3AAD6A,0,0.3444,0.0
STU341A37,CRSC05DF7,TSK43D331,0,0.2935,0.0
STUDCF19E,CRSC05DF7,TSK8EF0AD,77,0.2066,15.9082
STUDCF19E,CRSC05DF7,TSKFF86B9,65,0.0229,1.4885
STUDCF19E,CRSC05DF7,TSK003E6E,74,0.1326,9.8124
STUDCF19E,CRSC05DF7,TSK3AAD6A,77,0.3444,26.5188
STUDCF19E,CRSC05DF7,TSK43D331,77,0.2935,22.5995
STU8EC13B,CRSC05DF7,TSK8EF0AD,59,0.2066,12.189400000000001
STU8EC13B,CRSC05DF7,TSKFF86B9,54,0.0229,1.2366
STU8EC13B,CRSC05DF7,TSK003E6E,44,0.1326,5.8344
STU8EC13B,CRSC05DF7,TSK3AAD6A,67,0.3444,23.0748
STU8EC13B,CRSC05DF7,TSK43D331,50,0.2935,14.674999999999999
STUE4BBA2,CRSC05DF7,TSK8EF0AD,81,0.2066,16.7346
STUE4BBA2,CRSC05DF7,TSKFF86B9,91,0.0229,2.0839
STUE4BBA2,CRSC05DF7,TSK003E6E,81,0.1326,10.740599999999999
STUE4BBA2,CRSC05DF7,TSK3AAD6A,82,0.3444,28.2408
STUE4BBA2,CRSC05DF7,TSK43D331,68,0.2935,19.958
STU60AFD4,CRSC05DF7,TSK8EF0AD,81,0.2066,16.7346
STU60AFD4,CRSC05DF7,TSKFF86B9,91,0.0229,2.0839
STU60AFD4,CRSC05DF7,TSK003E6E,92,0.1326,12.1992
STU60AFD4,CRSC05DF7,TSK3AAD6A,99,0.3444,34.0956
STU60AFD4,CRSC05DF7,TSK43D331,68,0.2935,19.958
STUCCAE10,CRSC05DF7,TSK8EF0AD,77,0.2066,15.9082
STUCCAE10,CRSC05DF7,TSKFF86B9,85,0.0229,1.9465000000000001
STUCCAE10,CRSC05DF7,TSK003E6E,83,0.1326,11.005799999999999
STUCCAE10,CRSC05DF7,TSK3AAD6A,71,0.3444,24.452399999999997
STUCCAE10,CRSC05DF7,TSK43D331,58,0.2935,17.023
STUAF416E,CRSC05DF7,TSK8EF0AD,0,0.2066,0.0
STUAF416E,CRSC05DF7,TSKFF86B9,64,0.0229,1.4656
STUAF416E,CRSC05DF7,TSK003E6E,0,0.1326,0.0
STUAF416E,CRSC05DF7,TSK3AAD6A,0,0.3444,0.0
STUAF416E,CRSC05DF7,TSK43D331,0,0.2935,0.0
STUA756CA,CRSC05DF7,TSK8EF0AD,64,0.2066,13.2224
STUA756CA,CRSC05DF7,TSKFF86B9,61,0.0229,1.3969
STUA756CA,CRSC05DF7,TSK003E6E,51,0.1326,6.7626
STUA756CA,CRSC05DF7,TSK3AAD6A,55,0.3444,18.942
STUA756CA,CRSC05DF7,TSK43D331,56,0.2935,16.436
STUE497B2,CRSC05DF7,TSK8EF0AD,62,0.2066,12.8092
STUE497B2,CRSC05DF7,TSKFF86B9,58,0.0229,1.3282
STUE497B2,CRSC05DF7,TSK003E6E,60,0.1326,7.9559999999999995
STUE497B2,CRSC05DF7,TSK3AAD6A,57,0.3444,19.6308
STUE497B2,CRSC05DF7,TSK43D331,57,0.2935,16.729499999999998
STUA0BCEF,CRSC05DF7,TSK8EF0AD,67,0.2066,13.8422
STUA0BCEF,CRSC05DF7,TSKFF86B9,52,0.0229,1.1908
STUA0BCEF,CRSC05DF7,TSK003E6E,73,0.1326,9.6798
STUA0BCEF,CRSC05DF7,TSK3AAD6A,69,0.3444,23.7636
STUA0BCEF,CRSC05DF7,TSK43D331,66,0.2935,19.371
STUF0410F,CRSC05DF7,TSK8EF0AD,79,0.2066,16.3214
STUF0410F,CRSC05DF7,TSKFF86B9,62,0.0229,1.4198
STUF0410F,CRSC05DF7,TSK003E6E,35,0.1326,4.641
STUF0410F,CRSC05DF7,TSK3AAD6A,61,0.3444,21.008399999999998
STUF0410F,CRSC05DF7,TSK43D331,49,0.2935,14.381499999999999
STU6148CE,CRSC05DF7,TSK8EF0AD,51,0.2066,10.5366
STU6148CE,CRSC05DF7,TSKFF86B9,33,0.0229,0.7557
STU6148CE,CRSC05DF7,TSK003E6E,60,0.1326,7.9559999999999995
STU6148CE,CRSC05DF7,TSK3AAD6A,45,0.3444,15.498
STU6148CE,CRSC05DF7,TSK43D331,28,0.2935,8.218
STU58638E,CRSC05DF7,TSK8EF0AD,34,0.2066,7.0244
STU58638E,CRSC05DF7,TSKFF86B9,65,0.0229,1.4885
STU58638E,CRSC05DF7,TSK003E6E,54,0.1326,7.1604
STU58638E,CRSC05DF7,TSK3AAD6A,58,0.3444,19.975199999999997
STU58638E,CRSC05DF7,TSK43D331,47,0.2935,13.7945
STU875724,CRSC05DF7,TSK8EF0AD,76,0.2066,15.701600000000001
STU875724,CRSC05DF7,TSKFF86B9,84,0.0229,1.9236
STU875724,CRSC05DF7,TSK003E6E,78,0.1326,10.3428
STU875724,CRSC05DF7,TSK3AAD6A,70,0.3444,24.108
STU875724,CRSC05DF7,TSK43D331,93,0.2935,27.295499999999997
STUAED495,CRSC05DF7,TSK8EF0AD,97,0.2066,20.040200000000002
STUAED495,CRSC05DF7,TSKFF86B9,84,0.0229,1.9236
STUAED495,CRSC05DF7,TSK003E6E,90,0.1326,11.934
STUAED495,CRSC05DF7,TSK3AAD6A,99,0.3444,34.0956
STUAED495,CRSC05DF7,TSK43D331,94,0.2935,27.589
STUB278A7,CRSC05DF7,TSK8EF0AD,0,0.2066,0.0
STUB278A7,CRSC05DF7,TSKFF86B9,0,0.0229,0.0
STUB278A7,CRSC05DF7,TSK003E6E,0,0.1326,0.0
STUB278A7,CRSC05DF7,TSK3AAD6A,43,0.3444,14.809199999999999
STUB278A7,CRSC05DF7,TSK43D331,0,0.2935,0.0
STU19DEAB,CRSC05DF7,TSK8EF0AD,88,0.2066,18.1808
STU19DEAB,CRSC05DF7,TSKFF86B9,51,0.0229,1.1679
STU19DEAB,CRSC05DF7,TSK003E6E,53,0.1326,7.0278
STU19DEAB,CRSC05DF7,TSK3AAD6A,65,0.3444,22.386
STU19DEAB,CRSC05DF7,TSK43D331,41,0.2935,12.0335
STU49C839,CRSC05DF7,TSK8EF0AD,0,0.2066,0.0
STU49C839,CRSC05DF7,TSKFF86B9,0,0.0229,0.0
STU49C839,CRSC05DF7,TSK003E6E,53,0.1326,7.0278
STU49C839,CRSC05DF7,TSK3AAD6A,25,0.3444,8.61
STU49C839,CRSC05DF7,TSK43D331,0,0.2935,0.0
STUE334CD,CRSC05DF7,TSK8EF0AD,27,0.2066,5.5782
STUE334CD,CRSC05DF7,TSKFF86B9,41,0.0229,0.9389
STUE334CD,CRSC05DF7,TSK003E6E,61,0.1326,8.0886
STUE334CD,CRSC05DF7,TSK3AAD6A,48,0.3444,16.5312
STUE334CD,CRSC05DF7,TSK43D331,64,0.2935,18.784
STUF2A51E,CRSC05DF7,TSK8EF0AD,33,0.2066,6.8178
STUF2A51E,CRSC05DF7,TSKFF86B9,54,0.0229,1.2366
STUF2A51E,CRSC05DF7,TSK003E6E,36,0.1326,4.7736
STUF2A51E,CRSC05DF7,TSK3AAD6A,37,0.3444,12.742799999999999
STUF2A51E,CRSC05DF7,TSK43D331,52,0.2935,15.261999999999999
STUE50EC8,CRSC05DF7,TSK8EF0AD,53,0.2066,10.9498
STUE50EC8,CRSC05DF7,TSKFF86B9,35,0.0229,0.8015
STUE50EC8,CRSC05DF7,TSK003E6E,28,0.1326,3.7127999999999997
STUE50EC8,CRSC05DF7,TSK3AAD6A,31,0.3444,10.6764
STUE50EC8,CRSC05DF7,TSK43D331,53,0.2935,15.555499999999999
STU2ECA3F,CRSC05DF7,TSK8EF0AD,0,0.2066,0.0
STU2ECA3F,CRSC05DF7,TSKFF86B9,46,0.0229,1.0534000000000001
STU2ECA3F,CRSC05DF7,TSK003E6E,0,0.1326,0.0
STU2ECA3F,CRSC05DF7,TSK3AAD6A,0,0.3444,0.0
STU2ECA3F,CRSC05DF7,TSK43D331,28,0.2935,8.218
STU433245,CRSC05DF7,TSK8EF0AD,39,0.2066,8.0574
STU433245,CRSC05DF7,TSKFF86B9,0,0.0229,0.0
STU433245,CRSC05DF7,TSK003E6E,34,0.1326,4.5084
STU433245,CRSC05DF7,TSK3AAD6A,33,0.3444,11.3652
STU433245,CRSC05DF7,TSK43D331,0,0.2935,0.0
STU2DF204,CRSC05DF7,TSK8EF0AD,29,0.2066,5.9914000000000005
STU2DF204,CRSC05DF7,TSKFF86B9,0,0.0229,0.0
STU2DF204,CRSC05DF7,TSK003E6E,0,0.1326,0.0
STU2DF204,CRSC05DF7,TSK3AAD6A,20,0.3444,6.888
STU2DF204,CRSC05DF7,TSK43D331,32,0.2935,9.392
STUF6C023,CRSC05DF7,TSK8EF0AD,0,0.2066,0.0
STUF6C023,CRSC05DF7,TSKFF86B9,0,0.0229,0.0
STUF6C023,CRSC05DF7,TSK003E6E,0,0.1326,0.0
STUF6C023,CRSC05DF7,TSK3AAD6A,0,0.3444,0.0
STUF6C023,CRSC05DF7,TSK43D331,0,0.2935,0.0
STUE3EFE8,CRSC05DF7,TSK8EF0AD,14,0.2066,2.8924000000000003
STUE3EFE8,CRSC05DF7,TSKFF86B9,26,0.0229,0.5954
STUE3EFE8,CRSC05DF7,TSK003E6E,22,0.1326,2.9172
STUE3EFE8,CRSC05DF7,TSK3AAD6A,27,0.3444,9.2988
STUE3EFE8,CRSC05DF7,TSK43D331,53,0.2935,15.555499999999999
STU7C544C,CRSC05DF7,TSK8EF0AD,0,0.2066,0.0
STU7C544C,CRSC05DF7,TSKFF86B9,0,0.0229,0.0
STU7C544C,CRSC05DF7,TSK003E6E,57,0.1326,7.558199999999999
STU7C544C,CRSC05DF7,TSK3AAD6A,0,0.3444,0.0
STU7C544C,CRSC05DF7,TSK43D331,0,0.2935,0.0
STU059620,CRSC05DF7,TSK8EF0AD,0,0.2066,0.0
STU059620,CRSC05DF7,TSKFF86B9,0,0.0229,0.0
STU059620,CRSC05DF7,TSK003E6E,39,0.1326,5.1714
STU059620,CRSC05DF7,TSK3AAD6A,17,0.3444,5.8548
STU059620,CRSC05DF7,TSK43D331,0,0.2935,0.0
STU64F0B2,CRSC05DF7,TSK8EF0AD,86,0.2066,17.7676
STU64F0B2,CRSC05DF7,TSKFF86B9,82,0.0229,1.8778
STU64F0B2,CRSC05DF7,TSK003E6E,86,0.1326,11.403599999999999
STU64F0B2,CRSC05DF7,TSK3AAD6A,86,0.3444,29.618399999999998
STU64F0B2,CRSC05DF7,TSK43D331,77,0.2935,22.5995
STUE84E82,CRSC05DF7,TSK8EF0AD,63,0.2066,13.0158
STUE84E82,CRSC05DF7,TSKFF86B9,74,0.0229,1.6946
STUE84E82,CRSC05DF7,TSK003E6E,73,0.1326,9.6798
STUE84E82,CRSC05DF7,TSK3AAD6A,89,0.3444,30.6516
STUE84E82,CRSC05DF7,TSK43D331,79,0.2935,23.1865
STU786FCB,CRSC05DF7,TSK8EF0AD,63,0.2066,13.0158
STU786FCB,CRSC05DF7,TSKFF86B9,66,0.0229,1.5114
STU786FCB,CRSC05DF7,TSK003E6E,58,0.1326,7.690799999999999
STU786FCB,CRSC05DF7,TSK3AAD6A,64,0.3444,22.0416
STU786FCB,CRSC05DF7,TSK43D331,39,0.2935,11.446499999999999
STU5F540B,CRSC05DF7,TSK8EF0AD,16,0.2066,3.3056
STU5F540B,CRSC05DF7,TSKFF86B9,14,0.0229,0.3206
STU5F540B,CRSC05DF7,TSK003E6E,4,0.1326,0.5304
STU5F540B,CRSC05DF7,TSK3AAD6A,8,0.3444,2.7552
STU5F540B,CRSC05DF7,TSK43D331,14,0.2935,4.109
STUD1930F,CRSC05DF7,TSK8EF0AD,50,0.2066,10.33
STUD1930F,CRSC05DF7,TSKFF86B9,60,0.0229,1.374
STUD1930F,CRSC05DF7,TSK003E6E,56,0.1326,7.425599999999999
STUD1930F,CRSC05DF7,TSK3AAD6A,45,0.3444,15.498
STUD1930F,CRSC05DF7,TSK43D331,53,0.2935,15.555499999999999
STU2C657C,CRSC05DF7,TSK8EF0AD,49,0.2066,10.1234
STU2C657C,CRSC05DF7,TSKFF86B9,83,0.0229,1.9007
STU2C657C,CRSC05DF7,TSK003E6E,83,0.1326,11.005799999999999
STU2C657C,CRSC05DF7,TSK3AAD6A,88,0.3444,30.307199999999998
STU2C657C,CRSC05DF7,TSK43D331,89,0.2935,26.121499999999997
STU38C9A9,CRSC05DF7,TSK8EF0AD,97,0.2066,20.040200000000002
STU38C9A9,CRSC05DF7,TSKFF86B9,87,0.0229,1.9923
STU38C9A9,CRSC05DF7,TSK003E6E,77,0.1326,10.2102
STU38C9A9,CRSC05DF7,TSK3AAD6A,81,0.3444,27.8964
STU38C9A9,CRSC05DF7,TSK43D331,93,0.2935,27.295499999999997
STU3D82C2,CRSC05DF7,TSK8EF0AD,60,0.2066,12.396
STU3D82C2,CRSC05DF7,TSKFF86B9,46,0.0229,1.0534000000000001
STU3D82C2,CRSC05DF7,TSK003E6E,46,0.1326,6.0996
STU3D82C2,CRSC05DF7,TSK3AAD6A,89,0.3444,30.6516
STU3D82C2,CRSC05DF7,TSK43D331,75,0.2935,22.0125
STU8BE3F7,CRSC05DF7,TSK8EF0AD,42,0.2066,8.677200000000001
STU8BE3F7,CRSC05DF7,TSKFF86B9,33,0.0229,0.7557
STU8BE3F7,CRSC05DF7,TSK003E6E,66,0.1326,8.7516
STU8BE3F7,CRSC05DF7,TSK3AAD6A,72,0.3444,24.796799999999998
STU8BE3F7,CRSC05DF7,TSK43D331,45,0.2935,13.2075
STUFE514D,CRSC05DF7,TSK8EF0AD,0,0.2066,0.0
STUFE514D,CRSC05DF7,TSKFF86B9,0,0.0229,0.0
STUFE514D,CRSC05DF7,TSK003E6E,0,0.1326,0.0
STUFE514D,CRSC05DF7,TSK3AAD6A,0,0.3444,0.0
STUFE514D,CRSC05DF7,TSK43D331,11,0.2935,3.2285
STU15BD75,CRSC6B0E8,TSK5F7FDD,0,0.9348,0.0
STU15BD75,CRSC6B0E8,TSK74CE72,0,0.0652,0.0
STU7F3023,CRSC6B0E8,TSK5F7FDD,62,0.9348,57.9576
STU7F3023,CRSC6B0E8,TSK74CE72,56,0.0652,3.6512
STU0F781F,CRSC6B0E8,TSK5F7FDD,79,0.9348,73.8492
STU0F781F,CRSC6B0E8,TSK74CE72,79,0.0652,5.150799999999999
STU6E65AD,CRSC6B0E8,TSK5F7FDD,66,0.9348,61.696799999999996
STU6E65AD,CRSC6B0E8,TSK74CE72,52,0.0652,3.3903999999999996
STUB6485B,CRSC6B0E8,TSK5F7FDD,64,0.9348,59.8272
STUB6485B,CRSC6B0E8,TSK74CE72,0,0.0652,0.0
STUF30804,CRSC6B0E8,TSK5F7FDD,0,0.9348,0.0
STUF30804,CRSC6B0E8,TSK74CE72,0,0.0652,0.0
STUD65275,CRSC6B0E8,TSK5F7FDD,0,0.9348,0.0
STUD65275,CRSC6B0E8,TSK74CE72,77,0.0652,5.0203999999999995
STU8F977D,CRSC6B0E8,TSK5F7FDD,74,0.9348,69.1752
STU8F977D,CRSC6B0E8,TSK74CE72,63,0.0652,4.1076
STUE9CA43,CRSC6B0E8,TSK5F7FDD,91,0.9348,85.0668
STUE9CA43,CRSC6B0E8,TSK74CE72,74,0.0652,4.8248
STU6D925B,CRSC6B0E8,TSK5F7FDD,84,0.9348,78.5232
STU6D925B,CRSC6B0E8,TSK74CE72,79,0.0652,5.150799999999999
STUC9FEEE,CRSC6B0E8,TSK5F7FDD,21,0.9348,19.6308
STUC9FEEE,CRSC6B0E8,TSK74CE72,23,0.0652,1.4995999999999998
STUB431F6,CRSC6B0E8,TSK5F7FDD,44,0.9348,41.1312
STUB431F6,CRSC6B0E8,TSK74CE72,49,0.0652,3.1948
STU815478,CRSC6B0E8,TSK5F7FDD,43,0.9348,40.1964
STU815478,CRSC6B0E8,TSK74CE72,26,0.0652,1.6951999999999998
STUACBBF3,CRSC6B0E8,TSK5F7FDD,26,0.9348,24.3048
STUACBBF3,CRSC6B0E8,TSK74CE72,59,0.0652,3.8467999999999996
STU84BA56,CRSC6B0E8,TSK5F7FDD,0,0.9348,0.0
STU84BA56,CRSC6B0E8,TSK74CE72,0,0.0652,0.0
STUBE80C2,CRSC6B0E8,TSK5F7FDD,31,0.9348,28.9788
STUBE80C2,CRSC6B0E8,TSK74CE72,35,0.0652,2.2819999999999996
STU2579E3,CRSC6B0E8,TSK5F7FDD,85,0.9348,79.458
STU2579E3,CRSC6B0E8,TSK74CE72,61,0.0652,3.9772
STUB2B358,CRSC6B0E8,TSK5F7FDD,94,0.9348,87.8712
STUB2B358,CRSC6B0E8,TSK74CE72,66,0.0652,4.3031999999999995
STUF82894,CRSC6B0E8,TSK5F7FDD,57,0.9348,53.2836
STUF82894,CRSC6B0E8,TSK74CE72,97,0.0652,6.3244
STU7C6331,CRSC6B0E8,TSK5F7FDD,66,0.9348,61.696799999999996
STU7C6331,CRSC6B0E8,TSK74CE72,61,0.0652,3.9772
STUBE150C,CRSC6B0E8,TSK5F7FDD,45,0.9348,42.065999999999995
STUBE150C,CRSC6B0E8,TSK74CE72,51,0.0652,3.3251999999999997
STUF87EF5,CRSC6B0E8,TSK5F7FDD,65,0.9348,60.762
STUF87EF5,CRSC6B0E8,TSK74CE72,61,0.0652,3.9772
STU93731E,CRSC6B0E8,TSK5F7FDD,13,0.9348,12.1524
STU93731E,CRSC6B0E8,TSK74CE72,21,0.0652,1.3692
STU707A90,CRSC6B0E8,TSK5F7FDD,57,0.9348,53.2836
STU707A90,CRSC6B0E8,TSK74CE72,66,0.0652,4.3031999999999995
STU57A39A,CRSC6B0E8,TSK5F7FDD,40,0.9348,37.391999999999996
STU57A39A,CRSC6B0E8,TSK74CE72,37,0.0652,2.4124
STUD96AE2,CRSC6B0E8,TSK5F7FDD,0,0.9348,0.0
STUD96AE2,CRSC6B0E8,TSK74CE72,0,0.0652,0.0
STUD85329,CRSC6B0E8,TSK5F7FDD,53,0.9348,49.544399999999996
STUD85329,CRSC6B0E8,TSK74CE72,57,0.0652,3.7163999999999997
STUBCC0CC,CRSC6B0E8,TSK5F7FDD,0,0.9348,0.0
STUBCC0CC,CRSC6B0E8,TSK74CE72,45,0.0652,2.9339999999999997
STUFF15F8,CRSC6B0E8,TSK5F7FDD,77,0.9348,71.97959999999999
STUFF15F8,CRSC6B0E8,TSK74CE72,66,0.0652,4.3031999999999995
STU767C18,CRSC6B0E8,TSK5F7FDD,64,0.9348,59.8272
STU767C18,CRSC6B0E8,TSK74CE72,60,0.0652,3.9119999999999995
STU799EDB,CRSC6B0E8,TSK5F7FDD,84,0.9348,78.5232
STU799EDB,CRSC6B0E8,TSK74CE72,57,0.0652,3.7163999999999997
STUB1A74F,CRSC6B0E8,TSK5F7FDD,0,0.9348,0.0
STUB1A74F,CRSC6B0E8,TSK74CE72,74,0.0652,4.8248
STUBB164F,CRSC6B0E8,TSK5F7FDD,71,0.9348,66.3708
STUBB164F,CRSC6B0E8,TSK74CE72,54,0.0652,3.5207999999999995
STUFC9154,CRSC6B0E8,TSK5F7FDD,63,0.9348,58.892399999999995
STUFC9154,CRSC6B0E8,TSK74CE72,66,0.0652,4.3031999999999995
STU177A7C,CRSC6B0E8,TSK5F7FDD,32,0.9348,29.9136
STU177A7C,CRSC6B0E8,TSK74CE72,32,0.0652,2.0864
STU71B105,CRSC6B0E8,TSK5F7FDD,78,0.9348,72.9144
STU71B105,CRSC6B0E8,TSK74CE72,69,0.0652,4.498799999999999
STUEDA6CC,CRSC6B0E8,TSK5F7FDD,33,0.9348,30.848399999999998
STUEDA6CC,CRSC6B0E8,TSK74CE72,59,0.0652,3.8467999999999996
STUF074F4,CRSC6B0E8,TSK5F7FDD,0,0.9348,0.0
STUF074F4,CRSC6B0E8,TSK74CE72,0,0.0652,0.0
STUA57F8A,CRSC6B0E8,TSK5F7FDD,57,0.9348,53.2836
STUA57F8A,CRSC6B0E8,TSK74CE72,46,0.0652,2.9991999999999996
STU7C3786,CRSC6B0E8,TSK5F7FDD,64,0.9348,59.8272
STU7C3786,CRSC6B0E8,TSK74CE72,61,0.0652,3.9772
STUFECD50,CRS1B851A,TSKF53D74,87,1.0,87.0
STU7AFEE2,CRS1B851A,TSKF53D74,67,1.0,67.0
STUBCC1C4,CRS1B851A,TSKF53D74,67,1.0,67.0
STU527D41,CRS1B851A,TSKF53D74,0,1.0,0.0
STU58A65F,CRS1B851A,TSKF53D74,70,1.0,70.0
STU9DFAAD,CRS1B851A,TSKF53D74,35,1.0,35.0
STUF61249,CRS1B851A,TSKF53D74,68,1.0,68.0
STU08E1AC,CRS1B851A,TSKF53D74,0,1.0,0.0
STUE3EFB8,CRS1B851A,TSKF53D74,31,1.0,31.0
STU8CCB03,CRS1B851A,TSKF53D74,85,1.0,85.0
STU221C2B,CRS1B851A,TSKF53D74,21,1.0,21.0
STU64D224,CRS1B851A,TSKF53D74,36,1.0,36.0
STU28C4B5,CRS1B851A,TSKF53D74,100,1.0,100.0
STU0C4C51,CRS1B851A,TSKF53D74,73,1.0,73.0
STU0EDAB0,CRS1B851A,TSKF53D74,27,1.0,27.0
STU4AAAD4,CRS1B851A,TSKF53D74,31,1.0,31.0
STU1CC0D9,CRS1B851A,TSKF53D74,0,1.0,0.0
STUBCBB7C,CRS1B851A,TSKF53D74,70,1.0,70.0
STU830AF2,CRS1B851A,TSKF53D74,60,1.0,60.0
STU28EA35,CRS1B851A,TSKF53D74,48,1.0,48.0
STUC6A6D6,CRS1B851A,TSKF53D74,59,1.0,59.0
STU995DAE,CRS1B851A,TSKF53D74,41,1.0,41.0
STUB46B2A,CRS1B851A,TSKF53D74,0,1.0,0.0
STU6A2A5B,CRS1B851A,TSKF53D74,100,1.0,100.0
STU847A51,CRS1B851A,TSKF53D74,41,1.0,41.0
STU801F17,CRS1B851A,TSKF53D74,85,1.0,85.0
STU9A7469,CRS1B851A,TSKF53D74,28,1.0,28.0
STU5F2B34,CRS1B851A,TSKF53D74,82,1.0,82.0
STU0B9532,CRS1B851A,TSKF53D74,45,1.0,45.0
STUF72428,CRS1B851A,TSKF53D74,48,1.0,48.0
STUBABC4C,CRS1B851A,TSKF53D74,0,1.0,0.0
STU341455,CRS1B851A,TSKF53D74,93,1.0,93.0
STUACCA76,CRS1B851A,TSKF53D74,62,1.0,62.0
STUF7795E,CRS1B851A,TSKF53D74,78,1.0,78.0
STU41A62D,CRS1B851A,TSKF53D74,75,1.0,75.0
STU6D8434,CRS1B851A,TSKF53D74,65,1.0,65.0
STU1C22B8,CRS1B851A,TSKF53D74,64,1.0,64.0
STU25BD50,CRS1B851A,TSKF53D74,74,1.0,74.0
STU34633A,CRS1B851A,TSKF53D74,96,1.0,96.0
STU7D0A05,CRS1B851A,TSKF53D74,84,1.0,84.0
STU224472,CRS9A990D,TSKE68E8F,39,1.0,39.0
STU20DFCD,CRS9A990D,TSKE68E8F,35,1.0,35.0
STU3DE203,CRS9A990D,TSKE68E8F,100,1.0,100.0
STU81743E,CRS9A990D,TSKE68E8F,80,1.0,80.0
STUE30104,CRS9A990D,TSKE68E8F,82,1.0,82.0
STU1FDC71,CRS9A990D,TSKE68E8F,52,1.0,52.0
STU08B476,CRS9A990D,TSKE68E8F,0,1.0,0.0
STU5CF4C6,CRS9A990D,TSKE68E8F,0,1.0,0.0
STU482FE8,CRS9A990D,TSKE68E8F,68,1.0,68.0
STUD5E477,CRS9A990D,TSKE68E8F,83,1.0,83.0
STU8D537A,CRS9A990D,TSKE68E8F,59,1.0,59.0
STU796016,CRS9A990D,TSKE68E8F,86,1.0,86.0
STU1F9712,CRS9A990D,TSKE68E8F,72,1.0,72.0
STUD14CCD,CRS9A990D,TSKE68E8F,94,1.0,94.0
STUB08E49,CRS9A990D,TSKE68E8F,50,1.0,50.0
STUAE704C,CRS9A990D,TSKE68E8F,44,1.0,44.0
STU0A2DCC,CRS9A990D,TSKE68E8F,0,1.0,0.0
STUCEC376,CRS9A990D,TSKE68E8F,58,1.0,58.0
STU3A231F,CRS9A990D,TSKE68E8F,79,1.0,79.0
STU370D5F,CRS9A990D,TSKE68E8F,78,1.0,78.0
STU2DB5AD,CRS9A990D,TSKE68E8F,90,1.0,90.0
STU0654DC,CRS9A990D,TSKE68E8F,100,1.0,100.0
STU7D3259,CRS9A990D,TSKE68E8F,17,1.0,17.0
STU9F1CE1,CRS9A990D,TSKE68E8F,0,1.0,0.0
STU3850E5,CRS9A990D,TSKE68E8F,100,1.0,100.0
STU05B702,CRS9A990D,TSKE68E8F,83,1.0,83.0
STUA151A1,CRS9A990D,TSKE68E8F,75,1.0,75.0
STUD6CB25,CRS9A990D,TSKE68E8F,48,1.0,48.0
STU73EB84,CRS9A990D,TSKE68E8F,24,1.0,24.0
STUA5DC30,CRS9A990D,TSKE68E8F,0,1.0,0.0
STU2027F9,CRS9A990D,TSKE68E8F,32,1.0,32.0
STU6A3EE8,CRS9A990D,TSKE68E8F,83,1.0,83.0
STUE2C149,CRS9A990D,TSKE68E8F,21,1.0,21.0
STUEDB3C2,CRS9A990D,TSKE68E8F,27,1.0,27.0
STU9F9C50,CRS9A990D,TSKE68E8F,0,1.0,0.0
STU2963CF,CRS9A990D,TSKE68E8F,84,1.0,84.0
STUE9A399,CRS9A990D,TSKE68E8F,0,1.0,0.0
STU180F6A,CRS9A990D,TSKE68E8F,84,1.0,84.0
STU80E967,CRS9A990D,TSKE68E8F,37,1.0,37.0
STU4BDBC0,CRS9A990D,TSKE68E8F,94,1.0,94.0
STUCE3154,CRS8EFEEE,TSK741CE9,0,1.0,0.0
STU7FFB01,CRS8EFEEE,TSK741CE9,100,1.0,100.0
STUD5B561,CRS8EFEEE,TSK741CE9,45,1.0,45.0
STUDF005C,CRS8EFEEE,TSK741CE9,50,1.0,50.0
STU67A8BC,CRS8EFEEE,TSK741CE9,53,1.0,53.0
STU9AA836,CRS8EFEEE,TSK741CE9,54,1.0,54.0
STU425BE7,CRS8EFEEE,TSK741CE9,57,1.0,57.0
STU9A25E7,CRS8EFEEE,TSK741CE9,23,1.0,23.0
STUAD265D,CRS8EFEEE,TSK741CE9,40,1.0,40.0
STUBED24E,CRS8EFEEE,TSK741CE9,38,1.0,38.0
STU42E901,CRS8EFEEE,TSK741CE9,65,1.0,65.0
STU1FA8A2,CRS8EFEEE,TSK741CE9,39,1.0,39.0
STU9DAF5A,CRS8EFEEE,TSK741CE9,73,1.0,73.0
STUB50B6F,CRS8EFEEE,TSK741CE9,51,1.0,51.0
STU0329F0,CRS8EFEEE,TSK741CE9,87,1.0,87.0
STU0F6ED6,CRS8EFEEE,TSK741CE9,17,1.0,17.0
STU14891B,CRS8EFEEE,TSK741CE9,77,1.0,77.0
STU284272,CRS8EFEEE,TSK741CE9,90,1.0,90.0
STU20ADFF,CRS8EFEEE,TSK741CE9,72,1.0,72.0
STUBA04DB,CRS8EFEEE,TSK741CE9,51,1.0,51.0
STU2DBB23,CRS8EFEEE,TSK741CE9,55,1.0,55.0
STU883006,CRS8EFEEE,TSK741CE9,41,1.0,41.0
STUC04BB3,CRS8EFEEE,TSK741CE9,59,1.0,59.0
STUBD6FD1,CRS8EFEEE,TSK741CE9,57,1.0,57.0
STU4C4890,CRS8EFEEE,TSK741CE9,82,1.0,82.0
STU108D31,CRS8EFEEE,TSK741CE9,91,1.0,91.0
STU7FBF71,CRS8EFEEE,TSK741CE9,69,1.0,69.0
STUAE1D5B,CRS8EFEEE,TSK741CE9,74,1.0,74.0
STU27F113,CRS8EFEEE,TSK741CE9,61,1.0,61.0
STUBE5C69,CRS8EFEEE,TSK741CE9,42,1.0,42.0
STU1AC01E,CRS8EFEEE,TSK741CE9,31,1.0,31.0
STU43CC75,CRS8EFEEE,TSK741CE9,78,1.0,78.0
STUD13DCE,CRS8EFEEE,TSK741CE9,56,1.0,56.0
STU4A8341,CRS8EFEEE,TSK741CE9,59,1.0,59.0
STU5A5D80,CRS8EFEEE,TSK741CE9,97,1.0,97.0
STUE001F5,CRS8EFEEE,TSK741CE9,48,1.0,48.0
STU5FB864,CRS8EFEEE,TSK741CE9,62,1.0,62.0
STU533130,CRS8EFEEE,TSK741CE9,67,1.0,67.0
STU94DB3C,CRS8EFEEE,TSK741CE9,20,1.0,20.0
STUE69338,CRS8EFEEE,TSK741CE9,96,1.0,96.0
STU94DEBE,CRS283DC7,TSKBBB69D,68,1.0,68.0
STU041EAA,CRS283DC7,TSKBBB69D,0,1.0,0.0
STUF3F107,CRS283DC7,TSKBBB69D,92,1.0,92.0
STU8D1DEA,CRS283DC7,TSKBBB69D,95,1.0,95.0
STUE93BA3,CRS283DC7,TSKBBB69D,0,1.0,0.0
STUAC2FF3,CRS283DC7,TSKBBB69D,49,1.0,49.0
STU4ACAF5,CRS283DC7,TSKBBB69D,0,1.0,0.0
STUCE07DD,CRS283DC7,TSKBBB69D,31,1.0,31.0
STUE1E46F,CRS283DC7,TSKBBB69D,28,1.0,28.0
STU6E84AF,CRS283DC7,TSKBBB69D,34,1.0,34.0
STU7E9C45,CRS283DC7,TSKBBB69D,0,1.0,0.0
STUF6A728,CRS283DC7,TSKBBB69D,57,1.0,57.0
STU999E01,CRS283DC7,TSKBBB69D,36,1.0,36.0
STU595A0D,CRS283DC7,TSKBBB69D,29,1.0,29.0
STU4C90CF,CRS283DC7,TSKBBB69D,55,1.0,55.0
STUFCB5EC,CRS283DC7,TSKBBB69D,84,1.0,84.0
STUF6FC8B,CRS283DC7,TSKBBB69D,100,1.0,100.0
STU3AF6EC,CRS283DC7,TSKBBB69D,72,1.0,72.0
STU63C7BA,CRS283DC7,TSKBBB69D,0,1.0,0.0
STU77B462,CRS283DC7,TSKBBB69D,48,1.0,48.0
STU23895E,CRS283DC7,TSKBBB69D,29,1.0,29.0
STU10B372,CRS283DC7,TSKBBB69D,95,1.0,95.0
STU96BB25,CRS283DC7,TSKBBB69D,0,1.0,0.0
STUF0FC1E,CRS283DC7,TSKBBB69D,79,1.0,79.0
STUAA9AFE,CRS283DC7,TSKBBB69D,15,1.0,15.0
STUB3D977,CRS283DC7,TSKBBB69D,74,1.0,74.0
STU17C82F,CRS283DC7,TSKBBB69D,63,1.0,63.0
STU6C5845,CRS283DC7,TSKBBB69D,92,1.0,92.0
STUAC5D45,CRS283DC7,TSKBBB69D,40,1.0,40.0
STUC064CA,CRS283DC7,TSKBBB69D,65,1.0,65.0
STU6C305A,CRS283DC7,TSKBBB69D,38,1.0,38.0
STU21CD82,CRS283DC7,TSKBBB69D,84,1.0,84.0
STU8A18B7,CRS283DC7,TSKBBB69D,35,1.0,35.0
STUC521B7,CRS283DC7,TSKBBB69D,0,1.0,0.0
STUCFD763,CRS283DC7,TSKBBB69D,25,1.0,25.0
STUE7EB10,CRS283DC7,TSKBBB69D,64,1.0,64.0
STU004FF9,CRS283DC7,TSKBBB69D,0,1.0,0.0
STU4DE80D,CRS283DC7,TSKBBB69D,51,1.0,51.0
STU689C45,CRS283DC7,TSKBBB69D,53,1.0,53.0
STU5BDCEF,CRS283DC7,TSKBBB69D,73,1.0,73.0
STUF919A3,CRS50643A,TSK9ECC08,75,0.3274,24.555000000000003
STUF919A3,CRS50643A,TSKA483CE,67,0.608,40.736
STUF919A3,CRS50643A,TSKD4220F,78,0.0646,5.0388
STUED93F3,CRS50643A,TSK9ECC08,93,0.3274,30.448200000000003
STUED93F3,CRS50643A,TSKA483CE,75,0.608,45.6
STUED93F3,CRS50643A,TSKD4220F,85,0.0646,5.4910000000000005
STU40E4E7,CRS50643A,TSK9ECC08,93,0.3274,30.448200000000003
STU40E4E7,CRS50643A,TSKA483CE,85,0.608,51.68
STU40E4E7,CRS50643A,TSKD4220F,64,0.0646,4.1344
STUB3310E,CRS50643A,TSK9ECC08,48,0.3274,15.715200000000001
STUB3310E,CRS50643A,TSKA483CE,86,0.608,52.288
STUB3310E,CRS50643A,TSKD4220F,80,0.0646,5.168
STU08FF4C,CRS50643A,TSK9ECC08,0,0.3274,0.0
STU08FF4C,CRS50643A,TSKA483CE,0,0.608,0.0
STU08FF4C,CRS50643A,TSKD4220F,66,0.0646,4.2636
STUB9E2C0,CRS50643A,TSK9ECC08,100,0.3274,32.74
STUB9E2C0,CRS50643A,TSKA483CE,89,0.608,54.112
STUB9E2C0,CRS50643A,TSKD4220F,100,0.0646,6.460000000000001
STUF233C3,CRS50643A,TSK9ECC08,43,0.3274,14.0782
STUF233C3,CRS50643A,TSKA483CE,0,0.608,0.0
STUF233C3,CRS50643A,TSKD4220F,0,0.0646,0.0
STU3B9A8E,CRS50643A,TSK9ECC08,100,0.3274,32.74
STU3B9A8E,CRS50643A,TSKA483CE,95,0.608,57.76
STU3B9A8E,CRS50643A,TSKD4220F,100,0.0646,6.460000000000001
STU6A9891,CRS50643A,TSK9ECC08,88,0.3274,28.811200000000003
STU6A9891,CRS50643A,TSKA483CE,81,0.608,49.248
STU6A9891,CRS50643A,TSKD4220F,74,0.0646,4.7804
STU964307,CRS50643A,TSK9ECC08,100,0.3274,32.74
STU964307,CRS50643A,TSKA483CE,97,0.608,58.976
STU964307,CRS50643A,TSKD4220F,78,0.0646,5.0388
STU22FCD1,CRS50643A,TSK9ECC08,67,0.3274,21.9358
STU22FCD1,CRS50643A,TSKA483CE,69,0.608,41.952
STU22FCD1,CRS50643A,TSKD4220F,72,0.0646,4.6512
STU3B9E4E,CRS50643A,TSK9ECC08,82,0.3274,26.8468
STU3B9E4E,CRS50643A,TSKA483CE,77,0.608,46.815999999999995
STU3B9E4E,CRS50643A,TSKD4220F,58,0.0646,3.7468000000000004
STU949E5F,CRS50643A,TSK9ECC08,75,0.3274,24.555000000000003
STU949E5F,CRS50643A,TSKA483CE,64,0.608,38.912
STU949E5F,CRS50643A,TSKD4220F,61,0.0646,3.9406000000000003
STU4A25AA,CRS50643A,TSK9ECC08,79,0.3274,25.864600000000003
STU4A25AA,CRS50643A,TSKA483CE,85,0.608,51.68
STU4A25AA,CRS50643A,TSKD4220F,80,0.0646,5.168
STUF43032,CRS50643A,TSK9ECC08,3,0.3274,0.9822000000000001
STUF43032,CRS50643A,TSKA483CE,4,0.608,2.432
STUF43032,CRS50643A,TSKD4220F,14,0.0646,0.9044000000000001
STU771865,CRS50643A,TSK9ECC08,94,0.3274,30.7756
STU771865,CRS50643A,TSKA483CE,100,0.608,60.8
STU771865,CRS50643A,TSKD4220F,100,0.0646,6.460000000000001
STU464CAF,CRS50643A,TSK9ECC08,87,0.3274,28.483800000000002
STU464CAF,CRS50643A,TSKA483CE,85,0.608,51.68
STU464CAF,CRS50643A,TSKD4220F,82,0.0646,5.2972
STU40EE8A,CRS50643A,TSK9ECC08,93,0.3274,30.448200000000003
STU40EE8A,CRS50643A,TSKA483CE,86,0.608,52.288
STU40EE8A,CRS50643A,TSKD4220F,70,0.0646,4.522
STU10AFE4,CRS50643A,TSK9ECC08,82,0.3274,26.8468
STU10AFE4,CRS50643A,TSKA483CE,80,0.608,48.64
STU10AFE4,CRS50643A,TSKD4220F,97,0.0646,6.2662
STUC59E30,CRS50643A,TSK9ECC08,57,0.3274,18.661800000000003
STUC59E30,CRS50643A,TSKA483CE,47,0.608,28.576
STUC59E30,CRS50643A,TSKD4220F,77,0.0646,4.974200000000001
STUB97DB7,CRS50643A,TSK9ECC08,64,0.3274,20.9536
STUB97DB7,CRS50643A,TSKA483CE,67,0.608,40.736
STUB97DB7,CRS50643A,TSKD4220F,83,0.0646,5.361800000000001
STU21BBA7,CRS50643A,TSK9ECC08,25,0.3274,8.185
STU21BBA7,CRS50643A,TSKA483CE,29,0.608,17.631999999999998
STU21BBA7,CRS50643A,TSKD4220F,34,0.0646,2.1964
STU8E4F2D,CRS50643A,TSK9ECC08,52,0.3274,17.024800000000003
STU8E4F2D,CRS50643A,TSKA483CE,38,0.608,23.104
STU8E4F2D,CRS50643A,TSKD4220F,46,0.0646,2.9716
STU668A04,CRS50643A,TSK9ECC08,74,0.3274,24.227600000000002
STU668A04,CRS50643A,TSKA483CE,70,0.608,42.56
STU668A04,CRS50643A,TSKD4220F,79,0.0646,5.103400000000001
STU367AAD,CRS50643A,TSK9ECC08,95,0.3274,31.103
STU367AAD,CRS50643A,TSKA483CE,88,0.608,53.504
STU367AAD,CRS50643A,TSKD4220F,75,0.0646,4.845000000000001
STU15E81D,CRS50643A,TSK9ECC08,65,0.3274,21.281000000000002
STU15E81D,CRS50643A,TSKA483CE,47,0.608,28.576
STU15E81D,CRS50643A,TSKD4220F,60,0.0646,3.8760000000000003
STU20B324,CRS50643A,TSK9ECC08,88,0.3274,28.811200000000003
STU20B324,CRS50643A,TSKA483CE,89,0.608,54.112
STU20B324,CRS50643A,TSKD4220F,96,0.0646,6.201600000000001
STU82E367,CRS50643A,TSK9ECC08,62,0.3274,20.2988
STU82E367,CRS50643A,TSKA483CE,47,0.608,28.576
STU82E367,CRS50643A,TSKD4220F,66,0.0646,4.2636
STU1155C9,CRS50643A,TSK9ECC08,0,0.3274,0.0
STU1155C9,CRS50643A,TSKA483CE,0,0.608,0.0
STU1155C9,CRS50643A,TSKD4220F,0,0.0646,0.0
STU56673B,CRS50643A,TSK9ECC08,0,0.3274,0.0
STU56673B,CRS50643A,TSKA483CE,42,0.608,25.535999999999998
STU56673B,CRS50643A,TSKD4220F,34,0.0646,2.1964
STU1DCBAB,CRS50643A,TSK9ECC08,60,0.3274,19.644000000000002
STU1DCBAB,CRS50643A,TSKA483CE,76,0.608,46.208
STU1DCBAB,CRS50643A,TSKD4220F,74,0.0646,4.7804
STU1AB024,CRS50643A,TSK9ECC08,45,0.3274,14.733
STU1AB024,CRS50643A,TSKA483CE,65,0.608,39.519999999999996
STU1AB024,CRS50643A,TSKD4220F,66,0.0646,4.2636
STUB47553,CRS50643A,TSK9ECC08,60,0.3274,19.644000000000002
STUB47553,CRS50643A,TSKA483CE,75,0.608,45.6
STUB47553,CRS50643A,TSKD4220F,84,0.0646,5.4264
STU69C161,CRS50643A,TSK9ECC08,39,0.3274,12.768600000000001
STU69C161,CRS50643A,TSKA483CE,25,0.608,15.2
STU69C161,CRS50643A,TSKD4220F,26,0.0646,1.6796000000000002
STU4EE55D,CRS50643A,TSK9ECC08,0,0.3274,0.0
STU4EE55D,CRS50643A,TSKA483CE,0,0.608,0.0
STU4EE55D,CRS50643A,TSKD4220F,0,0.0646,0.0
STU6793C5,CRS50643A,TSK9ECC08,98,0.3274,32.0852
STU6793C5,CRS50643A,TSKA483CE,100,0.608,60.8
STU6793C5,CRS50643A,TSKD4220F,94,0.0646,6.0724
STU38C1EC,CRS50643A,TSK9ECC08,73,0.3274,23.9002
STU38C1EC,CRS50643A,TSKA483CE,72,0.608,43.775999999999996
STU38C1EC,CRS50643A,TSKD4220F,88,0.0646,5.6848
STU33D95E,CRS50643A,TSK9ECC08,88,0.3274,28.811200000000003
STU33D95E,CRS50643A,TSKA483CE,86,0.608,52.288
STU33D95E,CRS50643A,TSKD4220F,100,0.0646,6.460000000000001
STU510D02,CRS50643A,TSK9ECC08,28,0.3274,9.167200000000001
STU510D02,CRS50643A,TSKA483CE,46,0.608,27.968
STU510D02,CRS50643A,TSKD4220F,59,0.0646,3.8114000000000003
STUB0C180,CRS50643A,TSK9ECC08,74,0.3274,24.227600000000002
STUB0C180,CRS50643A,TSKA483CE,72,0.608,43.775999999999996
STUB0C180,CRS50643A,TSKD4220F,88,0.0646,5.6848
STU23DEA3,CRS36A2D8,TSKD9A071,0,1.0,0.0
STU7307A8,CRS36A2D8,TSKD9A071,96,1.0,96.0
STU219735,CRS36A2D8,TSKD9A071,65,1.0,65.0
STU697D7C,CRS36A2D8,TSKD9A071,40,1.0,40.0
STU5497B0,CRS36A2D8,TSKD9A071,33,1.0,33.0
STU536845,CRS36A2D8,TSKD9A071,64,1.0,64.0
STU5A4D32,CRS36A2D8,TSKD9A071,22,1.0,22.0
STUBAAAF2,CRS36A2D8,TSKD9A071,76,1.0,76.0
STUD747DD,CRS36A2D8,TSKD9A071,49,1.0,49.0
STU5ADEC8,CRS36A2D8,TSKD9A071,0,1.0,0.0
STU95E8D0,CRS36A2D8,TSKD9A071,56,1.0,56.0
STU266498,CRS36A2D8,TSKD9A071,61,1.0,61.0
STU5F3705,CRS36A2D8,TSKD9A071,92,1.0,92.0
STU838447,CRS36A2D8,TSKD9A071,93,1.0,93.0
STUDE833F,CRS36A2D8,TSKD9A071,84,1.0,84.0
STU629CFD,CRS36A2D8,TSKD9A071,89,1.0,89.0
STUBF7A84,CRS36A2D8,TSKD9A071,98,1.0,98.0
STU1F6E70,CRS36A2D8,TSKD9A071,55,1.0,55.0
STUD5A7D1,CRS36A2D8,TSKD9A071,100,1.0,100.0
STU6D1F3F,CRS36A2D8,TSKD9A071,0,1.0,0.0
STU26873B,CRS36A2D8,TSKD9A071,58,1.0,58.0
STU82C442,CRS36A2D8,TSKD9A071,48,1.0,48.0
STUA067A4,CRS36A2D8,TSKD9A071,67,1.0,67.0
STU86E2DA,CRS36A2D8,TSKD9A071,0,1.0,0.0
STUA04550,CRS36A2D8,TSKD9A071,60,1.0,60.0
STU65439F,CRS36A2D8,TSKD9A071,86,1.0,86.0
STU9D6561,CRS36A2D8,TSKD9A071,84,1.0,84.0
STUE53CAA,CRS36A2D8,TSKD9A071,82,1.0,82.0
STUB83C52,CRS36A2D8,TSKD9A071,0,1.0,0.0
STU64E8CF,CRS36A2D8,TSKD9A071,63,1.0,63.0
STU5FF237,CRS36A2D8,TSKD9A071,35,1.0,35.0
STUFF6F48,CRS36A2D8,TSKD9A071,67,1.0,67.0
STUC67099,CRS36A2D8,TSKD9A071,68,1.0,68.0
STU5F7AFE,CRS36A2D8,TSKD9A071,64,1.0,64.0
STUC6BFD7,CRS36A2D8,TSKD9A071,79,1.0,79.0
STUC4C298,CRS36A2D8,TSKD9A071,43,1.0,43.0
STU811C46,CRS36A2D8,TSKD9A071,100,1.0,100.0
STU988B67,CRS36A2D8,TSKD9A071,0,1.0,0.0
STUA1AEC0,CRS36A2D8,TSKD9A071,76,1.0,76.0
STU764B3D,CRS36A2D8,TSKD9A071,65,1.0,65.0
STU794549,CRS96D2A3,TSK2E99FA,62,1.0,62.0
STUF323D1,CRS96D2A3,TSK2E99FA,39,1.0,39.0
STUCA9D90,CRS96D2A3,TSK2E99FA,15,1.0,15.0
STU6E54A5,CRS96D2A3,TSK2E99FA,93,1.0,93.0
STUD4AD82,CRS96D2A3,TSK2E99FA,0,1.0,0.0
STU077584,CRS96D2A3,TSK2E99FA,82,1.0,82.0
STUA4B744,CRS96D2A3,TSK2E99FA,32,1.0,32.0
STU0166B3,CRS96D2A3,TSK2E99FA,17,1.0,17.0
STUFA1EF8,CRS96D2A3,TSK2E99FA,73,1.0,73.0
STUAF665A,CRS96D2A3,TSK2E99FA,87,1.0,87.0
STU93F60A,CRS96D2A3,TSK2E99FA,12,1.0,12.0
STUA80235,CRS96D2A3,TSK2E99FA,24,1.0,24.0
STU8C65B8,CRS96D2A3,TSK2E99FA,23,1.0,23.0
STU5018DA,CRS96D2A3,TSK2E99FA,76,1.0,76.0
STUBE8AB4,CRS96D2A3,TSK2E99FA,71,1.0,71.0
STUA6ED7E,CRS96D2A3,TSK2E99FA,45,1.0,45.0
STU5A12B2,CRS96D2A3,TSK2E99FA,0,1.0,0.0
STUECA4E1,CRS96D2A3,TSK2E99FA,98,1.0,98.0
STUBE089A,CRS96D2A3,TSK2E99FA,62,1.0,62.0
STU064B87,CRS96D2A3,TSK2E99FA,61,1.0,61.0
STU5055E5,CRS96D2A3,TSK2E99FA,100,1.0,100.0
STU779E16,CRS96D2A3,TSK2E99FA,83,1.0,83.0
STUF8C315,CRS96D2A3,TSK2E99FA,85,1.0,85.0
STU5CFE7A,CRS96D2A3,TSK2E99FA,60,1.0,60.0
STU791986,CRS96D2A3,TSK2E99FA,67,1.0,67.0
STU6B0980,CRS96D2A3,TSK2E99FA,59,1.0,59.0
STU377A7F,CRS96D2A3,TSK2E99FA,78,1.0,78.0
STU9D3633,CRS96D2A3,TSK2E99FA,64,1.0,64.0
STUD75CC8,CRS96D2A3,TSK2E99FA,51,1.0,51.0
STUBDCF60,CRS96D2A3,TSK2E99FA,59,1.0,59.0
STUF2800B,CRS96D2A3,TSK2E99FA,96,1.0,96.0
STU9CD7AB,CRS96D2A3,TSK2E99FA,52,1.0,52.0
STU87F3D4,CRS96D2A3,TSK2E99FA,44,1.0,44.0
STUF741CE,CRS96D2A3,TSK2E99FA,56,1.0,56.0
STU22008D,CRS96D2A3,TSK2E99FA,89,1.0,89.0
STUFAF44E,CRS96D2A3,TSK2E99FA,0,1.0,0.0
STU901C8C,CRS96D2A3,TSK2E99FA,100,1.0,100.0
STUFC56BF,CRS96D2A3,TSK2E99FA,37,1.0,37.0
STU3D7429,CRS96D2A3,TSK2E99FA,22,1.0,22.0
STU6527D7,CRS96D2A3,TSK2E99FA,78,1.0,78.0
STU3D9F37,CRS143175,TSK1B1527,58,1.0,58.0
STU3F2119,CRS143175,TSK1B1527,83,1.0,83.0
STU577C9F,CRS143175,TSK1B1527,32,1.0,32.0
STUCA386C,CRS143175,TSK1B1527,72,1.0,72.0
STUD5C1F1,CRS143175,TSK1B1527,34,1.0,34.0
STU3FAAC2,CRS143175,TSK1B1527,79,1.0,79.0
STUF7E44B,CRS143175,TSK1B1527,60,1.0,60.0
STUD37351,CRS143175,TSK1B1527,76,1.0,76.0
STU555ED7,CRS143175,TSK1B1527,67,1.0,67.0
STUD5B3CF,CRS143175,TSK1B1527,2,1.0,2.0
STU6F4484,CRS143175,TSK1B1527,54,1.0,54.0
STU6023B6,CRS143175,TSK1B1527,75,1.0,75.0
STUDAE47D,CRS143175,TSK1B1527,47,1.0,47.0
STU8568D5,CRS143175,TSK1B1527,0,1.0,0.0
STU9439D4,CRS143175,TSK1B1527,65,1.0,65.0
STU7086C2,CRS143175,TSK1B1527,69,1.0,69.0
STUDD3982,CRS143175,TSK1B1527,60,1.0,60.0
STU660D52,CRS143175,TSK1B1527,69,1.0,69.0
STUFA1A8C,CRS143175,TSK1B1527,95,1.0,95.0
STU6C8F59,CRS143175,TSK1B1527,41,1.0,41.0
STU18C45E,CRS143175,TSK1B1527,79,1.0,79.0
STU212847,CRS143175,TSK1B1527,96,1.0,96.0
STU57CC65,CRS143175,TSK1B1527,49,1.0,49.0
STU14ADA4,CRS143175,TSK1B1527,0,1.0,0.0
STU4A1759,CRS143175,TSK1B1527,82,1.0,82.0
STU01EAC9,CRS143175,TSK1B1527,83,1.0,83.0
STU7C47A5,CRS143175,TSK1B1527,0,1.0,0.0
STUC3F55D,CRS143175,TSK1B1527,96,1.0,96.0
STU1F9EB7,CRS143175,TSK1B1527,0,1.0,0.0
STUEDD53F,CRS143175,TSK1B1527,0,1.0,0.0
STUA053CA,CRS143175,TSK1B1527,81,1.0,81.0
STUBA3998,CRS143175,TSK1B1527,38,1.0,38.0
STU694799,CRS143175,TSK1B1527,41,1.0,41.0
STUC92773,CRS143175,TSK1B1527,43,1.0,43.0
STU455B69,CRS143175,TSK1B1527,0,1.0,0.0
STU93C8FA,CRS143175,TSK1B1527,0,1.0,0.0
STUE6DEC3,CRS143175,TSK1B1527,58,1.0,58.0
STU20D5D3,CRS143175,TSK1B1527,84,1.0,84.0
STU54B5D7,CRS143175,TSK1B1527,55,1.0,55.0
STUFCFDA3,CRS143175,TSK1B1527,42,1.0,42.0
STU80C44F,CRSCB3501,TSKF1B66B,0,0.5137,0.0
STU80C44F,CRSCB3501,TSK73D2F3,0,0.4863,0.0
STU14057D,CRSCB3501,TSKF1B66B,0,0.5137,0.0
STU14057D,CRSCB3501,TSK73D2F3,26,0.4863,12.6438
STU47928C,CRSCB3501,TSKF1B66B,51,0.5137,26.198700000000002
STU47928C,CRSCB3501,TSK73D2F3,65,0.4863,31.6095
STU76084D,CRSCB3501,TSKF1B66B,54,0.5137,27.739800000000002
STU76084D,CRSCB3501,TSK73D2F3,77,0.4863,37.445100000000004
STUA26E17,CRSCB3501,TSKF1B66B,77,0.5137,39.5549
STUA26E17,CRSCB3501,TSK73D2F3,93,0.4863,45.2259
STU39812E,CRSCB3501,TSKF1B66B,66,0.5137,33.9042
STU39812E,CRSCB3501,TSK73D2F3,99,0.4863,48.1437
STU2FF0EA,CRSCB3501,TSKF1B66B,46,0.5137,23.630200000000002
STU2FF0EA,CRSCB3501,TSK73D2F3,47,0.4863,22.8561
STUC122A4,CRSCB3501,TSKF1B66B,76,0.5137,39.0412
STUC122A4,CRSCB3501,TSK73D2F3,63,0.4863,30.6369
STUA7CAC0,CRSCB3501,TSKF1B66B,77,0.5137,39.5549
STUA7CAC0,CRSCB3501,TSK73D2F3,91,0.4863,44.2533
STU4C0B19,CRSCB3501,TSKF1B66B,65,0.5137,33.3905
STU4C0B19,CRSCB3501,TSK73D2F3,73,0.4863,35.499900000000004
STUED8780,CRSCB3501,TSKF1B66B,68,0.5137,34.9316
STUED8780,CRSCB3501,TSK73D2F3,57,0.4863,27.7191
STU1F501E,CRSCB3501,TSKF1B66B,89,0.5137,45.719300000000004
STU1F501E,CRSCB3501,TSK73D2F3,84,0.4863,40.8492
STUF5FAD3,CRSCB3501,TSKF1B66B,79,0.5137,40.582300000000004
STUF5FAD3,CRSCB3501,TSK73D2F3,74,0.4863,35.986200000000004
STU974E79,CRSCB3501,TSKF1B66B,61,0.5137,31.335700000000003
STU974E79,CRSCB3501,TSK73D2F3,40,0.4863,19.452
STU7CF486,CRSCB3501,TSKF1B66B,98,0.5137,50.342600000000004
STU7CF486,CRSCB3501,TSK73D2F3,100,0.4863,48.63
STU46F704,CRSCB3501,TSKF1B66B,83,0.5137,42.637100000000004
STU46F704,CRSCB3501,TSK73D2F3,83,0.4863,40.3629
STU87F3D4,CRSCB3501,TSKF1B66B,0,0.5137,0.0
STU87F3D4,CRSCB3501,TSK73D2F3,0,0.4863,0.0
STUA7966C,CRSCB3501,TSKF1B66B,68,0.5137,34.9316
STUA7966C,CRSCB3501,TSK73D2F3,63,0.4863,30.6369
STUE4ACB0,CRSCB3501,TSKF1B66B,63,0.5137,32.3631
STUE4ACB0,CRSCB3501,TSK73D2F3,53,0.4863,25.7739
STU317290,CRSCB3501,TSKF1B66B,38,0.5137,19.5206
STU317290,CRSCB3501,TSK73D2F3,0,0.4863,0.0
STU7CE9AA,CRSCB3501,TSKF1B66B,67,0.5137,34.4179
STU7CE9AA,CRSCB3501,TSK73D2F3,68,0.4863,33.068400000000004
STU7D3CC7,CRSCB3501,TSKF1B66B,76,0.5137,39.0412
STU7D3CC7,CRSCB3501,TSK73D2F3,60,0.4863,29.178
STU6B5F32,CRSCB3501,TSKF1B66B,0,0.5137,0.0
STU6B5F32,CRSCB3501,TSK73D2F3,0,0.4863,0.0
STUA32993,CRSCB3501,TSKF1B66B,74,0.5137,38.0138
STUA32993,CRSCB3501,TSK73D2F3,67,0.4863,32.582100000000004
STU345C51,CRSCB3501,TSKF1B66B,0,0.5137,0.0
STU345C51,CRSCB3501,TSK73D2F3,52,0.4863,25.2876
STU3D1804,CRSCB3501,TSKF1B66B,55,0.5137,28.253500000000003
STU3D1804,CRSCB3501,TSK73D2F3,29,0.4863,14.1027
STU22F9B8,CRSCB3501,TSKF1B66B,53,0.5137,27.226100000000002
STU22F9B8,CRSCB3501,TSK73D2F3,37,0.4863,17.993100000000002
STU37CD02,CRSCB3501,TSKF1B66B,73,0.5137,37.5001
STU37CD02,CRSCB3501,TSK73D2F3,85,0.4863,41.3355
STUEE28F3,CRSCB3501,TSKF1B66B,49,0.5137,25.171300000000002
STUEE28F3,CRSCB3501,TSK73D2F3,0,0.4863,0.0
STU88B0E9,CRSCB3501,TSKF1B66B,63,0.5137,32.3631
STU88B0E9,CRSCB3501,TSK73D2F3,65,0.4863,31.6095
STU7A9095,CRSCB3501,TSKF1B66B,87,0.5137,44.691900000000004
STU7A9095,CRSCB3501,TSK73D2F3,72,0.4863,35.013600000000004
STU62DBB5,CRSCB3501,TSKF1B66B,53,0.5137,27.226100000000002
STU62DBB5,CRSCB3501,TSK73D2F3,40,0.4863,19.452
STUBFBB63,CRSCB3501,TSKF1B66B,37,0.5137,19.0069
STUBFBB63,CRSCB3501,TSK73D2F3,58,0.4863,28.2054
STU11FCFC,CRSCB3501,TSKF1B66B,57,0.5137,29.280900000000003
STU11FCFC,CRSCB3501,TSK73D2F3,47,0.4863,22.8561
STU3B54D7,CRSCB3501,TSKF1B66B,64,0.5137,32.8768
STU3B54D7,CRSCB3501,TSK73D2F3,61,0.4863,29.6643
STU227B38,CRSCB3501,TSKF1B66B,81,0.5137,41.609700000000004
STU227B38,CRSCB3501,TSK73D2F3,72,0.4863,35.013600000000004
STU00B11A,CRSCB3501,TSKF1B66B,31,0.5137,15.924700000000001
STU00B11A,CRSCB3501,TSK73D2F3,32,0.4863,15.5616
STU41BA4C,CRSCB3501,TSKF1B66B,66,0.5137,33.9042
STU41BA4C,CRSCB3501,TSK73D2F3,90,0.4863,43.767
STUEFB532,CRSCB3501,TSKF1B66B,96,0.5137,49.315200000000004
STUEFB532,CRSCB3501,TSK73D2F3,92,0.4863,44.7396
STU8AD401,CRSCB3501,TSKF1B66B,0,0.5137,0.0
STU8AD401,CRSCB3501,TSK73D2F3,0,0.4863,0.0
STUDCC364,CRS600B87,TSK50BE99,21,1.0,21.0
STU88B45A,CRS600B87,TSK50BE99,65,1.0,65.0
STU45E4DD,CRS600B87,TSK50BE99,36,1.0,36.0
STU7606CA,CRS600B87,TSK50BE99,95,1.0,95.0
STU5A2229,CRS600B87,TSK50BE99,0,1.0,0.0
STU112BAE,CRS600B87,TSK50BE99,31,1.0,31.0
STUCA79C1,CRS600B87,TSK50BE99,68,1.0,68.0
STU9FB13C,CRS600B87,TSK50BE99,44,1.0,44.0
STUF628F5,CRS600B87,TSK50BE99,79,1.0,79.0
STUE1BDFC,CRS600B87,TSK50BE99,77,1.0,77.0
STUA17390,CRS600B87,TSK50BE99,41,1.0,41.0
STU797C23,CRS600B87,TSK50BE99,66,1.0,66.0
STU6C65BC,CRS600B87,TSK50BE99,91,1.0,91.0
STU72DA00,CRS600B87,TSK50BE99,0,1.0,0.0
STUE2A886,CRS600B87,TSK50BE99,13,1.0,13.0
STU369F67,CRS600B87,TSK50BE99,66,1.0,66.0
STU4B2057,CRS600B87,TSK50BE99,35,1.0,35.0
STUB5231A,CRS600B87,TSK50BE99,26,1.0,26.0
STUE3D4A9,CRS600B87,TSK50BE99,21,1.0,21.0
STU240DF9,CRS600B87,TSK50BE99,65,1.0,65.0
STU93C25D,CRS600B87,TSK50BE99,58,1.0,58.0
STUC4DF68,CRS600B87,TSK50BE99,94,1.0,94.0
STU9BD6B2,CRS600B87,TSK50BE99,100,1.0,100.0
STU6A5B2A,CRS600B87,TSK50BE99,67,1.0,67.0
STU0C9EF9,CRS600B87,TSK50BE99,11,1.0,11.0
STU00BE80,CRS600B87,TSK50BE99,37,1.0,37.0
STU61426B,CRS600B87,TSK50BE99,37,1.0,37.0
STU3987AF,CRS600B87,TSK50BE99,81,1.0,81.0
STU8A5214,CRS600B87,TSK50BE99,39,1.0,39.0
STU29F068,CRS600B87,TSK50BE99,100,1.0,100.0
STU58F0ED,CRS600B87,TSK50BE99,69,1.0,69.0
STUBED24E,CRS600B87,TSK50BE99,68,1.0,68.0
STU107EDB,CRS600B87,TSK50BE99,0,1.0,0.0
STU0E35EB,CRS600B87,TSK50BE99,48,1.0,48.0
STU38C9A9,CRS600B87,TSK50BE99,68,1.0,68.0
STU68FAFB,CRS600B87,TSK50BE99,26,1.0,26.0
STU46C2BB,CRS600B87,TSK50BE99,0,1.0,0.0
STU812AB0,CRS600B87,TSK50BE99,40,1.0,40.0
STU39A382,CRS600B87,TSK50BE99,0,1.0,0.0
STU3D1804,CRS600B87,TSK50BE99,84,1.0,84.0
STUA5C606,CRS514C5B,TSKC5FD9B,20,0.983,19.66
STUA5C606,CRS514C5B,TSK7CF990,15,0.017,0.255
STUAE5337,CRS514C5B,TSKC5FD9B,71,0.983,69.79299999999999
STUAE5337,CRS514C5B,TSK7CF990,89,0.017,1.5130000000000001
STU8B3B9F,CRS514C5B,TSKC5FD9B,24,0.983,23.592
STU8B3B9F,CRS514C5B,TSK7CF990,20,0.017,0.34
STU8118CB,CRS514C5B,TSKC5FD9B,59,0.983,57.997
STU8118CB,CRS514C5B,TSK7CF990,49,0.017,0.8330000000000001
STUE7E03E,CRS514C5B,TSKC5FD9B,58,0.983,57.013999999999996
STUE7E03E,CRS514C5B,TSK7CF990,56,0.017,0.9520000000000001
STUBCE668,CRS514C5B,TSKC5FD9B,36,0.983,35.388
STUBCE668,CRS514C5B,TSK7CF990,33,0.017,0.561
STUEDA433,CRS514C5B,TSKC5FD9B,68,0.983,66.844
STUEDA433,CRS514C5B,TSK7CF990,71,0.017,1.207
STU0866D5,CRS514C5B,TSKC5FD9B,65,0.983,63.894999999999996
STU0866D5,CRS514C5B,TSK7CF990,82,0.017,1.3940000000000001
STUEA6996,CRS514C5B,TSKC5FD9B,35,0.983,34.405
STUEA6996,CRS514C5B,TSK7CF990,38,0.017,0.646
STU7F7EFA,CRS514C5B,TSKC5FD9B,27,0.983,26.541
STU7F7EFA,CRS514C5B,TSK7CF990,31,0.017,0.527
STU95263E,CRS514C5B,TSKC5FD9B,0,0.983,0.0
STU95263E,CRS514C5B,TSK7CF990,0,0.017,0.0
STUFF33CE,CRS514C5B,TSKC5FD9B,61,0.983,59.963
STUFF33CE,CRS514C5B,TSK7CF990,0,0.017,0.0
STU857BE3,CRS514C5B,TSKC5FD9B,44,0.983,43.252
STU857BE3,CRS514C5B,TSK7CF990,47,0.017,0.799
STUD173BB,CRS514C5B,TSKC5FD9B,74,0.983,72.742
STUD173BB,CRS514C5B,TSK7CF990,65,0.017,1.105
STUE6E4CD,CRS514C5B,TSKC5FD9B,71,0.983,69.79299999999999
STUE6E4CD,CRS514C5B,TSK7CF990,72,0.017,1.2240000000000002
STUCFEA43,CRS514C5B,TSKC5FD9B,0,0.983,0.0
STUCFEA43,CRS514C5B,TSK7CF990,64,0.017,1.088
STU4A1D0C,CRS514C5B,TSKC5FD9B,69,0.983,67.827
STU4A1D0C,CRS514C5B,TSK7CF990,68,0.017,1.1560000000000001
STU31B36A,CRS514C5B,TSKC5FD9B,5,0.983,4.915
STU31B36A,CRS514C5B,TSK7CF990,15,0.017,0.255
STUC4775E,CRS514C5B,TSKC5FD9B,84,0.983,82.572
STUC4775E,CRS514C5B,TSK7CF990,79,0.017,1.3430000000000002
STU066F2E,CRS514C5B,TSKC5FD9B,67,0.983,65.861
STU066F2E,CRS514C5B,TSK7CF990,65,0.017,1.105
STU8E051E,CRS514C5B,TSKC5FD9B,0,0.983,0.0
STU8E051E,CRS514C5B,TSK7CF990,56,0.017,0.9520000000000001
STU8CB899,CRS514C5B,TSKC5FD9B,0,0.983,0.0
STU8CB899,CRS514C5B,TSK7CF990,0,0.017,0.0
STU503599,CRS514C5B,TSKC5FD9B,58,0.983,57.013999999999996
STU503599,CRS514C5B,TSK7CF990,44,0.017,0.748
STUEFDC42,CRS514C5B,TSKC5FD9B,39,0.983,38.336999999999996
STUEFDC42,CRS514C5B,TSK7CF990,54,0.017,0.918
STU645F57,CRS514C5B,TSKC5FD9B,78,0.983,76.67399999999999
STU645F57,CRS514C5B,TSK7CF990,73,0.017,1.241
STU30DB63,CRS514C5B,TSKC5FD9B,32,0.983,31.456
STU30DB63,CRS514C5B,TSK7CF990,26,0.017,0.44200000000000006
STUC0E019,CRS514C5B,TSKC5FD9B,90,0.983,88.47
STUC0E019,CRS514C5B,TSK7CF990,83,0.017,1.411
STU58178A,CRS514C5B,TSKC5FD9B,72,0.983,70.776
STU58178A,CRS514C5B,TSK7CF990,47,0.017,0.799
STU69732B,CRS514C5B,TSKC5FD9B,0,0.983,0.0
STU69732B,CRS514C5B,TSK7CF990,0,0.017,0.0
STUBB76D6,CRS514C5B,TSKC5FD9B,52,0.983,51.116
STUBB76D6,CRS514C5B,TSK7CF990,57,0.017,0.9690000000000001
STU92A51B,CRS514C5B,TSKC5FD9B,52,0.983,51.116
STU92A51B,CRS514C5B,TSK7CF990,56,0.017,0.9520000000000001
STU9EC5C1,CRS514C5B,TSKC5FD9B,79,0.983,77.657
STU9EC5C1,CRS514C5B,TSK7CF990,89,0.017,1.5130000000000001
STUB464F8,CRS514C5B,TSKC5FD9B,0,0.983,0.0
STUB464F8,CRS514C5B,TSK7CF990,0,0.017,0.0
STU8CBB2D,CRS514C5B,TSKC5FD9B,66,0.983,64.878
STU8CBB2D,CRS514C5B,TSK7CF990,64,0.017,1.088
STU391EED,CRS514C5B,TSKC5FD9B,28,0.983,27.524
STU391EED,CRS514C5B,TSK7CF990,23,0.017,0.391
STUA78485,CRS514C5B,TSKC5FD9B,91,0.983,89.453
STUA78485,CRS514C5B,TSK7CF990,82,0.017,1.3940000000000001
STU3B334F,CRS514C5B,TSKC5FD9B,80,0.983,78.64
STU3B334F,CRS514C5B,TSK7CF990,91,0.017,1.5470000000000002
STU8B5E7D,CRS514C5B,TSKC5FD9B,29,0.983,28.506999999999998
STU8B5E7D,CRS514C5B,TSK7CF990,26,0.017,0.44200000000000006
STU73EB98,CRS514C5B,TSKC5FD9B,56,0.983,55.048
STU73EB98,CRS514C5B,TSK7CF990,24,0.017,0.40800000000000003
STU65E02B,CRS514C5B,TSKC5FD9B,0,0.983,0.0
STU65E02B,CRS514C5B,TSK7CF990,0,0.017,0.0
STUEB60E5,CRS084383,TSK5EC8DA,66,1.0,66.0
STU364707,CRS084383,TSK5EC8DA,30,1.0,30.0
STUCDF1E2,CRS084383,TSK5EC8DA,80,1.0,80.0
STU8B0431,CRS084383,TSK5EC8DA,0,1.0,0.0
STUE2A5F5,CRS084383,TSK5EC8DA,69,1.0,69.0
STUEC29DA,CRS084383,TSK5EC8DA,0,1.0,0.0
STU4F62BD,CRS084383,TSK5EC8DA,83,1.0,83.0
STUC46E7E,CRS084383,TSK5EC8DA,29,1.0,29.0
STU14C3C4,CRS084383,TSK5EC8DA,89,1.0,89.0
STU5D84EC,CRS084383,TSK5EC8DA,60,1.0,60.0
STUA04031,CRS084383,TSK5EC8DA,0,1.0,0.0
STU9BFAC8,CRS084383,TSK5EC8DA,73,1.0,73.0
STU58D25D,CRS084383,TSK5EC8DA,48,1.0,48.0
STU304795,CRS084383,TSK5EC8DA,0,1.0,0.0
STUEC24DB,CRS084383,TSK5EC8DA,40,1.0,40.0
STU74387F,CRS084383,TSK5EC8DA,70,1.0,70.0
STU66A767,CRS084383,TSK5EC8DA,99,1.0,99.0
STU986AF7,CRS084383,TSK5EC8DA,79,1.0,79.0
STUED82CB,CRS084383,TSK5EC8DA,53,1.0,53.0
STU68DD2B,CRS084383,TSK5EC8DA,87,1.0,87.0
STU4593B4,CRS084383,TSK5EC8DA,96,1.0,96.0
STUB26B35,CRS084383,TSK5EC8DA,30,1.0,30.0
STU3A7F19,CRS084383,TSK5EC8DA,63,1.0,63.0
STU10C4F3,CRS084383,TSK5EC8DA,28,1.0,28.0
STUD76EB4,CRS084383,TSK5EC8DA,74,1.0,74.0
STUEB2397,CRS084383,TSK5EC8DA,84,1.0,84.0
STU79E276,CRS084383,TSK5EC8DA,72,1.0,72.0
STU3A0727,CRS084383,TSK5EC8DA,54,1.0,54.0
STU9CD7AB,CRS084383,TSK5EC8DA,67,1.0,67.0
STU0914D6,CRS084383,TSK5EC8DA,76,1.0,76.0
STUEF5A04,CRS084383,TSK5EC8DA,41,1.0,41.0
STU9277E5,CRS084383,TSK5EC8DA,56,1.0,56.0
STUD549F2,CRS084383,TSK5EC8DA,55,1.0,55.0
STU759F3E,CRS084383,TSK5EC8DA,37,1.0,37.0
STUC75E11,CRS084383,TSK5EC8DA,70,1.0,70.0
STU8424EA,CRS084383,TSK5EC8DA,78,1.0,78.0
STU9F81A7,CRS084383,TSK5EC8DA,52,1.0,52.0
STU090F15,CRS084383,TSK5EC8DA,39,1.0,39.0
STU557921,CRS084383,TSK5EC8DA,16,1.0,16.0
STUC454E8,CRS084383,TSK5EC8DA,32,1.0,32.0
STUD084AE,CRS162E14,TSK306CFA,70,1.0,70.0
STU95AA2E,CRS162E14,TSK306CFA,88,1.0,88.0
STU029D42,CRS162E14,TSK306CFA,75,1.0,75.0
STUDDC1F1,CRS162E14,TSK306CFA,93,1.0,93.0
STU263B0A,CRS162E14,TSK306CFA,100,1.0,100.0
STUA27F37,CRS162E14,TSK306CFA,89,1.0,89.0
STUFBE3CA,CRS162E14,TSK306CFA,68,1.0,68.0
STU2A2466,CRS162E14,TSK306CFA,48,1.0,48.0
STU765089,CRS162E14,TSK306CFA,72,1.0,72.0
STU1B8D42,CRS162E14,TSK306CFA,0,1.0,0.0
STUD7B5A7,CRS162E14,TSK306CFA,41,1.0,41.0
STU924381,CRS162E14,TSK306CFA,65,1.0,65.0
STUED8780,CRS162E14,TSK306CFA,38,1.0,38.0
STU8B035E,CRS162E14,TSK306CFA,38,1.0,38.0
STU362448,CRS162E14,TSK306CFA,61,1.0,61.0
STUF6E132,CRS162E14,TSK306CFA,99,1.0,99.0
STUF4216D,CRS162E14,TSK306CFA,51,1.0,51.0
STUEB64B7,CRS162E14,TSK306CFA,60,1.0,60.0
STU09E354,CRS162E14,TSK306CFA,16,1.0,16.0
STU99A739,CRS162E14,TSK306CFA,62,1.0,62.0
STU4BA56B,CRS162E14,TSK306CFA,87,1.0,87.0
STU6D6CD5,CRS162E14,TSK306CFA,63,1.0,63.0
STU1535CF,CRS162E14,TSK306CFA,51,1.0,51.0
STU4F7A62,CRS162E14,TSK306CFA,69,1.0,69.0
STUA3E56E,CRS162E14,TSK306CFA,100,1.0,100.0
STUAA0699,CRS162E14,TSK306CFA,100,1.0,100.0
STUF5FA3E,CRS162E14,TSK306CFA,69,1.0,69.0
STU98A5C8,CRS162E14,TSK306CFA,35,1.0,35.0
STU89F138,CRS162E14,TSK306CFA,0,1.0,0.0
STUE075DE,CRS162E14,TSK306CFA,48,1.0,48.0
STU7163EA,CRS162E14,TSK306CFA,95,1.0,95.0
STU6638BD,CRS162E14,TSK306CFA,88,1.0,88.0
STU4A263D,CRS162E14,TSK306CFA,42,1.0,42.0
STU807413,CRS162E14,TSK306CFA,75,1.0,75.0
STUB0A2FD,CRS162E14,TSK306CFA,0,1.0,0.0
STU6FB700,CRS162E14,TSK306CFA,73,1.0,73.0
STU422658,CRS162E14,TSK306CFA,84,1.0,84.0
STUDF36C1,CRS162E14,TSK306CFA,55,1.0,55.0
STU18F74D,CRS162E14,TSK306CFA,0,1.0,0.0
STU4576A9,CRS162E14,TSK306CFA,63,1.0,63.0
STU8693D9,CRS1F1B36,TSKD9ED47,88,0.2855,25.124
STU8693D9,CRS1F1B36,TSK493C37,76,0.1257,9.5532
STU8693D9,CRS1F1B36,TSKB9A1DD,98,0.3131,30.683799999999998
STU8693D9,CRS1F1B36,TSK47C925,96,0.2757,26.4672
STU2A3B3C,CRS1F1B36,TSKD9ED47,84,0.2855,23.982
STU2A3B3C,CRS1F1B36,TSK493C37,70,0.1257,8.799000000000001
STU2A3B3C,CRS1F1B36,TSKB9A1DD,90,0.3131,28.179
STU2A3B3C,CRS1F1B36,TSK47C925,96,0.2757,26.4672
STU7F7902,CRS1F1B36,TSKD9ED47,75,0.2855,21.412499999999998
STU7F7902,CRS1F1B36,TSK493C37,74,0.1257,9.3018
STU7F7902,CRS1F1B36,TSKB9A1DD,55,0.3131,17.220499999999998
STU7F7902,CRS1F1B36,TSK47C925,61,0.2757,16.8177
STU9E97AD,CRS1F1B36,TSKD9ED47,53,0.2855,15.131499999999999
STU9E97AD,CRS1F1B36,TSK493C37,41,0.1257,5.153700000000001
STU9E97AD,CRS1F1B36,TSKB9A1DD,41,0.3131,12.8371
STU9E97AD,CRS1F1B36,TSK47C925,49,0.2757,13.5093
STUDE94E4,CRS1F1B36,TSKD9ED47,43,0.2855,12.276499999999999
STUDE94E4,CRS1F1B36,TSK493C37,33,0.1257,4.1481
STUDE94E4,CRS1F1B36,TSKB9A1DD,39,0.3131,12.210899999999999
STUDE94E4,CRS1F1B36,TSK47C925,30,0.2757,8.271
STU396340,CRS1F1B36,TSKD9ED47,31,0.2855,8.850499999999998
STU396340,CRS1F1B36,TSK493C37,57,0.1257,7.1649
STU396340,CRS1F1B36,TSKB9A1DD,50,0.3131,15.655
STU396340,CRS1F1B36,TSK47C925,35,0.2757,9.6495
STUAAC365,CRS1F1B36,TSKD9ED47,14,0.2855,3.997
STUAAC365,CRS1F1B36,TSK493C37,42,0.1257,5.2794
STUAAC365,CRS1F1B36,TSKB9A1DD,24,0.3131,7.5144
STUAAC365,CRS1F1B36,TSK47C925,17,0.2757,4.6869
STUB9C86A,CRS1F1B36,TSKD9ED47,52,0.2855,14.845999999999998
STUB9C86A,CRS1F1B36,TSK493C37,33,0.1257,4.1481
STUB9C86A,CRS1F1B36,TSKB9A1DD,29,0.3131,9.0799
STUB9C86A,CRS1F1B36,TSK47C925,24,0.2757,6.6168
STU1E6D2B,CRS1F1B36,TSKD9ED47,55,0.2855,15.702499999999999
STU1E6D2B,CRS1F1B36,TSK493C37,47,0.1257,5.907900000000001
STU1E6D2B,CRS1F1B36,TSKB9A1DD,47,0.3131,14.7157
STU1E6D2B,CRS1F1B36,TSK47C925,60,0.2757,16.542
STUCF04E4,CRS1F1B36,TSKD9ED47,72,0.2855,20.555999999999997
STUCF04E4,CRS1F1B36,TSK493C37,92,0.1257,11.564400000000001
STUCF04E4,CRS1F1B36,TSKB9A1DD,87,0.3131,27.2397
STUCF04E4,CRS1F1B36,TSK47C925,75,0.2757,20.6775
STUB6B802,CRS1F1B36,TSKD9ED47,31,0.2855,8.850499999999998
STUB6B802,CRS1F1B36,TSK493C37,28,0.1257,3.5196
STUB6B802,CRS1F1B36,TSKB9A1DD,31,0.3131,9.7061
STUB6B802,CRS1F1B36,TSK47C925,36,0.2757,9.9252
STU40E66E,CRS1F1B36,TSKD9ED47,40,0.2855,11.419999999999998
STU40E66E,CRS1F1B36,TSK493C37,32,0.1257,4.0224
STU40E66E,CRS1F1B36,TSKB9A1DD,71,0.3131,22.2301
STU40E66E,CRS1F1B36,TSK47C925,33,0.2757,9.0981
STU310ADC,CRS1F1B36,TSKD9ED47,44,0.2855,12.562
STU310ADC,CRS1F1B36,TSK493C37,64,0.1257,8.0448
STU310ADC,CRS1F1B36,TSKB9A1DD,67,0.3131,20.9777
STU310ADC,CRS1F1B36,TSK47C925,56,0.2757,15.4392
STU668A04,CRS1F1B36,TSKD9ED47,39,0.2855,11.1345
STU668A04,CRS1F1B36,TSK493C37,62,0.1257,7.7934
STU668A04,CRS1F1B36,TSKB9A1DD,36,0.3131,11.2716
STU668A04,CRS1F1B36,TSK47C925,45,0.2757,12.4065
STU382D50,CRS1F1B36,TSKD9ED47,85,0.2855,24.2675
STU382D50,CRS1F1B36,TSK493C37,93,0.1257,11.690100000000001
STU382D50,CRS1F1B36,TSKB9A1DD,70,0.3131,21.916999999999998
STU382D50,CRS1F1B36,TSK47C925,85,0.2757,23.4345
STU985B17,CRS1F1B36,TSKD9ED47,0,0.2855,0.0
STU985B17,CRS1F1B36,TSK493C37,0,0.1257,0.0
STU985B17,CRS1F1B36,TSKB9A1DD,0,0.3131,0.0
STU985B17,CRS1F1B36,TSK47C925,0,0.2757,0.0
STUEE913B,CRS1F1B36,TSKD9ED47,71,0.2855,20.2705
STUEE913B,CRS1F1B36,TSK493C37,35,0.1257,4.399500000000001
STUEE913B,CRS1F1B36,TSKB9A1DD,34,0.3131,10.6454
STUEE913B,CRS1F1B36,TSK47C925,37,0.2757,10.2009
STUB30C03,CRS1F1B36,TSKD9ED47,62,0.2855,17.700999999999997
STUB30C03,CRS1F1B36,TSK493C37,80,0.1257,10.056000000000001
STUB30C03,CRS1F1B36,TSKB9A1DD,61,0.3131,19.0991
STUB30C03,CRS1F1B36,TSK47C925,63,0.2757,17.3691
STU35CE4F,CRS1F1B36,TSKD9ED47,37,0.2855,10.5635
STU35CE4F,CRS1F1B36,TSK493C37,44,0.1257,5.5308
STU35CE4F,CRS1F1B36,TSKB9A1DD,60,0.3131,18.785999999999998
STU35CE4F,CRS1F1B36,TSK47C925,57,0.2757,15.7149
STU554247,CRS1F1B36,TSKD9ED47,72,0.2855,20.555999999999997
STU554247,CRS1F1B36,TSK493C37,76,0.1257,9.5532
STU554247,CRS1F1B36,TSKB9A1DD,85,0.3131,26.6135
STU554247,CRS1F1B36,TSK47C925,76,0.2757,20.9532
STU4A8033,CRS1F1B36,TSKD9ED47,90,0.2855,25.694999999999997
STU4A8033,CRS1F1B36,TSK493C37,85,0.1257,10.6845
STU4A8033,CRS1F1B36,TSKB9A1DD,86,0.3131,26.9266
STU4A8033,CRS1F1B36,TSK47C925,89,0.2757,24.5373
STUAA8B64,CRS1F1B36,TSKD9ED47,75,0.2855,21.412499999999998
STUAA8B64,CRS1F1B36,TSK493C37,67,0.1257,8.4219
STUAA8B64,CRS1F1B36,TSKB9A1DD,65,0.3131,20.351499999999998
STUAA8B64,CRS1F1B36,TSK47C925,77,0.2757,21.2289
STUC5BC80,CRS1F1B36,TSKD9ED47,74,0.2855,21.127
STUC5BC80,CRS1F1B36,TSK493C37,58,0.1257,7.2906
STUC5BC80,CRS1F1B36,TSKB9A1DD,70,0.3131,21.916999999999998
STUC5BC80,CRS1F1B36,TSK47C925,72,0.2757,19.8504
STU26133A,CRS1F1B36,TSKD9ED47,63,0.2855,17.9865
STU26133A,CRS1F1B36,TSK493C37,77,0.1257,9.6789
STU26133A,CRS1F1B36,TSKB9A1DD,63,0.3131,19.7253
STU26133A,CRS1F1B36,TSK47C925,63,0.2757,17.3691
STU8B8446,CRS1F1B36,TSKD9ED47,70,0.2855,19.985
STU8B8446,CRS1F1B36,TSK493C37,91,0.1257,11.4387
STU8B8446,CRS1F1B36,TSKB9A1DD,85,0.3131,26.6135
STU8B8446,CRS1F1B36,TSK47C925,69,0.2757,19.0233
STU513B77,CRS1F1B36,TSKD9ED47,0,0.2855,0.0
STU513B77,CRS1F1B36,TSK493C37,0,0.1257,0.0
STU513B77,CRS1F1B36,TSKB9A1DD,0,0.3131,0.0
STU513B77,CRS1F1B36,TSK47C925,44,0.2757,12.1308
STU20B25F,CRS1F1B36,TSKD9ED47,48,0.2855,13.703999999999999
STU20B25F,CRS1F1B36,TSK493C37,51,0.1257,6.4107
STU20B25F,CRS1F1B36,TSKB9A1DD,58,0.3131,18.1598
STU20B25F,CRS1F1B36,TSK47C925,55,0.2757,15.1635
STU9AE66D,CRS1F1B36,TSKD9ED47,67,0.2855,19.1285
STU9AE66D,CRS1F1B36,TSK493C37,61,0.1257,7.6677
STU9AE66D,CRS1F1B36,TSKB9A1DD,76,0.3131,23.7956
STU9AE66D,CRS1F1B36,TSK47C925,76,0.2757,20.9532
STUAE84D9,CRS1F1B36,TSKD9ED47,54,0.2855,15.416999999999998
STUAE84D9,CRS1F1B36,TSK493C37,75,0.1257,9.4275
STUAE84D9,CRS1F1B36,TSKB9A1DD,65,0.3131,20.351499999999998
STUAE84D9,CRS1F1B36,TSK47C925,66,0.2757,18.1962
STU097DD7,CRS1F1B36,TSKD9ED47,0,0.2855,0.0
STU097DD7,CRS1F1B36,TSK493C37,60,0.1257,7.542000000000001
STU097DD7,CRS1F1B36,TSKB9A1DD,45,0.3131,14.0895
STU097DD7,CRS1F1B36,TSK47C925,0,0.2757,0.0
STUC6C620,CRS1F1B36,TSKD9ED47,92,0.2855,26.266
STUC6C620,CRS1F1B36,TSK493C37,81,0.1257,10.181700000000001
STUC6C620,CRS1F1B36,TSKB9A1DD,71,0.3131,22.2301
STUC6C620,CRS1F1B36,TSK47C925,91,0.2757,25.0887
STU206595,CRS1F1B36,TSKD9ED47,74,0.2855,21.127
STU206595,CRS1F1B36,TSK493C37,80,0.1257,10.056000000000001
STU206595,CRS1F1B36,TSKB9A1DD,82,0.3131,25.6742
STU206595,CRS1F1B36,TSK47C925,86,0.2757,23.7102
STU3FDE80,CRS1F1B36,TSKD9ED47,74,0.2855,21.127
STU3FDE80,CRS1F1B36,TSK493C37,73,0.1257,9.1761
STU3FDE80,CRS1F1B36,TSKB9A1DD,74,0.3131,23.1694
STU3FDE80,CRS1F1B36,TSK47C925,70,0.2757,19.299
STU50B450,CRS1F1B36,TSKD9ED47,53,0.2855,15.131499999999999
STU50B450,CRS1F1B36,TSK493C37,23,0.1257,2.8911000000000002
STU50B450,CRS1F1B36,TSKB9A1DD,24,0.3131,7.5144
STU50B450,CRS1F1B36,TSK47C925,50,0.2757,13.785
STUEA2B3B,CRS1F1B36,TSKD9ED47,0,0.2855,0.0
STUEA2B3B,CRS1F1B36,TSK493C37,0,0.1257,0.0
STUEA2B3B,CRS1F1B36,TSKB9A1DD,0,0.3131,0.0
STUEA2B3B,CRS1F1B36,TSK47C925,53,0.2757,14.6121
STU91C132,CRS1F1B36,TSKD9ED47,69,0.2855,19.699499999999997
STU91C132,CRS1F1B36,TSK493C37,78,0.1257,9.8046
STU91C132,CRS1F1B36,TSKB9A1DD,69,0.3131,21.6039
STU91C132,CRS1F1B36,TSK47C925,85,0.2757,23.4345
STUFC8850,CRS1F1B36,TSKD9ED47,0,0.2855,0.0
STUFC8850,CRS1F1B36,TSK493C37,0,0.1257,0.0
STUFC8850,CRS1F1B36,TSKB9A1DD,0,0.3131,0.0
STUFC8850,CRS1F1B36,TSK47C925,28,0.2757,7.7196
STU8C61E2,CRS1F1B36,TSKD9ED47,70,0.2855,19.985
STU8C61E2,CRS1F1B36,TSK493C37,55,0.1257,6.9135
STU8C61E2,CRS1F1B36,TSKB9A1DD,66,0.3131,20.6646
STU8C61E2,CRS1F1B36,TSK47C925,66,0.2757,18.1962
STUE7D513,CRS1F1B36,TSKD9ED47,91,0.2855,25.9805
STUE7D513,CRS1F1B36,TSK493C37,83,0.1257,10.433100000000001
STUE7D513,CRS1F1B36,TSKB9A1DD,86,0.3131,26.9266
STUE7D513,CRS1F1B36,TSK47C925,71,0.2757,19.5747
STUDA3A4A,CRS1F1B36,TSKD9ED47,79,0.2855,22.554499999999997
STUDA3A4A,CRS1F1B36,TSK493C37,78,0.1257,9.8046
STUDA3A4A,CRS1F1B36,TSKB9A1DD,80,0.3131,25.048
STUDA3A4A,CRS1F1B36,TSK47C925,73,0.2757,20.1261
STU9CB180,CRS10D353,TSK2DEE06,66,1.0,66.0
STUD964F5,CRS10D353,TSK2DEE06,74,1.0,74.0
STU23F725,CRS10D353,TSK2DEE06,24,1.0,24.0
STU4E155E,CRS10D353,TSK2DEE06,54,1.0,54.0
STUE88C9A,CRS10D353,TSK2DEE06,33,1.0,33.0
STU704087,CRS10D353,TSK2DEE06,0,1.0,0.0
STUD48C97,CRS10D353,TSK2DEE06,71,1.0,71.0
STU4A59DA,CRS10D353,TSK2DEE06,46,1.0,46.0
STU8D9BDC,CRS10D353,TSK2DEE06,0,1.0,0.0
STUF5F28C,CRS10D353,TSK2DEE06,93,1.0,93.0
STU7F2852,CRS10D353,TSK2DEE06,90,1.0,90.0
STUBB1F51,CRS10D353,TSK2DEE06,42,1.0,42.0
STUF441D9,CRS10D353,TSK2DEE06,63,1.0,63.0
STU0C8891,CRS10D353,TSK2DEE06,52,1.0,52.0
STUE182B1,CRS10D353,TSK2DEE06,73,1.0,73.0
STU3D2135,CRS10D353,TSK2DEE06,67,1.0,67.0
STU344A10,CRS10D353,TSK2DEE06,66,1.0,66.0
STU632992,CRS10D353,TSK2DEE06,100,1.0,100.0
STUDA555C,CRS10D353,TSK2DEE06,63,1.0,63.0
STU83A938,CRS10D353,TSK2DEE06,61,1.0,61.0
STU33FD72,CRS10D353,TSK2DEE06,48,1.0,48.0
STU1087A9,CRS10D353,TSK2DEE06,52,1.0,52.0
STU686864,CRS10D353,TSK2DEE06,82,1.0,82.0
STUEE6385,CRS10D353,TSK2DEE06,0,1.0,0.0
STU9736AA,CRS10D353,TSK2DEE06,42,1.0,42.0
STU240774,CRS10D353,TSK2DEE06,48,1.0,48.0
STU3204B0,CRS10D353,TSK2DEE06,77,1.0,77.0
STU47412E,CRS10D353,TSK2DEE06,63,1.0,63.0
STUF6B2CC,CRS10D353,TSK2DEE06,80,1.0,80.0
STUF6D242,CRS10D353,TSK2DEE06,16,1.0,16.0
STUF3BB17,CRS10D353,TSK2DEE06,61,1.0,61.0
STUBA5235,CRS10D353,TSK2DEE06,36,1.0,36.0
STU8BA1D2,CRS10D353,TSK2DEE06,72,1.0,72.0
STU1BA977,CRS10D353,TSK2DEE06,87,1.0,87.0
STUD77577,CRS10D353,TSK2DEE06,87,1.0,87.0
STUAFBCEE,CRS10D353,TSK2DEE06,47,1.0,47.0
STU9D8857,CRS10D353,TSK2DEE06,78,1.0,78.0
STUFAEDAD,CRS10D353,TSK2DEE06,66,1.0,66.0
STU9C0FA2,CRS10D353,TSK2DEE06,49,1.0,49.0
STU58C5F0,CRS10D353,TSK2DEE06,0,1.0,0.0
STUFE8D11,CRS7BD731,TSK04D395,63,1.0,63.0
STU4FBCB7,CRS7BD731,TSK04D395,0,1.0,0.0
STU94FF54,CRS7BD731,TSK04D395,88,1.0,88.0
STU8D3A51,CRS7BD731,TSK04D395,86,1.0,86.0
STU42AE48,CRS7BD731,TSK04D395,68,1.0,68.0
STU67DBBD,CRS7BD731,TSK04D395,40,1.0,40.0
STUE027F8,CRS7BD731,TSK04D395,71,1.0,71.0
STU5729AA,CRS7BD731,TSK04D395,73,1.0,73.0
STU6C5E18,CRS7BD731,TSK04D395,0,1.0,0.0
STUBB2A15,CRS7BD731,TSK04D395,52,1.0,52.0
STU484D5C,CRS7BD731,TSK04D395,76,1.0,76.0
STU5138A4,CRS7BD731,TSK04D395,18,1.0,18.0
STU7F9973,CRS7BD731,TSK04D395,36,1.0,36.0
STU8DA5FC,CRS7BD731,TSK04D395,100,1.0,100.0
STU5A3885,CRS7BD731,TSK04D395,100,1.0,100.0
STUEDAE13,CRS7BD731,TSK04D395,40,1.0,40.0
STU1F9EB7,CRS7BD731,TSK04D395,0,1.0,0.0
STU3ECD06,CRS7BD731,TSK04D395,34,1.0,34.0
STU9BDF87,CRS7BD731,TSK04D395,16,1.0,16.0
STUC977A1,CRS7BD731,TSK04D395,47,1.0,47.0
STU6CECE8,CRS7BD731,TSK04D395,55,1.0,55.0
STU48D23A,CRS7BD731,TSK04D395,44,1.0,44.0
STU49589B,CRS7BD731,TSK04D395,0,1.0,0.0
STU440187,CRS7BD731,TSK04D395,46,1.0,46.0
STU844287,CRS7BD731,TSK04D395,73,1.0,73.0
STU3CDE42,CRS7BD731,TSK04D395,81,1.0,81.0
STU01D3C6,CRS7BD731,TSK04D395,98,1.0,98.0
STUED577D,CRS7BD731,TSK04D395,45,1.0,45.0
STU724F9E,CRS7BD731,TSK04D395,75,1.0,75.0
STU004FF9,CRS7BD731,TSK04D395,85,1.0,85.0
STU86A4A6,CRS7BD731,TSK04D395,20,1.0,20.0
STUAB05ED,CRS7BD731,TSK04D395,0,1.0,0.0
STU0A787E,CRS7BD731,TSK04D395,43,1.0,43.0
STUC4DF31,CRS7BD731,TSK04D395,88,1.0,88.0
STU160325,CRS7BD731,TSK04D395,58,1.0,58.0
STU0C48F1,CRS7BD731,TSK04D395,20,1.0,20.0
STU4B7A28,CRS7BD731,TSK04D395,60,1.0,60.0
STU9B5D79,CRS7BD731,TSK04D395,27,1.0,27.0
STUD2C9CD,CRS7BD731,TSK04D395,0,1.0,0.0
STU61D0A4,CRS7BD731,TSK04D395,25,1.0,25.0
STU317290,CRSA0DDEE,TSKA34C0E,0,1.0,0.0
STU90C151,CRSA0DDEE,TSKA34C0E,72,1.0,72.0
STU5F7FC6,CRSA0DDEE,TSKA34C0E,78,1.0,78.0
STU5720D5,CRSA0DDEE,TSKA34C0E,51,1.0,51.0
STU55FF20,CRSA0DDEE,TSKA34C0E,71,1.0,71.0
STUC5888F,CRSA0DDEE,TSKA34C0E,24,1.0,24.0
STU6EBEB5,CRSA0DDEE,TSKA34C0E,58,1.0,58.0
STU34C00A,CRSA0DDEE,TSKA34C0E,27,1.0,27.0
STU5380F1,CRSA0DDEE,TSKA34C0E,61,1.0,61.0
STU44A7E3,CRSA0DDEE,TSKA34C0E,55,1.0,55.0
STUBDA6A6,CRSA0DDEE,TSKA34C0E,74,1.0,74.0
STU2470E0,CRSA0DDEE,TSKA34C0E,11,1.0,11.0
STU1BA19D,CRSA0DDEE,TSKA34C0E,94,1.0,94.0
STUCBA72C,CRSA0DDEE,TSKA34C0E,77,1.0,77.0
STU1F6E70,CRSA0DDEE,TSKA34C0E,75,1.0,75.0
STU9E7A23,CRSA0DDEE,TSKA34C0E,42,1.0,42.0
STUEBF0FD,CRSA0DDEE,TSKA34C0E,55,1.0,55.0
STU2E7AED,CRSA0DDEE,TSKA34C0E,0,1.0,0.0
STU8FF747,CRSA0DDEE,TSKA34C0E,48,1.0,48.0
STU07DF48,CRSA0DDEE,TSKA34C0E,0,1.0,0.0
STUC63A51,CRSA0DDEE,TSKA34C0E,79,1.0,79.0
STUC7FED3,CRSA0DDEE,TSKA34C0E,51,1.0,51.0
STU659A87,CRSA0DDEE,TSKA34C0E,75,1.0,75.0
STU79B316,CRSA0DDEE,TSKA34C0E,59,1.0,59.0
STUECE1BF,CRSA0DDEE,TSKA34C0E,100,1.0,100.0
STUC1A752,CRSA0DDEE,TSKA34C0E,49,1.0,49.0
STUCA7E16,CRSA0DDEE,TSKA34C0E,89,1.0,89.0
STU491B2F,CRSA0DDEE,TSKA34C0E,0,1.0,0.0
STU97E38B,CRSA0DDEE,TSKA34C0E,72,1.0,72.0
STUBD1F64,CRSA0DDEE,TSKA34C0E,89,1.0,89.0
STUD08877,CRSA0DDEE,TSKA34C0E,37,1.0,37.0
STU8D1EE0,CRSA0DDEE,TSKA34C0E,82,1.0,82.0
STU6E35B5,CRSA0DDEE,TSKA34C0E,78,1.0,78.0
STU657F4A,CRSA0DDEE,TSKA34C0E,67,1.0,67.0
STUAE503B,CRSA0DDEE,TSKA34C0E,0,1.0,0.0
STUAFB40D,CRSA0DDEE,TSKA34C0E,67,1.0,67.0
STUB61624,CRSA0DDEE,TSKA34C0E,63,1.0,63.0
STUD2B00F,CRSA0DDEE,TSKA34C0E,0,1.0,0.0
STU1D5E64,CRSA0DDEE,TSKA34C0E,0,1.0,0.0
STUD03D8E,CRSA0DDEE,TSKA34C0E,44,1.0,44.0
STU343453,CRS7A2125,TSK521615,0,1.0,0.0
STU247E29,CRS7A2125,TSK521615,67,1.0,67.0
STU5C65BF,CRS7A2125,TSK521615,54,1.0,54.0
STU0665E6,CRS7A2125,TSK521615,77,1.0,77.0
STU6DFAAD,CRS7A2125,TSK521615,22,1.0,22.0
STU2597D4,CRS7A2125,TSK521615,93,1.0,93.0
STUE59BD8,CRS7A2125,TSK521615,0,1.0,0.0
STUF869C7,CRS7A2125,TSK521615,0,1.0,0.0
STUF58E73,CRS7A2125,TSK521615,76,1.0,76.0
STU9D1544,CRS7A2125,TSK521615,71,1.0,71.0
STU33C243,CRS7A2125,TSK521615,78,1.0,78.0
STU2F951F,CRS7A2125,TSK521615,76,1.0,76.0
STUACAB7D,CRS7A2125,TSK521615,73,1.0,73.0
STUDBEF6A,CRS7A2125,TSK521615,0,1.0,0.0
STUCBEA9E,CRS7A2125,TSK521615,78,1.0,78.0
STU1762F4,CRS7A2125,TSK521615,0,1.0,0.0
STU72DACB,CRS7A2125,TSK521615,0,1.0,0.0
STU3D66C5,CRS7A2125,TSK521615,98,1.0,98.0
STU9472DA,CRS7A2125,TSK521615,67,1.0,67.0
STU7B52F9,CRS7A2125,TSK521615,41,1.0,41.0
STU0D33B3,CRS7A2125,TSK521615,81,1.0,81.0
STUF97D6A,CRS7A2125,TSK521615,22,1.0,22.0
STUA2AE10,CRS7A2125,TSK521615,49,1.0,49.0
STUDAE326,CRS7A2125,TSK521615,96,1.0,96.0
STUEA5AC1,CRS7A2125,TSK521615,0,1.0,0.0
STU00ED27,CRS7A2125,TSK521615,43,1.0,43.0
STU974E79,CRS7A2125,TSK521615,0,1.0,0.0
STU5B7F8F,CRS7A2125,TSK521615,57,1.0,57.0
STUF2817F,CRS7A2125,TSK521615,66,1.0,66.0
STUA65C2D,CRS7A2125,TSK521615,88,1.0,88.0
STU6BE5D5,CRS7A2125,TSK521615,50,1.0,50.0
STU5E91E6,CRS7A2125,TSK521615,89,1.0,89.0
STUB331CA,CRS7A2125,TSK521615,31,1.0,31.0
STUDBEC0C,CRS7A2125,TSK521615,67,1.0,67.0
STU17C82F,CRS7A2125,TSK521615,94,1.0,94.0
STU84F3D8,CRS7A2125,TSK521615,57,1.0,57.0
STUD82445,CRS7A2125,TSK521615,0,1.0,0.0
STU9EBFA8,CRS7A2125,TSK521615,87,1.0,87.0
STU91E54D,CRS7A2125,TSK521615,80,1.0,80.0
STUFFE655,CRS7A2125,TSK521615,61,1.0,61.0
STUE256DE,CRSA196A8,TSK3270D6,43,0.6322,27.1846
STUE256DE,CRSA196A8,TSKC1A509,21,0.0606,1.2726
STUE256DE,CRSA196A8,TSK04251D,24,0.3072,7.3728
STU244346,CRSA196A8,TSK3270D6,45,0.6322,28.448999999999998
STU244346,CRSA196A8,TSKC1A509,53,0.0606,3.2118
STU244346,CRSA196A8,TSK04251D,65,0.3072,19.968
STU0DAFD5,CRSA196A8,TSK3270D6,22,0.6322,13.9084
STU0DAFD5,CRSA196A8,TSKC1A509,0,0.0606,0.0
STU0DAFD5,CRSA196A8,TSK04251D,45,0.3072,13.823999999999998
STU6DB924,CRSA196A8,TSK3270D6,51,0.6322,32.2422
STU6DB924,CRSA196A8,TSKC1A509,45,0.0606,2.727
STU6DB924,CRSA196A8,TSK04251D,23,0.3072,7.065599999999999
STU828BEB,CRSA196A8,TSK3270D6,55,0.6322,34.771
STU828BEB,CRSA196A8,TSKC1A509,63,0.0606,3.8178
STU828BEB,CRSA196A8,TSK04251D,65,0.3072,19.968
STU57A3AB,CRSA196A8,TSK3270D6,38,0.6322,24.0236
STU57A3AB,CRSA196A8,TSKC1A509,46,0.0606,2.7876
STU57A3AB,CRSA196A8,TSK04251D,43,0.3072,13.209599999999998
STU1980D1,CRSA196A8,TSK3270D6,20,0.6322,12.644
STU1980D1,CRSA196A8,TSKC1A509,0,0.0606,0.0
STU1980D1,CRSA196A8,TSK04251D,0,0.3072,0.0
STU0A67BF,CRSA196A8,TSK3270D6,39,0.6322,24.6558
STU0A67BF,CRSA196A8,TSKC1A509,49,0.0606,2.9694000000000003
STU0A67BF,CRSA196A8,TSK04251D,34,0.3072,10.444799999999999
STUF5DB3A,CRSA196A8,TSK3270D6,26,0.6322,16.4372
STUF5DB3A,CRSA196A8,TSKC1A509,63,0.0606,3.8178
STUF5DB3A,CRSA196A8,TSK04251D,92,0.3072,28.262399999999996
STU252560,CRSA196A8,TSK3270D6,41,0.6322,25.920199999999998
STU252560,CRSA196A8,TSKC1A509,62,0.0606,3.7572
STU252560,CRSA196A8,TSK04251D,38,0.3072,11.673599999999999
STU0336CC,CRSA196A8,TSK3270D6,70,0.6322,44.254
STU0336CC,CRSA196A8,TSKC1A509,72,0.0606,4.3632
STU0336CC,CRSA196A8,TSK04251D,76,0.3072,23.347199999999997
STUD6D720,CRSA196A8,TSK3270D6,32,0.6322,20.2304
STUD6D720,CRSA196A8,TSKC1A509,50,0.0606,3.0300000000000002
STUD6D720,CRSA196A8,TSK04251D,63,0.3072,19.353599999999997
STU9297D3,CRSA196A8,TSK3270D6,0,0.6322,0.0
STU9297D3,CRSA196A8,TSKC1A509,0,0.0606,0.0
STU9297D3,CRSA196A8,TSK04251D,0,0.3072,0.0
STU300B30,CRSA196A8,TSK3270D6,57,0.6322,36.035399999999996
STU300B30,CRSA196A8,TSKC1A509,39,0.0606,2.3634
STU300B30,CRSA196A8,TSK04251D,72,0.3072,22.118399999999998
STU18AC55,CRSA196A8,TSK3270D6,96,0.6322,60.691199999999995
STU18AC55,CRSA196A8,TSKC1A509,100,0.0606,6.0600000000000005
STU18AC55,CRSA196A8,TSK04251D,100,0.3072,30.72
STU3AFBCB,CRSA196A8,TSK3270D6,0,0.6322,0.0
STU3AFBCB,CRSA196A8,TSKC1A509,18,0.0606,1.0908
STU3AFBCB,CRSA196A8,TSK04251D,0,0.3072,0.0
STUCCFB8E,CRSA196A8,TSK3270D6,44,0.6322,27.8168
STUCCFB8E,CRSA196A8,TSKC1A509,36,0.0606,2.1816
STUCCFB8E,CRSA196A8,TSK04251D,61,0.3072,18.739199999999997
STU289ED7,CRSA196A8,TSK3270D6,26,0.6322,16.4372
STU289ED7,CRSA196A8,TSKC1A509,17,0.0606,1.0302
STU289ED7,CRSA196A8,TSK04251D,25,0.3072,7.68
STUD2DA35,CRSA196A8,TSK3270D6,32,0.6322,20.2304
STUD2DA35,CRSA196A8,TSKC1A509,54,0.0606,3.2724
STUD2DA35,CRSA196A8,TSK04251D,49,0.3072,15.0528
STU626763,CRSA196A8,TSK3270D6,68,0.6322,42.989599999999996
STU626763,CRSA196A8,TSKC1A509,76,0.0606,4.6056
STU626763,CRSA196A8,TSK04251D,61,0.3072,18.739199999999997
STU9B6C55,CRSA196A8,TSK3270D6,72,0.6322,45.5184
STU9B6C55,CRSA196A8,TSKC1A509,76,0.0606,4.6056
STU9B6C55,CRSA196A8,TSK04251D,92,0.3072,28.262399999999996
STU45304A,CRSA196A8,TSK3270D6,32,0.6322,20.2304
STU45304A,CRSA196A8,TSKC1A509,75,0.0606,4.545
STU45304A,CRSA196A8,TSK04251D,80,0.3072,24.575999999999997
STUE5F5E4,CRSA196A8,TSK3270D6,85,0.6322,53.737
STUE5F5E4,CRSA196A8,TSKC1A509,82,0.0606,4.9692
STUE5F5E4,CRSA196A8,TSK04251D,76,0.3072,23.347199999999997
STU0F84B6,CRSA196A8,TSK3270D6,32,0.6322,20.2304
STU0F84B6,CRSA196A8,TSKC1A509,20,0.0606,1.212
STU0F84B6,CRSA196A8,TSK04251D,48,0.3072,14.7456
STU68D1C2,CRSA196A8,TSK3270D6,0,0.6322,0.0
STU68D1C2,CRSA196A8,TSKC1A509,0,0.0606,0.0
STU68D1C2,CRSA196A8,TSK04251D,0,0.3072,0.0
STU26F815,CRSA196A8,TSK3270D6,55,0.6322,34.771
STU26F815,CRSA196A8,TSKC1A509,75,0.0606,4.545
STU26F815,CRSA196A8,TSK04251D,60,0.3072,18.432
STU6BD4E2,CRSA196A8,TSK3270D6,0,0.6322,0.0
STU6BD4E2,CRSA196A8,TSKC1A509,0,0.0606,0.0
STU6BD4E2,CRSA196A8,TSK04251D,0,0.3072,0.0
STU3F5520,CRSA196A8,TSK3270D6,50,0.6322,31.61
STU3F5520,CRSA196A8,TSKC1A509,38,0.0606,2.3028
STU3F5520,CRSA196A8,TSK04251D,48,0.3072,14.7456
STU51DB01,CRSA196A8,TSK3270D6,99,0.6322,62.5878
STU51DB01,CRSA196A8,TSKC1A509,49,0.0606,2.9694000000000003
STU51DB01,CRSA196A8,TSK04251D,75,0.3072,23.04
STUDA01A7,CRSA196A8,TSK3270D6,62,0.6322,39.1964
STUDA01A7,CRSA196A8,TSKC1A509,36,0.0606,2.1816
STUDA01A7,CRSA196A8,TSK04251D,41,0.3072,12.595199999999998
STUA2B596,CRSA196A8,TSK3270D6,64,0.6322,40.4608
STUA2B596,CRSA196A8,TSKC1A509,43,0.0606,2.6058
STUA2B596,CRSA196A8,TSK04251D,48,0.3072,14.7456
STU3E662D,CRSA196A8,TSK3270D6,32,0.6322,20.2304
STU3E662D,CRSA196A8,TSKC1A509,43,0.0606,2.6058
STU3E662D,CRSA196A8,TSK04251D,25,0.3072,7.68
STUE75A09,CRSA196A8,TSK3270D6,0,0.6322,0.0
STUE75A09,CRSA196A8,TSKC1A509,0,0.0606,0.0
STUE75A09,CRSA196A8,TSK04251D,0,0.3072,0.0
STU59B02A,CRSA196A8,TSK3270D6,12,0.6322,7.586399999999999
STU59B02A,CRSA196A8,TSKC1A509,0,0.0606,0.0
STU59B02A,CRSA196A8,TSK04251D,0,0.3072,0.0
STU6062D7,CRSA196A8,TSK3270D6,71,0.6322,44.8862
STU6062D7,CRSA196A8,TSKC1A509,78,0.0606,4.7268
STU6062D7,CRSA196A8,TSK04251D,88,0.3072,27.033599999999996
STU178033,CRSA196A8,TSK3270D6,45,0.6322,28.448999999999998
STU178033,CRSA196A8,TSKC1A509,37,0.0606,2.2422
STU178033,CRSA196A8,TSK04251D,55,0.3072,16.895999999999997
STUD66B25,CRSA196A8,TSK3270D6,63,0.6322,39.8286
STUD66B25,CRSA196A8,TSKC1A509,74,0.0606,4.4844
STUD66B25,CRSA196A8,TSK04251D,75,0.3072,23.04
STU1C61B8,CRSA196A8,TSK3270D6,0,0.6322,0.0
STU1C61B8,CRSA196A8,TSKC1A509,0,0.0606,0.0
STU1C61B8,CRSA196A8,TSK04251D,0,0.3072,0.0
STUF9E8A7,CRSA196A8,TSK3270D6,68,0.6322,42.989599999999996
STUF9E8A7,CRSA196A8,TSKC1A509,67,0.0606,4.0602
STUF9E8A7,CRSA196A8,TSK04251D,68,0.3072,20.889599999999998
STUF95758,CRSA196A8,TSK3270D6,72,0.6322,45.5184
STUF95758,CRSA196A8,TSKC1A509,48,0.0606,2.9088000000000003
STUF95758,CRSA196A8,TSK04251D,85,0.3072,26.112
STU4B332E,CRSDC34F7,TSKBE07CC,44,1.0,44.0
STU455B69,CRSDC34F7,TSKBE07CC,86,1.0,86.0
STUB40902,CRSDC34F7,TSKBE07CC,84,1.0,84.0
STUF58AA5,CRSDC34F7,TSKBE07CC,0,1.0,0.0
STU3C1925,CRSDC34F7,TSKBE07CC,63,1.0,63.0
STU8EFCBA,CRSDC34F7,TSKBE07CC,65,1.0,65.0
STU7F134C,CRSDC34F7,TSKBE07CC,0,1.0,0.0
STU833DC8,CRSDC34F7,TSKBE07CC,71,1.0,71.0
STUF6B2CC,CRSDC34F7,TSKBE07CC,52,1.0,52.0
STU626763,CRSDC34F7,TSKBE07CC,70,1.0,70.0
STU0BE4AE,CRSDC34F7,TSKBE07CC,86,1.0,86.0
STU208C03,CRSDC34F7,TSKBE07CC,56,1.0,56.0
STU9582C5,CRSDC34F7,TSKBE07CC,58,1.0,58.0
STU6DA366,CRSDC34F7,TSKBE07CC,55,1.0,55.0
STUE24F03,CRSDC34F7,TSKBE07CC,38,1.0,38.0
STUC0F632,CRSDC34F7,TSKBE07CC,58,1.0,58.0
STU446A59,CRSDC34F7,TSKBE07CC,53,1.0,53.0
STUC0B925,CRSDC34F7,TSKBE07CC,26,1.0,26.0
STU89405F,CRSDC34F7,TSKBE07CC,40,1.0,40.0
STU4FBCB7,CRSDC34F7,TSKBE07CC,42,1.0,42.0
STUA9FB3F,CRSDC34F7,TSKBE07CC,0,1.0,0.0
STU713FFA,CRSDC34F7,TSKBE07CC,59,1.0,59.0
STUF86072,CRSDC34F7,TSKBE07CC,59,1.0,59.0
STU928D20,CRSDC34F7,TSKBE07CC,81,1.0,81.0
STUE273D8,CRSDC34F7,TSKBE07CC,31,1.0,31.0
STU66A767,CRSDC34F7,TSKBE07CC,94,1.0,94.0
STU142C27,CRSDC34F7,TSKBE07CC,73,1.0,73.0
STUCF04E4,CRSDC34F7,TSKBE07CC,77,1.0,77.0
STUA0A4E5,CRSDC34F7,TSKBE07CC,24,1.0,24.0
STUF23B26,CRSDC34F7,TSKBE07CC,50,1.0,50.0
STUDE1739,CRSDC34F7,TSKBE07CC,56,1.0,56.0
STU26133A,CRSDC34F7,TSKBE07CC,72,1.0,72.0
STUF2E2BA,CRSDC34F7,TSKBE07CC,0,1.0,0.0
STUF14478,CRSDC34F7,TSKBE07CC,79,1.0,79.0
STU999548,CRSDC34F7,TSKBE07CC,54,1.0,54.0
STU6683E4,CRSDC34F7,TSKBE07CC,100,1.0,100.0
STU033973,CRSDC34F7,TSKBE07CC,53,1.0,53.0
STU9C3184,CRSDC34F7,TSKBE07CC,33,1.0,33.0
STUFEE5CC,CRSDC34F7,TSKBE07CC,73,1.0,73.0
STU13CA82,CRSDC34F7,TSKBE07CC,0,1.0,0.0
STUE98B28,CRSBB7805,TSK76BBB0,13,1.0,13.0
STU251AD1,CRSBB7805,TSK76BBB0,96,1.0,96.0
STU84B648,CRSBB7805,TSK76BBB0,72,1.0,72.0
STU43803B,CRSBB7805,TSK76BBB0,43,1.0,43.0
STU559565,CRSBB7805,TSK76BBB0,35,1.0,35.0
STU801BF2,CRSBB7805,TSK76BBB0,0,1.0,0.0
STUEFB532,CRSBB7805,TSK76BBB0,77,1.0,77.0
STUF5784F,CRSBB7805,TSK76BBB0,100,1.0,100.0
STU4B9A33,CRSBB7805,TSK76BBB0,0,1.0,0.0
STU3550DA,CRSBB7805,TSK76BBB0,62,1.0,62.0
STU6613B0,CRSBB7805,TSK76BBB0,61,1.0,61.0
STU6AAAA4,CRSBB7805,TSK76BBB0,72,1.0,72.0
STUE47CDA,CRSBB7805,TSK76BBB0,86,1.0,86.0
STU081EB3,CRSBB7805,TSK76BBB0,68,1.0,68.0
STU196FB0,CRSBB7805,TSK76BBB0,0,1.0,0.0
STU07DE85,CRSBB7805,TSK76BBB0,27,1.0,27.0
STU2942ED,CRSBB7805,TSK76BBB0,40,1.0,40.0
STU68DF95,CRSBB7805,TSK76BBB0,79,1.0,79.0
STUB25EA9,CRSBB7805,TSK76BBB0,0,1.0,0.0
STU865D10,CRSBB7805,TSK76BBB0,100,1.0,100.0
STU9DE9BF,CRSBB7805,TSK76BBB0,100,1.0,100.0
STU8462BA,CRSBB7805,TSK76BBB0,59,1.0,59.0
STUBEB840,CRSBB7805,TSK76BBB0,92,1.0,92.0
STU3E4BFD,CRSBB7805,TSK76BBB0,31,1.0,31.0
STU32D546,CRSBB7805,TSK76BBB0,80,1.0,80.0
STU81BFCD,CRSBB7805,TSK76BBB0,71,1.0,71.0
STU7A167E,CRSBB7805,TSK76BBB0,18,1.0,18.0
STU87867E,CRSBB7805,TSK76BBB0,0,1.0,0.0
STUBFBB31,CRSBB7805,TSK76BBB0,87,1.0,87.0
STU83CA76,CRSBB7805,TSK76BBB0,82,1.0,82.0
STU3C68A3,CRSBB7805,TSK76BBB0,94,1.0,94.0
STU877AA3,CRSBB7805,TSK76BBB0,36,1.0,36.0
STUD5B561,CRSBB7805,TSK76BBB0,55,1.0,55.0
STU0B9AEB,CRSBB7805,TSK76BBB0,0,1.0,0.0
STU5E28A9,CRSBB7805,TSK76BBB0,52,1.0,52.0
STUB8921A,CRSBB7805,TSK76BBB0,70,1.0,70.0
STUD29715,CRSBB7805,TSK76BBB0,68,1.0,68.0
STU4FA488,CRSBB7805,TSK76BBB0,72,1.0,72.0
STU46546B,CRSBB7805,TSK76BBB0,62,1.0,62.0
STU95E9A9,CRSBB7805,TSK76BBB0,80,1.0,80.0
STU809F58,CRS675703,TSKED4838,37,1.0,37.0
STU2BDA58,CRS675703,TSKED4838,48,1.0,48.0
STU31FFB9,CRS675703,TSKED4838,53,1.0,53.0
STU93A316,CRS675703,TSKED4838,86,1.0,86.0
STUAB9166,CRS675703,TSKED4838,66,1.0,66.0
STUF6A3B9,CRS675703,TSKED4838,0,1.0,0.0
STUE777F5,CRS675703,TSKED4838,55,1.0,55.0
STU0065A7,CRS675703,TSKED4838,49,1.0,49.0
STUBAA889,CRS675703,TSKED4838,42,1.0,42.0
STU1E33B4,CRS675703,TSKED4838,23,1.0,23.0
STU5807B1,CRS675703,TSKED4838,92,1.0,92.0
STU50B6AF,CRS675703,TSKED4838,100,1.0,100.0
STU021D00,CRS675703,TSKED4838,0,1.0,0.0
STU8FE11B,CRS675703,TSKED4838,0,1.0,0.0
STU4A8114,CRS675703,TSKED4838,89,1.0,89.0
STU53BEAB,CRS675703,TSKED4838,69,1.0,69.0
STU0481BA,CRS675703,TSKED4838,26,1.0,26.0
STU21F115,CRS675703,TSKED4838,99,1.0,99.0
STU04ACA7,CRS675703,TSKED4838,74,1.0,74.0
STU1F0C2F,CRS675703,TSKED4838,47,1.0,47.0
STUAE20DC,CRS675703,TSKED4838,60,1.0,60.0
STU227B38,CRS675703,TSKED4838,47,1.0,47.0
STU7F7C36,CRS675703,TSKED4838,99,1.0,99.0
STUD91B1B,CRS675703,TSKED4838,90,1.0,90.0
STU5FAB8F,CRS675703,TSKED4838,70,1.0,70.0
STUB62FF0,CRS675703,TSKED4838,66,1.0,66.0
STU7CE9AA,CRS675703,TSKED4838,61,1.0,61.0
STUAE2292,CRS675703,TSKED4838,65,1.0,65.0
STUCB631B,CRS675703,TSKED4838,73,1.0,73.0
STU5A878A,CRS675703,TSKED4838,85,1.0,85.0
STUCE343B,CRS675703,TSKED4838,67,1.0,67.0
STU6ACDA9,CRS675703,TSKED4838,0,1.0,0.0
STU38D338,CRS675703,TSKED4838,0,1.0,0.0
STUD3FA9E,CRS675703,TSKED4838,63,1.0,63.0
STU67DE75,CRS675703,TSKED4838,93,1.0,93.0
STUB3DAFA,CRS675703,TSKED4838,24,1.0,24.0
STU8A01FE,CRS675703,TSKED4838,0,1.0,0.0
STUDEB96C,CRS675703,TSKED4838,90,1.0,90.0
STU11E0E7,CRS675703,TSKED4838,20,1.0,20.0
STUF5B2ED,CRS675703,TSKED4838,28,1.0,28.0
STU87C06B,CRS463762,TSK2A3527,59,0.8234,48.580600000000004
STU87C06B,CRS463762,TSK65E6CD,53,0.1766,9.3598
STU80471D,CRS463762,TSK2A3527,66,0.8234,54.3444
STU80471D,CRS463762,TSK65E6CD,81,0.1766,14.3046
STU7F7ECF,CRS463762,TSK2A3527,78,0.8234,64.2252
STU7F7ECF,CRS463762,TSK65E6CD,93,0.1766,16.4238
STU611CE4,CRS463762,TSK2A3527,83,0.8234,68.3422
STU611CE4,CRS463762,TSK65E6CD,65,0.1766,11.479000000000001
STUA017FC,CRS463762,TSK2A3527,67,0.8234,55.1678
STUA017FC,CRS463762,TSK65E6CD,61,0.1766,10.7726
STU4EF4F3,CRS463762,TSK2A3527,0,0.8234,0.0
STU4EF4F3,CRS463762,TSK65E6CD,0,0.1766,0.0
STUCD6FA6,CRS463762,TSK2A3527,77,0.8234,63.4018
STUCD6FA6,CRS463762,TSK65E6CD,65,0.1766,11.479000000000001
STU17DA49,CRS463762,TSK2A3527,57,0.8234,46.9338
STU17DA49,CRS463762,TSK65E6CD,82,0.1766,14.481200000000001
STU69A1DF,CRS463762,TSK2A3527,66,0.8234,54.3444
STU69A1DF,CRS463762,TSK65E6CD,63,0.1766,11.1258
STU4296D3,CRS463762,TSK2A3527,36,0.8234,29.642400000000002
STU4296D3,CRS463762,TSK65E6CD,30,0.1766,5.298
STUA750EA,CRS463762,TSK2A3527,28,0.8234,23.0552
STUA750EA,CRS463762,TSK65E6CD,52,0.1766,9.183200000000001
STU8D4245,CRS463762,TSK2A3527,74,0.8234,60.9316
STU8D4245,CRS463762,TSK65E6CD,85,0.1766,15.011000000000001
STUB00D7F,CRS463762,TSK2A3527,74,0.8234,60.9316
STUB00D7F,CRS463762,TSK65E6CD,56,0.1766,9.8896
STU7A2AA3,CRS463762,TSK2A3527,79,0.8234,65.04860000000001
STU7A2AA3,CRS463762,TSK65E6CD,72,0.1766,12.715200000000001
STUC60C8E,CRS463762,TSK2A3527,50,0.8234,41.17
STUC60C8E,CRS463762,TSK65E6CD,0,0.1766,0.0
STUD2879C,CRS463762,TSK2A3527,34,0.8234,27.9956
STUD2879C,CRS463762,TSK65E6CD,37,0.1766,6.5342
STU770296,CRS463762,TSK2A3527,0,0.8234,0.0
STU770296,CRS463762,TSK65E6CD,0,0.1766,0.0
STU051E1E,CRS463762,TSK2A3527,45,0.8234,37.053000000000004
STU051E1E,CRS463762,TSK65E6CD,43,0.1766,7.5938
STU7A27DB,CRS463762,TSK2A3527,73,0.8234,60.108200000000004
STU7A27DB,CRS463762,TSK65E6CD,75,0.1766,13.245000000000001
STUF37987,CRS463762,TSK2A3527,96,0.8234,79.0464
STUF37987,CRS463762,TSK65E6CD,96,0.1766,16.9536
STU9BC782,CRS463762,TSK2A3527,66,0.8234,54.3444
STU9BC782,CRS463762,TSK65E6CD,52,0.1766,9.183200000000001
STUCFC06E,CRS463762,TSK2A3527,49,0.8234,40.3466
STUCFC06E,CRS463762,TSK65E6CD,61,0.1766,10.7726
STU12A381,CRS463762,TSK2A3527,83,0.8234,68.3422
STU12A381,CRS463762,TSK65E6CD,76,0.1766,13.4216
STU7242E2,CRS463762,TSK2A3527,83,0.8234,68.3422
STU7242E2,CRS463762,TSK65E6CD,92,0.1766,16.2472
STU1FA950,CRS463762,TSK2A3527,100,0.8234,82.34
STU1FA950,CRS463762,TSK65E6CD,88,0.1766,15.5408
STU4A8033,CRS463762,TSK2A3527,78,0.8234,64.2252
STU4A8033,CRS463762,TSK65E6CD,83,0.1766,14.6578
STUB4A284,CRS463762,TSK2A3527,84,0.8234,69.1656
STUB4A284,CRS463762,TSK65E6CD,90,0.1766,15.894
STUE34B90,CRS463762,TSK2A3527,86,0.8234,70.8124
STUE34B90,CRS463762,TSK65E6CD,92,0.1766,16.2472
STUAD1BCD,CRS463762,TSK2A3527,0,0.8234,0.0
STUAD1BCD,CRS463762,TSK65E6CD,21,0.1766,3.7086
STUF2FA33,CRS463762,TSK2A3527,81,0.8234,66.6954
STUF2FA33,CRS463762,TSK65E6CD,87,0.1766,15.3642
STU883707,CRS463762,TSK2A3527,87,0.8234,71.6358
STU883707,CRS463762,TSK65E6CD,83,0.1766,14.6578
STUD64F5A,CRS463762,TSK2A3527,82,0.8234,67.5188
STUD64F5A,CRS463762,TSK65E6CD,74,0.1766,13.0684
STU6D0506,CRS463762,TSK2A3527,0,0.8234,0.0
STU6D0506,CRS463762,TSK65E6CD,0,0.1766,0.0
STU994BA3,CRS463762,TSK2A3527,91,0.8234,74.9294
STU994BA3,CRS463762,TSK65E6CD,90,0.1766,15.894
STU7C3F71,CRS463762,TSK2A3527,50,0.8234,41.17
STU7C3F71,CRS463762,TSK65E6CD,30,0.1766,5.298
STU5E2214,CRS463762,TSK2A3527,53,0.8234,43.6402
STU5E2214,CRS463762,TSK65E6CD,26,0.1766,4.591600000000001
STU83A411,CRS463762,TSK2A3527,51,0.8234,41.9934
STU83A411,CRS463762,TSK65E6CD,50,0.1766,8.83
STU51B70B,CRS463762,TSK2A3527,21,0.8234,17.2914
STU51B70B,CRS463762,TSK65E6CD,45,0.1766,7.947
STU0281AF,CRS463762,TSK2A3527,0,0.8234,0.0
STU0281AF,CRS463762,TSK65E6CD,0,0.1766,0.0
STUDB9AFA,CRS463762,TSK2A3527,60,0.8234,49.404
STUDB9AFA,CRS463762,TSK65E6CD,74,0.1766,13.0684
STU7F443A,CRSD2ADD9,TSKF81676,0,1.0,0.0
STU8CBEB3,CRSD2ADD9,TSKF81676,100,1.0,100.0
STU6637FF,CRSD2ADD9,TSKF81676,50,1.0,50.0
STU710037,CRSD2ADD9,TSKF81676,26,1.0,26.0
STU9D09D0,CRSD2ADD9,TSKF81676,0,1.0,0.0
STUDC5A65,CRSD2ADD9,TSKF81676,0,1.0,0.0
STU9ED707,CRSD2ADD9,TSKF81676,78,1.0,78.0
STU7064DE,CRSD2ADD9,TSKF81676,70,1.0,70.0
STU01DD1B,CRSD2ADD9,TSKF81676,57,1.0,57.0
STUBC5172,CRSD2ADD9,TSKF81676,78,1.0,78.0
STU3798A1,CRSD2ADD9,TSKF81676,62,1.0,62.0
STUED82BB,CRSD2ADD9,TSKF81676,88,1.0,88.0
STUB2B984,CRSD2ADD9,TSKF81676,81,1.0,81.0
STUFAD12B,CRSD2ADD9,TSKF81676,7,1.0,7.0
STUD7E158,CRSD2ADD9,TSKF81676,0,1.0,0.0
STUA64B84,CRSD2ADD9,TSKF81676,69,1.0,69.0
STU1DC52E,CRSD2ADD9,TSKF81676,95,1.0,95.0
STU51942D,CRSD2ADD9,TSKF81676,83,1.0,83.0
STU769CEE,CRSD2ADD9,TSKF81676,84,1.0,84.0
STU595A0D,CRSD2ADD9,TSKF81676,77,1.0,77.0
STU99C95A,CRSD2ADD9,TSKF81676,57,1.0,57.0
STUC053C3,CRSD2ADD9,TSKF81676,44,1.0,44.0
STUA02C9E,CRSD2ADD9,TSKF81676,83,1.0,83.0
STU2F6954,CRSD2ADD9,TSKF81676,73,1.0,73.0
STUBF4780,CRSD2ADD9,TSKF81676,75,1.0,75.0
STU770296,CRSD2ADD9,TSKF81676,41,1.0,41.0
STUF59A40,CRSD2ADD9,TSKF81676,0,1.0,0.0
STUEB163F,CRSD2ADD9,TSKF81676,52,1.0,52.0
STU25BAFC,CRSD2ADD9,TSKF81676,0,1.0,0.0
STUA57681,CRSD2ADD9,TSKF81676,54,1.0,54.0
STU04412F,CRSD2ADD9,TSKF81676,21,1.0,21.0
STU1441C0,CRSD2ADD9,TSKF81676,81,1.0,81.0
STU0209EC,CRSD2ADD9,TSKF81676,84,1.0,84.0
STUE5F5E4,CRSD2ADD9,TSKF81676,62,1.0,62.0
STUFF817F,CRSD2ADD9,TSKF81676,94,1.0,94.0
STU3005C9,CRSD2ADD9,TSKF81676,0,1.0,0.0
STU82258B,CRSD2ADD9,TSKF81676,67,1.0,67.0
STUEA3120,CRSD2ADD9,TSKF81676,58,1.0,58.0
STU3C4B88,CRSD2ADD9,TSKF81676,23,1.0,23.0
STU0B6717,CRSD2ADD9,TSKF81676,97,1.0,97.0
STU162863,CRS30B676,TSK799C30,56,0.2046,11.4576
STU162863,CRS30B676,TSKC67AAB,68,0.4538,30.8584
STU162863,CRS30B676,TSK3CF659,61,0.3416,20.837600000000002
STU26B1AA,CRS30B676,TSK799C30,86,0.2046,17.5956
STU26B1AA,CRS30B676,TSKC67AAB,70,0.4538,31.766
STU26B1AA,CRS30B676,TSK3CF659,78,0.3416,26.6448
STU22D6CF,CRS30B676,TSK799C30,66,0.2046,13.5036
STU22D6CF,CRS30B676,TSKC67AAB,62,0.4538,28.1356
STU22D6CF,CRS30B676,TSK3CF659,81,0.3416,27.669600000000003
STU29A7D0,CRS30B676,TSK799C30,100,0.2046,20.46
STU29A7D0,CRS30B676,TSKC67AAB,100,0.4538,45.379999999999995
STU29A7D0,CRS30B676,TSK3CF659,91,0.3416,31.085600000000003
STU96EFB7,CRS30B676,TSK799C30,62,0.2046,12.6852
STU96EFB7,CRS30B676,TSKC67AAB,46,0.4538,20.8748
STU96EFB7,CRS30B676,TSK3CF659,47,0.3416,16.0552
STU9D9F26,CRS30B676,TSK799C30,55,0.2046,11.253
STU9D9F26,CRS30B676,TSKC67AAB,45,0.4538,20.421
STU9D9F26,CRS30B676,TSK3CF659,40,0.3416,13.664000000000001
STUEDA224,CRS30B676,TSK799C30,66,0.2046,13.5036
STUEDA224,CRS30B676,TSKC67AAB,83,0.4538,37.6654
STUEDA224,CRS30B676,TSK3CF659,72,0.3416,24.595200000000002
STU870AC7,CRS30B676,TSK799C30,51,0.2046,10.4346
STU870AC7,CRS30B676,TSKC67AAB,57,0.4538,25.8666
STU870AC7,CRS30B676,TSK3CF659,45,0.3416,15.372
STUC2AE73,CRS30B676,TSK799C30,47,0.2046,9.616200000000001
STUC2AE73,CRS30B676,TSKC67AAB,32,0.4538,14.5216
STUC2AE73,CRS30B676,TSK3CF659,65,0.3416,22.204
STUEA8486,CRS30B676,TSK799C30,72,0.2046,14.731200000000001
STUEA8486,CRS30B676,TSKC67AAB,66,0.4538,29.950799999999997
STUEA8486,CRS30B676,TSK3CF659,63,0.3416,21.5208
STU789145,CRS30B676,TSK799C30,37,0.2046,7.5702
STU789145,CRS30B676,TSKC67AAB,40,0.4538,18.152
STU789145,CRS30B676,TSK3CF659,42,0.3416,14.3472
STU2470E0,CRS30B676,TSK799C30,18,0.2046,3.6828000000000003
STU2470E0,CRS30B676,TSKC67AAB,42,0.4538,19.0596
STU2470E0,CRS30B676,TSK3CF659,39,0.3416,13.3224
STUBF77B5,CRS30B676,TSK799C30,100,0.2046,20.46
STUBF77B5,CRS30B676,TSKC67AAB,70,0.4538,31.766
STUBF77B5,CRS30B676,TSK3CF659,100,0.3416,34.160000000000004
STU5D6DB3,CRS30B676,TSK799C30,39,0.2046,7.9794
STU5D6DB3,CRS30B676,TSKC67AAB,49,0.4538,22.2362
STU5D6DB3,CRS30B676,TSK3CF659,38,0.3416,12.9808
STU8AD67C,CRS30B676,TSK799C30,57,0.2046,11.6622
STU8AD67C,CRS30B676,TSKC67AAB,51,0.4538,23.1438
STU8AD67C,CRS30B676,TSK3CF659,37,0.3416,12.6392
STUF97353,CRS30B676,TSK799C30,98,0.2046,20.0508
STUF97353,CRS30B676,TSKC67AAB,98,0.4538,44.4724
STUF97353,CRS30B676,TSK3CF659,92,0.3416,31.427200000000003
STUAC091A,CRS30B676,TSK799C30,68,0.2046,13.9128
STUAC091A,CRS30B676,TSKC67AAB,59,0.4538,26.7742
STUAC091A,CRS30B676,TSK3CF659,72,0.3416,24.595200000000002
STUD185CD,CRS30B676,TSK799C30,0,0.2046,0.0
STUD185CD,CRS30B676,TSKC67AAB,0,0.4538,0.0
STUD185CD,CRS30B676,TSK3CF659,0,0.3416,0.0
STU2452D3,CRS30B676,TSK799C30,43,0.2046,8.7978
STU2452D3,CRS30B676,TSKC67AAB,51,0.4538,23.1438
STU2452D3,CRS30B676,TSK3CF659,34,0.3416,11.6144
STU90AE16,CRS30B676,TSK799C30,42,0.2046,8.5932
STU90AE16,CRS30B676,TSKC67AAB,40,0.4538,18.152
STU90AE16,CRS30B676,TSK3CF659,58,0.3416,19.8128
STUD906F2,CRS30B676,TSK799C30,35,0.2046,7.1610000000000005
STUD906F2,CRS30B676,TSKC67AAB,45,0.4538,20.421
STUD906F2,CRS30B676,TSK3CF659,69,0.3416,23.5704
STU377F94,CRS30B676,TSK799C30,62,0.2046,12.6852
STU377F94,CRS30B676,TSKC67AAB,63,0.4538,28.589399999999998
STU377F94,CRS30B676,TSK3CF659,41,0.3416,14.005600000000001
STUDB82A3,CRS30B676,TSK799C30,100,0.2046,20.46
STUDB82A3,CRS30B676,TSKC67AAB,100,0.4538,45.379999999999995
STUDB82A3,CRS30B676,TSK3CF659,100,0.3416,34.160000000000004
STUA6FC07,CRS30B676,TSK799C30,81,0.2046,16.5726
STUA6FC07,CRS30B676,TSKC67AAB,100,0.4538,45.379999999999995
STUA6FC07,CRS30B676,TSK3CF659,83,0.3416,28.352800000000002
STU57912C,CRS30B676,TSK799C30,52,0.2046,10.6392
STU57912C,CRS30B676,TSKC67AAB,56,0.4538,25.412799999999997
STU57912C,CRS30B676,TSK3CF659,40,0.3416,13.664000000000001
STU42753B,CRS30B676,TSK799C30,73,0.2046,14.9358
STU42753B,CRS30B676,TSKC67AAB,76,0.4538,34.4888
STU42753B,CRS30B676,TSK3CF659,94,0.3416,32.1104
STUE117ED,CRS30B676,TSK799C30,100,0.2046,20.46
STUE117ED,CRS30B676,TSKC67AAB,46,0.4538,20.8748
STUE117ED,CRS30B676,TSK3CF659,100,0.3416,34.160000000000004
STUC00DA9,CRS30B676,TSK799C30,63,0.2046,12.889800000000001
STUC00DA9,CRS30B676,TSKC67AAB,81,0.4538,36.757799999999996
STUC00DA9,CRS30B676,TSK3CF659,74,0.3416,25.2784
STU969EFC,CRS30B676,TSK799C30,41,0.2046,8.3886
STU969EFC,CRS30B676,TSKC67AAB,45,0.4538,20.421
STU969EFC,CRS30B676,TSK3CF659,38,0.3416,12.9808
STU3D84FE,CRS30B676,TSK799C30,89,0.2046,18.2094
STU3D84FE,CRS30B676,TSKC67AAB,83,0.4538,37.6654
STU3D84FE,CRS30B676,TSK3CF659,76,0.3416,25.9616
STU01FB87,CRS30B676,TSK799C30,0,0.2046,0.0
STU01FB87,CRS30B676,TSKC67AAB,0,0.4538,0.0
STU01FB87,CRS30B676,TSK3CF659,45,0.3416,15.372
STU49AFC1,CRS30B676,TSK799C30,92,0.2046,18.8232
STU49AFC1,CRS30B676,TSKC67AAB,76,0.4538,34.4888
STU49AFC1,CRS30B676,TSK3CF659,74,0.3416,25.2784
STUE6E73D,CRS30B676,TSK799C30,0,0.2046,0.0
STUE6E73D,CRS30B676,TSKC67AAB,23,0.4538,10.4374
STUE6E73D,CRS30B676,TSK3CF659,0,0.3416,0.0
STU175B6F,CRS30B676,TSK799C30,82,0.2046,16.7772
STU175B6F,CRS30B676,TSKC67AAB,70,0.4538,31.766
STU175B6F,CRS30B676,TSK3CF659,78,0.3416,26.6448
STU14561F,CRS30B676,TSK799C30,0,0.2046,0.0
STU14561F,CRS30B676,TSKC67AAB,0,0.4538,0.0
STU14561F,CRS30B676,TSK3CF659,0,0.3416,0.0
STU3FD32C,CRS30B676,TSK799C30,83,0.2046,16.9818
STU3FD32C,CRS30B676,TSKC67AAB,64,0.4538,29.0432
STU3FD32C,CRS30B676,TSK3CF659,43,0.3416,14.6888
STU8DE508,CRS30B676,TSK799C30,47,0.2046,9.616200000000001
STU8DE508,CRS30B676,TSKC67AAB,58,0.4538,26.3204
STU8DE508,CRS30B676,TSK3CF659,59,0.3416,20.154400000000003
STU099E08,CRS30B676,TSK799C30,48,0.2046,9.8208
STU099E08,CRS30B676,TSKC67AAB,43,0.4538,19.5134
STU099E08,CRS30B676,TSK3CF659,29,0.3416,9.9064
STU3298D8,CRS30B676,TSK799C30,38,0.2046,7.7748
STU3298D8,CRS30B676,TSKC67AAB,25,0.4538,11.344999999999999
STU3298D8,CRS30B676,TSK3CF659,17,0.3416,5.8072
STUE0D934,CRS30B676,TSK799C30,32,0.2046,6.5472
STUE0D934,CRS30B676,TSKC67AAB,28,0.4538,12.706399999999999
STUE0D934,CRS30B676,TSK3CF659,33,0.3416,11.2728
STUA894A0,CRS767056,TSK80B2C3,60,1.0,60.0
STU92A51B,CRS767056,TSK80B2C3,88,1.0,88.0
STUC3629F,CRS767056,TSK80B2C3,89,1.0,89.0
STU231C38,CRS767056,TSK80B2C3,76,1.0,76.0
STUD4B1D2,CRS767056,TSK80B2C3,23,1.0,23.0
STUF03677,CRS767056,TSK80B2C3,72,1.0,72.0
STUD9D5C5,CRS767056,TSK80B2C3,71,1.0,71.0
STUFD654F,CRS767056,TSK80B2C3,55,1.0,55.0
STUC2EE09,CRS767056,TSK80B2C3,66,1.0,66.0
STU7FF678,CRS767056,TSK80B2C3,70,1.0,70.0
STUEB449A,CRS767056,TSK80B2C3,43,1.0,43.0
STU404A2B,CRS767056,TSK80B2C3,36,1.0,36.0
STUCD26D7,CRS767056,TSK80B2C3,68,1.0,68.0
STU230900,CRS767056,TSK80B2C3,65,1.0,65.0
STU2769DA,CRS767056,TSK80B2C3,50,1.0,50.0
STU19D6FC,CRS767056,TSK80B2C3,80,1.0,80.0
STUC3D795,CRS767056,TSK80B2C3,74,1.0,74.0
STU7D20AA,CRS767056,TSK80B2C3,91,1.0,91.0
STU493CB1,CRS767056,TSK80B2C3,81,1.0,81.0
STU7DEE84,CRS767056,TSK80B2C3,88,1.0,88.0
STU902D23,CRS767056,TSK80B2C3,91,1.0,91.0
STU11E0E7,CRS767056,TSK80B2C3,0,1.0,0.0
STUA6FF04,CRS767056,TSK80B2C3,33,1.0,33.0
STU3EC518,CRS767056,TSK80B2C3,69,1.0,69.0
STUA50F4C,CRS767056,TSK80B2C3,80,1.0,80.0
STU2E5F8F,CRS767056,TSK80B2C3,47,1.0,47.0
STU86EF24,CRS767056,TSK80B2C3,71,1.0,71.0
STUB9B43F,CRS767056,TSK80B2C3,49,1.0,49.0
STU4B5B59,CRS767056,TSK80B2C3,77,1.0,77.0
STU65220D,CRS767056,TSK80B2C3,77,1.0,77.0
STU2CED30,CRS767056,TSK80B2C3,0,1.0,0.0
STU11151B,CRS767056,TSK80B2C3,75,1.0,75.0
STU40353A,CRS767056,TSK80B2C3,100,1.0,100.0
STUF8222E,CRS767056,TSK80B2C3,39,1.0,39.0
STU4755DA,CRS767056,TSK80B2C3,0,1.0,0.0
STU9C0BCE,CRS767056,TSK80B2C3,93,1.0,93.0
STU78CFCA,CRS767056,TSK80B2C3,57,1.0,57.0
STUB57671,CRS767056,TSK80B2C3,0,1.0,0.0
STU15AA23,CRS767056,TSK80B2C3,80,1.0,80.0
STU72C3B1,CRS767056,TSK80B2C3,0,1.0,0.0
STUBAA889,CRS4AFD79,TSK6172CC,14,1.0,14.0
STU30B581,CRS4AFD79,TSK6172CC,55,1.0,55.0
STU121849,CRS4AFD79,TSK6172CC,66,1.0,66.0
STU822493,CRS4AFD79,TSK6172CC,83,1.0,83.0
STU6DC3BC,CRS4AFD79,TSK6172CC,98,1.0,98.0
STU9D4618,CRS4AFD79,TSK6172CC,44,1.0,44.0
STUE5B20B,CRS4AFD79,TSK6172CC,33,1.0,33.0
STUBDB814,CRS4AFD79,TSK6172CC,75,1.0,75.0
STUD31DC6,CRS4AFD79,TSK6172CC,60,1.0,60.0
STUB79A71,CRS4AFD79,TSK6172CC,46,1.0,46.0
STU6184A4,CRS4AFD79,TSK6172CC,0,1.0,0.0
STU47A7C6,CRS4AFD79,TSK6172CC,74,1.0,74.0
STUAA0699,CRS4AFD79,TSK6172CC,81,1.0,81.0
STU546ED2,CRS4AFD79,TSK6172CC,48,1.0,48.0
STU50460C,CRS4AFD79,TSK6172CC,0,1.0,0.0
STU20BB57,CRS4AFD79,TSK6172CC,50,1.0,50.0
STU4B972F,CRS4AFD79,TSK6172CC,0,1.0,0.0
STUFC51CA,CRS4AFD79,TSK6172CC,63,1.0,63.0
STUCCE286,CRS4AFD79,TSK6172CC,76,1.0,76.0
STUF0FC1E,CRS4AFD79,TSK6172CC,66,1.0,66.0
STUA10BE6,CRS4AFD79,TSK6172CC,43,1.0,43.0
STUE0FF0A,CRS4AFD79,TSK6172CC,19,1.0,19.0
STUF58D5C,CRS4AFD79,TSK6172CC,79,1.0,79.0
STU49D020,CRS4AFD79,TSK6172CC,0,1.0,0.0
STU10395D,CRS4AFD79,TSK6172CC,73,1.0,73.0
STU95FB13,CRS4AFD79,TSK6172CC,60,1.0,60.0
STUDDE60F,CRS4AFD79,TSK6172CC,31,1.0,31.0
STU7CAB98,CRS4AFD79,TSK6172CC,72,1.0,72.0
STU3F5358,CRS4AFD79,TSK6172CC,90,1.0,90.0
STU85BE64,CRS4AFD79,TSK6172CC,32,1.0,32.0
STU2A5C4D,CRS4AFD79,TSK6172CC,30,1.0,30.0
STU82DA50,CRS4AFD79,TSK6172CC,87,1.0,87.0
STUA1170F,CRS4AFD79,TSK6172CC,39,1.0,39.0
STUE5D53A,CRS4AFD79,TSK6172CC,71,1.0,71.0
STUD0D339,CRS4AFD79,TSK6172CC,85,1.0,85.0
STU1D2B6C,CRS4AFD79,TSK6172CC,0,1.0,0.0
STUB602EB,CRS4AFD79,TSK6172CC,64,1.0,64.0
STU375753,CRS4AFD79,TSK6172CC,0,1.0,0.0
STUF37FCB,CRS4AFD79,TSK6172CC,67,1.0,67.0
STUE26151,CRS4AFD79,TSK6172CC,100,1.0,100.0
STUDBEC0C,CRS87F489,TSK2585EC,59,0.5065,29.883499999999998
STUDBEC0C,CRS87F489,TSKE8A947,50,0.4935,24.675
STU15D8AE,CRS87F489,TSK2585EC,73,0.5065,36.9745
STU15D8AE,CRS87F489,TSKE8A947,51,0.4935,25.168499999999998
STUBB3767,CRS87F489,TSK2585EC,76,0.5065,38.494
STUBB3767,CRS87F489,TSKE8A947,52,0.4935,25.662
STUB84718,CRS87F489,TSK2585EC,73,0.5065,36.9745
STUB84718,CRS87F489,TSKE8A947,85,0.4935,41.9475
STU2BF26B,CRS87F489,TSK2585EC,64,0.5065,32.416
STU2BF26B,CRS87F489,TSKE8A947,35,0.4935,17.2725
STU23F667,CRS87F489,TSK2585EC,0,0.5065,0.0
STU23F667,CRS87F489,TSKE8A947,0,0.4935,0.0
STU4D200C,CRS87F489,TSK2585EC,77,0.5065,39.000499999999995
STU4D200C,CRS87F489,TSKE8A947,86,0.4935,42.441
STUB554B6,CRS87F489,TSK2585EC,63,0.5065,31.909499999999998
STUB554B6,CRS87F489,TSKE8A947,75,0.4935,37.0125
STU76FB66,CRS87F489,TSK2585EC,43,0.5065,21.7795
STU76FB66,CRS87F489,TSKE8A947,37,0.4935,18.2595
STU9C478C,CRS87F489,TSK2585EC,44,0.5065,22.285999999999998
STU9C478C,CRS87F489,TSKE8A947,37,0.4935,18.2595
STU1E9926,CRS87F489,TSK2585EC,0,0.5065,0.0
STU1E9926,CRS87F489,TSKE8A947,0,0.4935,0.0
STUE84584,CRS87F489,TSK2585EC,0,0.5065,0.0
STUE84584,CRS87F489,TSKE8A947,0,0.4935,0.0
STU83029C,CRS87F489,TSK2585EC,33,0.5065,16.714499999999997
STU83029C,CRS87F489,TSKE8A947,49,0.4935,24.1815
STUB7CABE,CRS87F489,TSK2585EC,75,0.5065,37.9875
STUB7CABE,CRS87F489,TSKE8A947,64,0.4935,31.584
STUAFC6B5,CRS87F489,TSK2585EC,53,0.5065,26.844499999999996
STUAFC6B5,CRS87F489,TSKE8A947,0,0.4935,0.0
STU483B9C,CRS87F489,TSK2585EC,65,0.5065,32.9225
STU483B9C,CRS87F489,TSKE8A947,50,0.4935,24.675
STU07083B,CRS87F489,TSK2585EC,0,0.5065,0.0
STU07083B,CRS87F489,TSKE8A947,49,0.4935,24.1815
STUDBABC7,CRS87F489,TSK2585EC,57,0.5065,28.870499999999996
STUDBABC7,CRS87F489,TSKE8A947,65,0.4935,32.0775
STU7B9B31,CRS87F489,TSK2585EC,50,0.5065,25.324999999999996
STU7B9B31,CRS87F489,TSKE8A947,33,0.4935,16.2855
STU0E9E28,CRS87F489,TSK2585EC,47,0.5065,23.8055
STU0E9E28,CRS87F489,TSKE8A947,55,0.4935,27.1425
STUCD1F3C,CRS87F489,TSK2585EC,60,0.5065,30.389999999999997
STUCD1F3C,CRS87F489,TSKE8A947,80,0.4935,39.48
STU859279,CRS87F489,TSK2585EC,0,0.5065,0.0
STU859279,CRS87F489,TSKE8A947,46,0.4935,22.701
STUCD0C28,CRS87F489,TSK2585EC,82,0.5065,41.532999999999994
STUCD0C28,CRS87F489,TSKE8A947,90,0.4935,44.415
STU6AD8A8,CRS87F489,TSK2585EC,49,0.5065,24.818499999999997
STU6AD8A8,CRS87F489,TSKE8A947,64,0.4935,31.584
STU688CCC,CRS87F489,TSK2585EC,29,0.5065,14.688499999999998
STU688CCC,CRS87F489,TSKE8A947,45,0.4935,22.2075
STU8BA1D2,CRS87F489,TSK2585EC,56,0.5065,28.363999999999997
STU8BA1D2,CRS87F489,TSKE8A947,49,0.4935,24.1815
STU442E26,CRS87F489,TSK2585EC,100,0.5065,50.64999999999999
STU442E26,CRS87F489,TSKE8A947,100,0.4935,49.35
STU4BECB5,CRS87F489,TSK2585EC,68,0.5065,34.44199999999999
STU4BECB5,CRS87F489,TSKE8A947,58,0.4935,28.623
STUCA739C,CRS87F489,TSK2585EC,76,0.5065,38.494
STUCA739C,CRS87F489,TSKE8A947,86,0.4935,42.441
STU16B0CB,CRS87F489,TSK2585EC,0,0.5065,0.0
STU16B0CB,CRS87F489,TSKE8A947,0,0.4935,0.0
STU8E9E6D,CRS87F489,TSK2585EC,84,0.5065,42.54599999999999
STU8E9E6D,CRS87F489,TSKE8A947,65,0.4935,32.0775
STUE71FFC,CRS87F489,TSK2585EC,0,0.5065,0.0
STUE71FFC,CRS87F489,TSKE8A947,44,0.4935,21.714
STU503AFA,CRS87F489,TSK2585EC,92,0.5065,46.598
STU503AFA,CRS87F489,TSKE8A947,85,0.4935,41.9475
STU8F1BFD,CRS87F489,TSK2585EC,0,0.5065,0.0
STU8F1BFD,CRS87F489,TSKE8A947,21,0.4935,10.3635
STUD5AE9C,CRS87F489,TSK2585EC,0,0.5065,0.0
STUD5AE9C,CRS87F489,TSKE8A947,0,0.4935,0.0
STUE984C6,CRS87F489,TSK2585EC,63,0.5065,31.909499999999998
STUE984C6,CRS87F489,TSKE8A947,76,0.4935,37.506
STU4AD11B,CRS87F489,TSK2585EC,39,0.5065,19.7535
STU4AD11B,CRS87F489,TSKE8A947,42,0.4935,20.727
STU53F53D,CRS87F489,TSK2585EC,72,0.5065,36.467999999999996
STU53F53D,CRS87F489,TSKE8A947,81,0.4935,39.9735
STUDFAE2C,CRS87F489,TSK2585EC,100,0.5065,50.64999999999999
STUDFAE2C,CRS87F489,TSKE8A947,90,0.4935,44.415
STUCBECFE,CRS87F489,TSK2585EC,29,0.5065,14.688499999999998
STUCBECFE,CRS87F489,TSKE8A947,0,0.4935,0.0
STU1991FE,CRS8B4602,TSK5D764C,100,0.0921,9.21
STU1991FE,CRS8B4602,TSKA0B4BF,79,0.1018,8.0422
STU1991FE,CRS8B4602,TSKD150B1,81,0.5696,46.1376
STU1991FE,CRS8B4602,TSK1F08D2,94,0.2365,22.230999999999998
STU1F2F4A,CRS8B4602,TSK5D764C,100,0.0921,9.21
STU1F2F4A,CRS8B4602,TSKA0B4BF,82,0.1018,8.3476
STU1F2F4A,CRS8B4602,TSKD150B1,85,0.5696,48.416
STU1F2F4A,CRS8B4602,TSK1F08D2,98,0.2365,23.177
STU59878C,CRS8B4602,TSK5D764C,0,0.0921,0.0
STU59878C,CRS8B4602,TSKA0B4BF,0,0.1018,0.0
STU59878C,CRS8B4602,TSKD150B1,25,0.5696,14.24
STU59878C,CRS8B4602,TSK1F08D2,0,0.2365,0.0
STU9C2447,CRS8B4602,TSK5D764C,92,0.0921,8.4732
STU9C2447,CRS8B4602,TSKA0B4BF,95,0.1018,9.671
STU9C2447,CRS8B4602,TSKD150B1,90,0.5696,51.264
STU9C2447,CRS8B4602,TSK1F08D2,58,0.2365,13.716999999999999
STU401DC6,CRS8B4602,TSK5D764C,77,0.0921,7.0917
STU401DC6,CRS8B4602,TSKA0B4BF,74,0.1018,7.5332
STU401DC6,CRS8B4602,TSKD150B1,73,0.5696,41.580799999999996
STU401DC6,CRS8B4602,TSK1F08D2,72,0.2365,17.028
STU74620E,CRS8B4602,TSK5D764C,47,0.0921,4.3287
STU74620E,CRS8B4602,TSKA0B4BF,59,0.1018,6.0062
STU74620E,CRS8B4602,TSKD150B1,47,0.5696,26.7712
STU74620E,CRS8B4602,TSK1F08D2,50,0.2365,11.825
STU0D2B37,CRS8B4602,TSK5D764C,94,0.0921,8.6574
STU0D2B37,CRS8B4602,TSKA0B4BF,100,0.1018,10.18
STU0D2B37,CRS8B4602,TSKD150B1,100,0.5696,56.96
STU0D2B37,CRS8B4602,TSK1F08D2,96,0.2365,22.704
STU00E7DD,CRS8B4602,TSK5D764C,49,0.0921,4.5129
STU00E7DD,CRS8B4602,TSKA0B4BF,32,0.1018,3.2576
STU00E7DD,CRS8B4602,TSKD150B1,71,0.5696,40.4416
STU00E7DD,CRS8B4602,TSK1F08D2,40,0.2365,9.459999999999999
STU75B849,CRS8B4602,TSK5D764C,33,0.0921,3.0393
STU75B849,CRS8B4602,TSKA0B4BF,32,0.1018,3.2576
STU75B849,CRS8B4602,TSKD150B1,43,0.5696,24.4928
STU75B849,CRS8B4602,TSK1F08D2,43,0.2365,10.1695
STU7C412D,CRS8B4602,TSK5D764C,88,0.0921,8.104800000000001
STU7C412D,CRS8B4602,TSKA0B4BF,75,0.1018,7.635
STU7C412D,CRS8B4602,TSKD150B1,97,0.5696,55.2512
STU7C412D,CRS8B4602,TSK1F08D2,85,0.2365,20.1025
STUD30AC4,CRS8B4602,TSK5D764C,90,0.0921,8.289
STUD30AC4,CRS8B4602,TSKA0B4BF,82,0.1018,8.3476
STUD30AC4,CRS8B4602,TSKD150B1,72,0.5696,41.0112
STUD30AC4,CRS8B4602,TSK1F08D2,83,0.2365,19.6295
STU33D37F,CRS8B4602,TSK5D764C,95,0.0921,8.7495
STU33D37F,CRS8B4602,TSKA0B4BF,100,0.1018,10.18
STU33D37F,CRS8B4602,TSKD150B1,84,0.5696,47.8464
STU33D37F,CRS8B4602,TSK1F08D2,94,0.2365,22.230999999999998
STU7AF111,CRS8B4602,TSK5D764C,62,0.0921,5.7102
STU7AF111,CRS8B4602,TSKA0B4BF,69,0.1018,7.0242
STU7AF111,CRS8B4602,TSKD150B1,67,0.5696,38.163199999999996
STU7AF111,CRS8B4602,TSK1F08D2,61,0.2365,14.426499999999999
STU9FE005,CRS8B4602,TSK5D764C,23,0.0921,2.1183
STU9FE005,CRS8B4602,TSKA0B4BF,24,0.1018,2.4432
STU9FE005,CRS8B4602,TSKD150B1,29,0.5696,16.5184
STU9FE005,CRS8B4602,TSK1F08D2,32,0.2365,7.568
STU84C5BD,CRS8B4602,TSK5D764C,14,0.0921,1.2894
STU84C5BD,CRS8B4602,TSKA0B4BF,27,0.1018,2.7486
STU84C5BD,CRS8B4602,TSKD150B1,16,0.5696,9.1136
STU84C5BD,CRS8B4602,TSK1F08D2,18,0.2365,4.257
STUADF5ED,CRS8B4602,TSK5D764C,79,0.0921,7.2759
STUADF5ED,CRS8B4602,TSKA0B4BF,78,0.1018,7.9404
STUADF5ED,CRS8B4602,TSKD150B1,64,0.5696,36.4544
STUADF5ED,CRS8B4602,TSK1F08D2,56,0.2365,13.244
STUDCC4DE,CRS8B4602,TSK5D764C,50,0.0921,4.605
STUDCC4DE,CRS8B4602,TSKA0B4BF,57,0.1018,5.8026
STUDCC4DE,CRS8B4602,TSKD150B1,56,0.5696,31.8976
STUDCC4DE,CRS8B4602,TSK1F08D2,36,0.2365,8.514
STUBB9FCC,CRS8B4602,TSK5D764C,59,0.0921,5.4339
STUBB9FCC,CRS8B4602,TSKA0B4BF,57,0.1018,5.8026
STUBB9FCC,CRS8B4602,TSKD150B1,63,0.5696,35.8848
STUBB9FCC,CRS8B4602,TSK1F08D2,70,0.2365,16.555
STU528976,CRS8B4602,TSK5D764C,16,0.0921,1.4736
STU528976,CRS8B4602,TSKA0B4BF,50,0.1018,5.09
STU528976,CRS8B4602,TSKD150B1,33,0.5696,18.7968
STU528976,CRS8B4602,TSK1F08D2,37,0.2365,8.750499999999999
STU40DC27,CRS8B4602,TSK5D764C,78,0.0921,7.1838
STU40DC27,CRS8B4602,TSKA0B4BF,93,0.1018,9.4674
STU40DC27,CRS8B4602,TSKD150B1,82,0.5696,46.7072
STU40DC27,CRS8B4602,TSK1F08D2,67,0.2365,15.8455
STU309842,CRS8B4602,TSK5D764C,0,0.0921,0.0
STU309842,CRS8B4602,TSKA0B4BF,0,0.1018,0.0
STU309842,CRS8B4602,TSKD150B1,0,0.5696,0.0
STU309842,CRS8B4602,TSK1F08D2,33,0.2365,7.8045
STU60CDB7,CRS8B4602,TSK5D764C,85,0.0921,7.8285
STU60CDB7,CRS8B4602,TSKA0B4BF,82,0.1018,8.3476
STU60CDB7,CRS8B4602,TSKD150B1,94,0.5696,53.5424
STU60CDB7,CRS8B4602,TSK1F08D2,73,0.2365,17.264499999999998
STUA32DE3,CRS8B4602,TSK5D764C,24,0.0921,2.2104
STUA32DE3,CRS8B4602,TSKA0B4BF,16,0.1018,1.6288
STUA32DE3,CRS8B4602,TSKD150B1,26,0.5696,14.8096
STUA32DE3,CRS8B4602,TSK1F08D2,53,0.2365,12.5345
STU1A18FF,CRS8B4602,TSK5D764C,76,0.0921,6.9996
STU1A18FF,CRS8B4602,TSKA0B4BF,79,0.1018,8.0422
STU1A18FF,CRS8B4602,TSKD150B1,78,0.5696,44.4288
STU1A18FF,CRS8B4602,TSK1F08D2,89,0.2365,21.0485
STU890A6B,CRS8B4602,TSK5D764C,60,0.0921,5.526
STU890A6B,CRS8B4602,TSKA0B4BF,86,0.1018,8.7548
STU890A6B,CRS8B4602,TSKD150B1,81,0.5696,46.1376
STU890A6B,CRS8B4602,TSK1F08D2,85,0.2365,20.1025
STU3E5055,CRS8B4602,TSK5D764C,17,0.0921,1.5657
STU3E5055,CRS8B4602,TSKA0B4BF,0,0.1018,0.0
STU3E5055,CRS8B4602,TSKD150B1,8,0.5696,4.5568
STU3E5055,CRS8B4602,TSK1F08D2,8,0.2365,1.892
STUEB026B,CRS8B4602,TSK5D764C,72,0.0921,6.6312
STUEB026B,CRS8B4602,TSKA0B4BF,90,0.1018,9.162
STUEB026B,CRS8B4602,TSKD150B1,88,0.5696,50.1248
STUEB026B,CRS8B4602,TSK1F08D2,88,0.2365,20.811999999999998
STU5F9971,CRS8B4602,TSK5D764C,0,0.0921,0.0
STU5F9971,CRS8B4602,TSKA0B4BF,0,0.1018,0.0
STU5F9971,CRS8B4602,TSKD150B1,0,0.5696,0.0
STU5F9971,CRS8B4602,TSK1F08D2,0,0.2365,0.0
STU953481,CRS8B4602,TSK5D764C,0,0.0921,0.0
STU953481,CRS8B4602,TSKA0B4BF,32,0.1018,3.2576
STU953481,CRS8B4602,TSKD150B1,0,0.5696,0.0
STU953481,CRS8B4602,TSK1F08D2,0,0.2365,0.0
STU8C7969,CRS8B4602,TSK5D764C,44,0.0921,4.0524000000000004
STU8C7969,CRS8B4602,TSKA0B4BF,55,0.1018,5.599
STU8C7969,CRS8B4602,TSKD150B1,69,0.5696,39.3024
STU8C7969,CRS8B4602,TSK1F08D2,73,0.2365,17.264499999999998
STU7B02C8,CRS8B4602,TSK5D764C,76,0.0921,6.9996
STU7B02C8,CRS8B4602,TSKA0B4BF,77,0.1018,7.8386000000000005
STU7B02C8,CRS8B4602,TSKD150B1,91,0.5696,51.8336
STU7B02C8,CRS8B4602,TSK1F08D2,95,0.2365,22.467499999999998
STUA693CA,CRS8B4602,TSK5D764C,0,0.0921,0.0
STUA693CA,CRS8B4602,TSKA0B4BF,0,0.1018,0.0
STUA693CA,CRS8B4602,TSKD150B1,0,0.5696,0.0
STUA693CA,CRS8B4602,TSK1F08D2,0,0.2365,0.0
STU2EEE7C,CRS8B4602,TSK5D764C,33,0.0921,3.0393
STU2EEE7C,CRS8B4602,TSKA0B4BF,50,0.1018,5.09
STU2EEE7C,CRS8B4602,TSKD150B1,23,0.5696,13.1008
STU2EEE7C,CRS8B4602,TSK1F08D2,29,0.2365,6.858499999999999
STU731FBA,CRS8B4602,TSK5D764C,43,0.0921,3.9603
STU731FBA,CRS8B4602,TSKA0B4BF,23,0.1018,2.3414
STU731FBA,CRS8B4602,TSKD150B1,0,0.5696,0.0
STU731FBA,CRS8B4602,TSK1F08D2,0,0.2365,0.0
STU28D867,CRS8B4602,TSK5D764C,68,0.0921,6.2628
STU28D867,CRS8B4602,TSKA0B4BF,0,0.1018,0.0
STU28D867,CRS8B4602,TSKD150B1,0,0.5696,0.0
STU28D867,CRS8B4602,TSK1F08D2,48,0.2365,11.352
STU495B8D,CRS8B4602,TSK5D764C,83,0.0921,7.6443
STU495B8D,CRS8B4602,TSKA0B4BF,84,0.1018,8.5512
STU495B8D,CRS8B4602,TSKD150B1,94,0.5696,53.5424
STU495B8D,CRS8B4602,TSK1F08D2,77,0.2365,18.2105
STUF23C1F,CRS8B4602,TSK5D764C,47,0.0921,4.3287
STUF23C1F,CRS8B4602,TSKA0B4BF,53,0.1018,5.3954
STUF23C1F,CRS8B4602,TSKD150B1,57,0.5696,32.4672
STUF23C1F,CRS8B4602,TSK1F08D2,53,0.2365,12.5345
STUFE0D73,CRS8B4602,TSK5D764C,0,0.0921,0.0
STUFE0D73,CRS8B4602,TSKA0B4BF,0,0.1018,0.0
STUFE0D73,CRS8B4602,TSKD150B1,0,0.5696,0.0
STUFE0D73,CRS8B4602,TSK1F08D2,0,0.2365,0.0
STU812B7E,CRS8B4602,TSK5D764C,53,0.0921,4.8813
STU812B7E,CRS8B4602,TSKA0B4BF,0,0.1018,0.0
STU812B7E,CRS8B4602,TSKD150B1,0,0.5696,0.0
STU812B7E,CRS8B4602,TSK1F08D2,55,0.2365,13.007499999999999
STU83FAB6,CRS8B4602,TSK5D764C,90,0.0921,8.289
STU83FAB6,CRS8B4602,TSKA0B4BF,63,0.1018,6.4134
STU83FAB6,CRS8B4602,TSKD150B1,93,0.5696,52.9728
STU83FAB6,CRS8B4602,TSK1F08D2,89,0.2365,21.0485
STU7F45D6,CRS3C6225,TSKFDD013,32,1.0,32.0
STU50B6AF,CRS3C6225,TSKFDD013,78,1.0,78.0
STU19DE7B,CRS3C6225,TSKFDD013,62,1.0,62.0
STUBE089A,CRS3C6225,TSKFDD013,82,1.0,82.0
STU4A3A84,CRS3C6225,TSKFDD013,76,1.0,76.0
STUB9F2F2,CRS3C6225,TSKFDD013,0,1.0,0.0
STU488C5F,CRS3C6225,TSKFDD013,71,1.0,71.0
STUE70D4B,CRS3C6225,TSKFDD013,0,1.0,0.0
STUA8BE1E,CRS3C6225,TSKFDD013,0,1.0,0.0
STUF66B88,CRS3C6225,TSKFDD013,47,1.0,47.0
STU1B932A,CRS3C6225,TSKFDD013,0,1.0,0.0
STU340DE5,CRS3C6225,TSKFDD013,92,1.0,92.0
STU8BD28B,CRS3C6225,TSKFDD013,44,1.0,44.0
STU9885A9,CRS3C6225,TSKFDD013,56,1.0,56.0
STU563621,CRS3C6225,TSKFDD013,20,1.0,20.0
STU90C212,CRS3C6225,TSKFDD013,82,1.0,82.0
STUD225C8,CRS3C6225,TSKFDD013,87,1.0,87.0
STU0E627F,CRS3C6225,TSKFDD013,54,1.0,54.0
STU7E8CF4,CRS3C6225,TSKFDD013,0,1.0,0.0
STUCEC317,CRS3C6225,TSKFDD013,29,1.0,29.0
STU14194F,CRS3C6225,TSKFDD013,47,1.0,47.0
STU6C5BB3,CRS3C6225,TSKFDD013,17,1.0,17.0
STU8C3DEE,CRS3C6225,TSKFDD013,74,1.0,74.0
STU38281C,CRS3C6225,TSKFDD013,80,1.0,80.0
STU1712BF,CRS3C6225,TSKFDD013,72,1.0,72.0
STUD64F5A,CRS3C6225,TSKFDD013,60,1.0,60.0
STUE75271,CRS3C6225,TSKFDD013,77,1.0,77.0
STU3EA1C4,CRS3C6225,TSKFDD013,91,1.0,91.0
STU96D47B,CRS3C6225,TSKFDD013,49,1.0,49.0
STU6DBBC0,CRS3C6225,TSKFDD013,0,1.0,0.0
STU31745A,CRS3C6225,TSKFDD013,96,1.0,96.0
STUE8E4D0,CRS3C6225,TSKFDD013,94,1.0,94.0
STU158690,CRS3C6225,TSKFDD013,76,1.0,76.0
STU8C9EC8,CRS3C6225,TSKFDD013,65,1.0,65.0
STUAB5C16,CRS3C6225,TSKFDD013,49,1.0,49.0
STUD55C53,CRS3C6225,TSKFDD013,0,1.0,0.0
STU15A236,CRS3C6225,TSKFDD013,8,1.0,8.0
STU78E5A1,CRS3C6225,TSKFDD013,52,1.0,52.0
STUAC8D03,CRS3C6225,TSKFDD013,69,1.0,69.0
STUCCFB8E,CRS3C6225,TSKFDD013,80,1.0,80.0
STU224C38,CRSE1C7E4,TSKF33A33,34,0.9749,33.1466
STU224C38,CRSE1C7E4,TSK0876D4,66,0.0251,1.6566
STU64C8EB,CRSE1C7E4,TSKF33A33,83,0.9749,80.9167
STU64C8EB,CRSE1C7E4,TSK0876D4,88,0.0251,2.2088
STUED3688,CRSE1C7E4,TSKF33A33,66,0.9749,64.3434
STUED3688,CRSE1C7E4,TSK0876D4,50,0.0251,1.2550000000000001
STU45B713,CRSE1C7E4,TSKF33A33,47,0.9749,45.820299999999996
STU45B713,CRSE1C7E4,TSK0876D4,48,0.0251,1.2048
STU154987,CRSE1C7E4,TSKF33A33,67,0.9749,65.3183
STU154987,CRSE1C7E4,TSK0876D4,76,0.0251,1.9076
STUA27B97,CRSE1C7E4,TSKF33A33,20,0.9749,19.498
STUA27B97,CRSE1C7E4,TSK0876D4,32,0.0251,0.8032
STUF2D76B,CRSE1C7E4,TSKF33A33,48,0.9749,46.7952
STUF2D76B,CRSE1C7E4,TSK0876D4,57,0.0251,1.4307
STU521152,CRSE1C7E4,TSKF33A33,66,0.9749,64.3434
STU521152,CRSE1C7E4,TSK0876D4,64,0.0251,1.6064
STU8DE508,CRSE1C7E4,TSKF33A33,47,0.9749,45.820299999999996
STU8DE508,CRSE1C7E4,TSK0876D4,66,0.0251,1.6566
STUFBFAE2,CRSE1C7E4,TSKF33A33,29,0.9749,28.2721
STUFBFAE2,CRSE1C7E4,TSK0876D4,35,0.0251,0.8785000000000001
STU8270A4,CRSE1C7E4,TSKF33A33,42,0.9749,40.9458
STU8270A4,CRSE1C7E4,TSK0876D4,49,0.0251,1.2299
STUAED495,CRSE1C7E4,TSKF33A33,85,0.9749,82.8665
STUAED495,CRSE1C7E4,TSK0876D4,90,0.0251,2.259
STUD405A8,CRSE1C7E4,TSKF33A33,82,0.9749,79.9418
STUD405A8,CRSE1C7E4,TSK0876D4,95,0.0251,2.3845
STU610DD4,CRSE1C7E4,TSKF33A33,60,0.9749,58.494
STU610DD4,CRSE1C7E4,TSK0876D4,71,0.0251,1.7821
STUACA220,CRSE1C7E4,TSKF33A33,60,0.9749,58.494
STUACA220,CRSE1C7E4,TSK0876D4,69,0.0251,1.7319
STUC86A41,CRSE1C7E4,TSKF33A33,73,0.9749,71.1677
STUC86A41,CRSE1C7E4,TSK0876D4,80,0.0251,2.008
STU1D6A49,CRSE1C7E4,TSKF33A33,98,0.9749,95.5402
STU1D6A49,CRSE1C7E4,TSK0876D4,94,0.0251,2.3594
STU6D9756,CRSE1C7E4,TSKF33A33,97,0.9749,94.5653
STU6D9756,CRSE1C7E4,TSK0876D4,93,0.0251,2.3343000000000003
STU5C7715,CRSE1C7E4,TSKF33A33,48,0.9749,46.7952
STU5C7715,CRSE1C7E4,TSK0876D4,26,0.0251,0.6526000000000001
STU9BEF39,CRSE1C7E4,TSKF33A33,81,0.9749,78.9669
STU9BEF39,CRSE1C7E4,TSK0876D4,96,0.0251,2.4096
STU8B741F,CRSE1C7E4,TSKF33A33,87,0.9749,84.8163
STU8B741F,CRSE1C7E4,TSK0876D4,70,0.0251,1.7570000000000001
STUCA5C8B,CRSE1C7E4,TSKF33A33,25,0.9749,24.3725
STUCA5C8B,CRSE1C7E4,TSK0876D4,0,0.0251,0.0
STU76925B,CRSE1C7E4,TSKF33A33,36,0.9749,35.0964
STU76925B,CRSE1C7E4,TSK0876D4,38,0.0251,0.9538
STU0A679B,CRSE1C7E4,TSKF33A33,63,0.9749,61.4187
STU0A679B,CRSE1C7E4,TSK0876D4,60,0.0251,1.506
STU8A5481,CRSE1C7E4,TSKF33A33,0,0.9749,0.0
STU8A5481,CRSE1C7E4,TSK0876D4,0,0.0251,0.0
STUBDD6EA,CRSE1C7E4,TSKF33A33,73,0.9749,71.1677
STUBDD6EA,CRSE1C7E4,TSK0876D4,85,0.0251,2.1335
STU84012E,CRSE1C7E4,TSKF33A33,0,0.9749,0.0
STU84012E,CRSE1C7E4,TSK0876D4,0,0.0251,0.0
STUCAC925,CRSE1C7E4,TSKF33A33,34,0.9749,33.1466
STUCAC925,CRSE1C7E4,TSK0876D4,39,0.0251,0.9789
STUE70D4B,CRSE1C7E4,TSKF33A33,54,0.9749,52.6446
STUE70D4B,CRSE1C7E4,TSK0876D4,59,0.0251,1.4809
STU77B719,CRSE1C7E4,TSKF33A33,33,0.9749,32.1717
STU77B719,CRSE1C7E4,TSK0876D4,46,0.0251,1.1546
STU40B84C,CRSE1C7E4,TSKF33A33,84,0.9749,81.8916
STU40B84C,CRSE1C7E4,TSK0876D4,74,0.0251,1.8574000000000002
STU9F0536,CRSE1C7E4,TSKF33A33,64,0.9749,62.3936
STU9F0536,CRSE1C7E4,TSK0876D4,59,0.0251,1.4809
STU91B290,CRSE1C7E4,TSKF33A33,87,0.9749,84.8163
STU91B290,CRSE1C7E4,TSK0876D4,54,0.0251,1.3554
STUF3A61F,CRSE1C7E4,TSKF33A33,92,0.9749,89.6908
STUF3A61F,CRSE1C7E4,TSK0876D4,87,0.0251,2.1837
STU633476,CRSE1C7E4,TSKF33A33,95,0.9749,92.6155
STU633476,CRSE1C7E4,TSK0876D4,94,0.0251,2.3594
STU79FA2E,CRSE1C7E4,TSKF33A33,70,0.9749,68.243
STU79FA2E,CRSE1C7E4,TSK0876D4,77,0.0251,1.9327
STU52D948,CRSE1C7E4,TSKF33A33,83,0.9749,80.9167
STU52D948,CRSE1C7E4,TSK0876D4,70,0.0251,1.7570000000000001
STUFCFCDB,CRSE1C7E4,TSKF33A33,0,0.9749,0.0
STUFCFCDB,CRSE1C7E4,TSK0876D4,0,0.0251,0.0
STU72E529,CRSE1C7E4,TSKF33A33,86,0.9749,83.8414
STU72E529,CRSE1C7E4,TSK0876D4,78,0.0251,1.9578
STUDB32EE,CRSE1C7E4,TSKF33A33,66,0.9749,64.3434
STUDB32EE,CRSE1C7E4,TSK0876D4,30,0.0251,0.753
STU582B92,CRS5A5DC7,TSK3FB505,88,0.5386,47.3968
STU582B92,CRS5A5DC7,TSKD3336E,72,0.4614,33.2208
STU4C9083,CRS5A5DC7,TSK3FB505,52,0.5386,28.007199999999997
STU4C9083,CRS5A5DC7,TSKD3336E,44,0.4614,20.3016
STU6613B0,CRS5A5DC7,TSK3FB505,89,0.5386,47.935399999999994
STU6613B0,CRS5A5DC7,TSKD3336E,79,0.4614,36.4506
STU41B0CC,CRS5A5DC7,TSK3FB505,22,0.5386,11.8492
STU41B0CC,CRS5A5DC7,TSKD3336E,16,0.4614,7.3824
STU3C7DB7,CRS5A5DC7,TSK3FB505,16,0.5386,8.6176
STU3C7DB7,CRS5A5DC7,TSKD3336E,21,0.4614,9.6894
STU593A34,CRS5A5DC7,TSK3FB505,80,0.5386,43.087999999999994
STU593A34,CRS5A5DC7,TSKD3336E,60,0.4614,27.683999999999997
STU4A84DA,CRS5A5DC7,TSK3FB505,65,0.5386,35.009
STU4A84DA,CRS5A5DC7,TSKD3336E,94,0.4614,43.3716
STU994CDD,CRS5A5DC7,TSK3FB505,43,0.5386,23.159799999999997
STU994CDD,CRS5A5DC7,TSKD3336E,44,0.4614,20.3016
STU079801,CRS5A5DC7,TSK3FB505,46,0.5386,24.775599999999997
STU079801,CRS5A5DC7,TSKD3336E,38,0.4614,17.5332
STU13E6BC,CRS5A5DC7,TSK3FB505,42,0.5386,22.621199999999998
STU13E6BC,CRS5A5DC7,TSKD3336E,45,0.4614,20.762999999999998
STU78846C,CRS5A5DC7,TSK3FB505,94,0.5386,50.6284
STU78846C,CRS5A5DC7,TSKD3336E,88,0.4614,40.6032
STU763244,CRS5A5DC7,TSK3FB505,68,0.5386,36.6248
STU763244,CRS5A5DC7,TSKD3336E,60,0.4614,27.683999999999997
STU2E46C5,CRS5A5DC7,TSK3FB505,84,0.5386,45.242399999999996
STU2E46C5,CRS5A5DC7,TSKD3336E,86,0.4614,39.6804
STU11C88E,CRS5A5DC7,TSK3FB505,42,0.5386,22.621199999999998
STU11C88E,CRS5A5DC7,TSKD3336E,44,0.4614,20.3016
STU1A3851,CRS5A5DC7,TSK3FB505,78,0.5386,42.010799999999996
STU1A3851,CRS5A5DC7,TSKD3336E,77,0.4614,35.5278
STU5F461D,CRS5A5DC7,TSK3FB505,83,0.5386,44.703799999999994
STU5F461D,CRS5A5DC7,TSKD3336E,45,0.4614,20.762999999999998
STU60C34E,CRS5A5DC7,TSK3FB505,88,0.5386,47.3968
STU60C34E,CRS5A5DC7,TSKD3336E,100,0.4614,46.14
STU1F1B25,CRS5A5DC7,TSK3FB505,77,0.5386,41.4722
STU1F1B25,CRS5A5DC7,TSKD3336E,56,0.4614,25.8384
STUEF891D,CRS5A5DC7,TSK3FB505,34,0.5386,18.3124
STUEF891D,CRS5A5DC7,TSKD3336E,51,0.4614,23.531399999999998
STUA6338B,CRS5A5DC7,TSK3FB505,0,0.5386,0.0
STUA6338B,CRS5A5DC7,TSKD3336E,0,0.4614,0.0
STUDFF1C6,CRS5A5DC7,TSK3FB505,26,0.5386,14.003599999999999
STUDFF1C6,CRS5A5DC7,TSKD3336E,45,0.4614,20.762999999999998
STU70214C,CRS5A5DC7,TSK3FB505,82,0.5386,44.1652
STU70214C,CRS5A5DC7,TSKD3336E,75,0.4614,34.605
STUA0BC0B,CRS5A5DC7,TSK3FB505,91,0.5386,49.0126
STUA0BC0B,CRS5A5DC7,TSKD3336E,87,0.4614,40.141799999999996
STUC22F37,CRS5A5DC7,TSK3FB505,84,0.5386,45.242399999999996
STUC22F37,CRS5A5DC7,TSKD3336E,78,0.4614,35.9892
STU94DD64,CRS5A5DC7,TSK3FB505,24,0.5386,12.9264
STU94DD64,CRS5A5DC7,TSKD3336E,26,0.4614,11.9964
STUC24E4B,CRS5A5DC7,TSK3FB505,73,0.5386,39.3178
STUC24E4B,CRS5A5DC7,TSKD3336E,61,0.4614,28.1454
STUD1137C,CRS5A5DC7,TSK3FB505,47,0.5386,25.3142
STUD1137C,CRS5A5DC7,TSKD3336E,45,0.4614,20.762999999999998
STU0A3BE5,CRS5A5DC7,TSK3FB505,42,0.5386,22.621199999999998
STU0A3BE5,CRS5A5DC7,TSKD3336E,46,0.4614,21.2244
STU54E7D3,CRS5A5DC7,TSK3FB505,27,0.5386,14.5422
STU54E7D3,CRS5A5DC7,TSKD3336E,53,0.4614,24.4542
STUAABAE1,CRS5A5DC7,TSK3FB505,70,0.5386,37.702
STUAABAE1,CRS5A5DC7,TSKD3336E,79,0.4614,36.4506
STU2F5967,CRS5A5DC7,TSK3FB505,0,0.5386,0.0
STU2F5967,CRS5A5DC7,TSKD3336E,49,0.4614,22.6086
STUE0A2D3,CRS5A5DC7,TSK3FB505,61,0.5386,32.8546
STUE0A2D3,CRS5A5DC7,TSKD3336E,74,0.4614,34.1436
STU1251E5,CRS5A5DC7,TSK3FB505,43,0.5386,23.159799999999997
STU1251E5,CRS5A5DC7,TSKD3336E,73,0.4614,33.6822
STUD5DE4B,CRS5A5DC7,TSK3FB505,83,0.5386,44.703799999999994
STUD5DE4B,CRS5A5DC7,TSKD3336E,93,0.4614,42.910199999999996
STU82BE73,CRS5A5DC7,TSK3FB505,38,0.5386,20.4668
STU82BE73,CRS5A5DC7,TSKD3336E,31,0.4614,14.3034
STU37410D,CRS5A5DC7,TSK3FB505,100,0.5386,53.86
STU37410D,CRS5A5DC7,TSKD3336E,82,0.4614,37.8348
STU429667,CRS5A5DC7,TSK3FB505,76,0.5386,40.9336
STU429667,CRS5A5DC7,TSKD3336E,67,0.4614,30.9138
STU595E83,CRS5A5DC7,TSK3FB505,0,0.5386,0.0
STU595E83,CRS5A5DC7,TSKD3336E,0,0.4614,0.0
STUF3157E,CRS5A5DC7,TSK3FB505,73,0.5386,39.3178
STUF3157E,CRS5A5DC7,TSKD3336E,67,0.4614,30.9138
STU2AD7AA,CRS5A5DC7,TSK3FB505,40,0.5386,21.543999999999997
STU2AD7AA,CRS5A5DC7,TSKD3336E,53,0.4614,24.4542
STUBF91BE,CRS1B2A91,TSK6A2373,27,0.2753,7.4331
STUBF91BE,CRS1B2A91,TSK7BF1F6,25,0.0526,1.315
STUBF91BE,CRS1B2A91,TSK8D11D0,35,0.0052,0.182
STUBF91BE,CRS1B2A91,TSK6E28FC,46,0.0637,2.9302
STUBF91BE,CRS1B2A91,TSK1813A7,18,0.146,2.6279999999999997
STUBF91BE,CRS1B2A91,TSKD5C530,48,0.4572,21.9456
STUDDD660,CRS1B2A91,TSK6A2373,27,0.2753,7.4331
STUDDD660,CRS1B2A91,TSK7BF1F6,67,0.0526,3.5242
STUDDD660,CRS1B2A91,TSK8D11D0,30,0.0052,0.156
STUDDD660,CRS1B2A91,TSK6E28FC,49,0.0637,3.1213
STUDDD660,CRS1B2A91,TSK1813A7,56,0.146,8.176
STUDDD660,CRS1B2A91,TSKD5C530,29,0.4572,13.258799999999999
STU30B786,CRS1B2A91,TSK6A2373,56,0.2753,15.416799999999999
STU30B786,CRS1B2A91,TSK7BF1F6,56,0.0526,2.9456
STU30B786,CRS1B2A91,TSK8D11D0,72,0.0052,0.37439999999999996
STU30B786,CRS1B2A91,TSK6E28FC,47,0.0637,2.9939000000000004
STU30B786,CRS1B2A91,TSK1813A7,51,0.146,7.446
STU30B786,CRS1B2A91,TSKD5C530,66,0.4572,30.1752
STUD3216F,CRS1B2A91,TSK6A2373,0,0.2753,0.0
STUD3216F,CRS1B2A91,TSK7BF1F6,0,0.0526,0.0
STUD3216F,CRS1B2A91,TSK8D11D0,0,0.0052,0.0
STUD3216F,CRS1B2A91,TSK6E28FC,0,0.0637,0.0
STUD3216F,CRS1B2A91,TSK1813A7,0,0.146,0.0
STUD3216F,CRS1B2A91,TSKD5C530,0,0.4572,0.0
STU510D02,CRS1B2A91,TSK6A2373,88,0.2753,24.226399999999998
STU510D02,CRS1B2A91,TSK7BF1F6,80,0.0526,4.208
STU510D02,CRS1B2A91,TSK8D11D0,86,0.0052,0.4472
STU510D02,CRS1B2A91,TSK6E28FC,81,0.0637,5.159700000000001
STU510D02,CRS1B2A91,TSK1813A7,66,0.146,9.636
STU510D02,CRS1B2A91,TSKD5C530,64,0.4572,29.2608
STUD8FA1E,CRS1B2A91,TSK6A2373,72,0.2753,19.8216
STUD8FA1E,CRS1B2A91,TSK7BF1F6,90,0.0526,4.734
STUD8FA1E,CRS1B2A91,TSK8D11D0,78,0.0052,0.40559999999999996
STUD8FA1E,CRS1B2A91,TSK6E28FC,94,0.0637,5.987800000000001
STUD8FA1E,CRS1B2A91,TSK1813A7,100,0.146,14.6
STUD8FA1E,CRS1B2A91,TSKD5C530,81,0.4572,37.0332
STUFE4E57,CRS1B2A91,TSK6A2373,0,0.2753,0.0
STUFE4E57,CRS1B2A91,TSK7BF1F6,0,0.0526,0.0
STUFE4E57,CRS1B2A91,TSK8D11D0,0,0.0052,0.0
STUFE4E57,CRS1B2A91,TSK6E28FC,0,0.0637,0.0
STUFE4E57,CRS1B2A91,TSK1813A7,0,0.146,0.0
STUFE4E57,CRS1B2A91,TSKD5C530,0,0.4572,0.0
STU85C200,CRS1B2A91,TSK6A2373,67,0.2753,18.4451
STU85C200,CRS1B2A91,TSK7BF1F6,74,0.0526,3.8924
STU85C200,CRS1B2A91,TSK8D11D0,51,0.0052,0.2652
STU85C200,CRS1B2A91,TSK6E28FC,48,0.0637,3.0576000000000003
STU85C200,CRS1B2A91,TSK1813A7,58,0.146,8.468
STU85C200,CRS1B2A91,TSKD5C530,51,0.4572,23.3172
STUDF3B83,CRS1B2A91,TSK6A2373,49,0.2753,13.4897
STUDF3B83,CRS1B2A91,TSK7BF1F6,59,0.0526,3.1034
STUDF3B83,CRS1B2A91,TSK8D11D0,57,0.0052,0.2964
STUDF3B83,CRS1B2A91,TSK6E28FC,63,0.0637,4.0131000000000006
STUDF3B83,CRS1B2A91,TSK1813A7,56,0.146,8.176
STUDF3B83,CRS1B2A91,TSKD5C530,50,0.4572,22.86
STU4154E2,CRS1B2A91,TSK6A2373,0,0.2753,0.0
STU4154E2,CRS1B2A91,TSK7BF1F6,29,0.0526,1.5254
STU4154E2,CRS1B2A91,TSK8D11D0,0,0.0052,0.0
STU4154E2,CRS1B2A91,TSK6E28FC,0,0.0637,0.0
STU4154E2,CRS1B2A91,TSK1813A7,0,0.146,0.0
STU4154E2,CRS1B2A91,TSKD5C530,0,0.4572,0.0
STUD68204,CRS1B2A91,TSK6A2373,0,0.2753,0.0
STUD68204,CRS1B2A91,TSK7BF1F6,23,0.0526,1.2098
STUD68204,CRS1B2A91,TSK8D11D0,0,0.0052,0.0
STUD68204,CRS1B2A91,TSK6E28FC,0,0.0637,0.0
STUD68204,CRS1B2A91,TSK1813A7,59,0.146,8.613999999999999
STUD68204,CRS1B2A91,TSKD5C530,0,0.4572,0.0
STUE63A67,CRS1B2A91,TSK6A2373,41,0.2753,11.2873
STUE63A67,CRS1B2A91,TSK7BF1F6,36,0.0526,1.8936
STUE63A67,CRS1B2A91,TSK8D11D0,59,0.0052,0.30679999999999996
STUE63A67,CRS1B2A91,TSK6E28FC,47,0.0637,2.9939000000000004
STUE63A67,CRS1B2A91,TSK1813A7,34,0.146,4.9639999999999995
STUE63A67,CRS1B2A91,TSKD5C530,37,0.4572,16.9164
STU552093,CRS1B2A91,TSK6A2373,38,0.2753,10.4614
STU552093,CRS1B2A91,TSK7BF1F6,69,0.0526,3.6294
STU552093,CRS1B2A91,TSK8D11D0,29,0.0052,0.1508
STU552093,CRS1B2A91,TSK6E28FC,37,0.0637,2.3569000000000004
STU552093,CRS1B2A91,TSK1813A7,70,0.146,10.219999999999999
STU552093,CRS1B2A91,TSKD5C530,79,0.4572,36.1188
STU52A89D,CRS1B2A91,TSK6A2373,86,0.2753,23.6758
STU52A89D,CRS1B2A91,TSK7BF1F6,80,0.0526,4.208
STU52A89D,CRS1B2A91,TSK8D11D0,82,0.0052,0.4264
STU52A89D,CRS1B2A91,TSK6E28FC,88,0.0637,5.605600000000001
STU52A89D,CRS1B2A91,TSK1813A7,79,0.146,11.533999999999999
STU52A89D,CRS1B2A91,TSKD5C530,84,0.4572,38.4048
STUD6A7E0,CRS1B2A91,TSK6A2373,71,0.2753,19.5463
STUD6A7E0,CRS1B2A91,TSK7BF1F6,60,0.0526,3.156
STUD6A7E0,CRS1B2A91,TSK8D11D0,49,0.0052,0.25479999999999997
STUD6A7E0,CRS1B2A91,TSK6E28FC,56,0.0637,3.5672000000000006
STUD6A7E0,CRS1B2A91,TSK1813A7,52,0.146,7.592
STUD6A7E0,CRS1B2A91,TSKD5C530,45,0.4572,20.573999999999998
STU9E8FB7,CRS1B2A91,TSK6A2373,75,0.2753,20.6475
STU9E8FB7,CRS1B2A91,TSK7BF1F6,70,0.0526,3.682
STU9E8FB7,CRS1B2A91,TSK8D11D0,74,0.0052,0.3848
STU9E8FB7,CRS1B2A91,TSK6E28FC,78,0.0637,4.9686
STU9E8FB7,CRS1B2A91,TSK1813A7,68,0.146,9.927999999999999
STU9E8FB7,CRS1B2A91,TSKD5C530,68,0.4572,31.0896
STU1A3E21,CRS1B2A91,TSK6A2373,28,0.2753,7.708399999999999
STU1A3E21,CRS1B2A91,TSK7BF1F6,52,0.0526,2.7352
STU1A3E21,CRS1B2A91,TSK8D11D0,53,0.0052,0.2756
STU1A3E21,CRS1B2A91,TSK6E28FC,55,0.0637,3.5035000000000003
STU1A3E21,CRS1B2A91,TSK1813A7,19,0.146,2.774
STU1A3E21,CRS1B2A91,TSKD5C530,41,0.4572,18.7452
STUB4C422,CRS1B2A91,TSK6A2373,72,0.2753,19.8216
STUB4C422,CRS1B2A91,TSK7BF1F6,69,0.0526,3.6294
STUB4C422,CRS1B2A91,TSK8D11D0,53,0.0052,0.2756
STUB4C422,CRS1B2A91,TSK6E28FC,86,0.0637,5.4782
STUB4C422,CRS1B2A91,TSK1813A7,55,0.146,8.03
STUB4C422,CRS1B2A91,TSKD5C530,71,0.4572,32.4612
STU081C58,CRS1B2A91,TSK6A2373,74,0.2753,20.3722
STU081C58,CRS1B2A91,TSK7BF1F6,85,0.0526,4.471
STU081C58,CRS1B2A91,TSK8D11D0,72,0.0052,0.37439999999999996
STU081C58,CRS1B2A91,TSK6E28FC,81,0.0637,5.159700000000001
STU081C58,CRS1B2A91,TSK1813A7,62,0.146,9.052
STU081C58,CRS1B2A91,TSKD5C530,89,0.4572,40.6908
STU9FE005,CRS1B2A91,TSK6A2373,30,0.2753,8.259
STU9FE005,CRS1B2A91,TSK7BF1F6,44,0.0526,2.3144
STU9FE005,CRS1B2A91,TSK8D11D0,53,0.0052,0.2756
STU9FE005,CRS1B2A91,TSK6E28FC,40,0.0637,2.548
STU9FE005,CRS1B2A91,TSK1813A7,45,0.146,6.569999999999999
STU9FE005,CRS1B2A91,TSKD5C530,21,0.4572,9.6012
STU372A9A,CRS1B2A91,TSK6A2373,0,0.2753,0.0
STU372A9A,CRS1B2A91,TSK7BF1F6,26,0.0526,1.3676
STU372A9A,CRS1B2A91,TSK8D11D0,0,0.0052,0.0
STU372A9A,CRS1B2A91,TSK6E28FC,29,0.0637,1.8473000000000002
STU372A9A,CRS1B2A91,TSK1813A7,0,0.146,0.0
STU372A9A,CRS1B2A91,TSKD5C530,0,0.4572,0.0
STUF9C581,CRS1B2A91,TSK6A2373,75,0.2753,20.6475
STUF9C581,CRS1B2A91,TSK7BF1F6,82,0.0526,4.3132
STUF9C581,CRS1B2A91,TSK8D11D0,97,0.0052,0.5044
STUF9C581,CRS1B2A91,TSK6E28FC,89,0.0637,5.669300000000001
STUF9C581,CRS1B2A91,TSK1813A7,90,0.146,13.139999999999999
STUF9C581,CRS1B2A91,TSKD5C530,89,0.4572,40.6908
STU915B12,CRS1B2A91,TSK6A2373,35,0.2753,9.6355
STU915B12,CRS1B2A91,TSK7BF1F6,0,0.0526,0.0
STU915B12,CRS1B2A91,TSK8D11D0,0,0.0052,0.0
STU915B12,CRS1B2A91,TSK6E28FC,0,0.0637,0.0
STU915B12,CRS1B2A91,TSK1813A7,0,0.146,0.0
STU915B12,CRS1B2A91,TSKD5C530,0,0.4572,0.0
STU727682,CRS1B2A91,TSK6A2373,46,0.2753,12.6638
STU727682,CRS1B2A91,TSK7BF1F6,45,0.0526,2.367
STU727682,CRS1B2A91,TSK8D11D0,62,0.0052,0.32239999999999996
STU727682,CRS1B2A91,TSK6E28FC,60,0.0637,3.8220000000000005
STU727682,CRS1B2A91,TSK1813A7,56,0.146,8.176
STU727682,CRS1B2A91,TSKD5C530,57,0.4572,26.0604
STU46546B,CRS1B2A91,TSK6A2373,91,0.2753,25.0523
STU46546B,CRS1B2A91,TSK7BF1F6,73,0.0526,3.8398
STU46546B,CRS1B2A91,TSK8D11D0,82,0.0052,0.4264
STU46546B,CRS1B2A91,TSK6E28FC,81,0.0637,5.159700000000001
STU46546B,CRS1B2A91,TSK1813A7,73,0.146,10.658
STU46546B,CRS1B2A91,TSKD5C530,88,0.4572,40.2336
STU404AB6,CRS1B2A91,TSK6A2373,92,0.2753,25.3276
STU404AB6,CRS1B2A91,TSK7BF1F6,88,0.0526,4.6288
STU404AB6,CRS1B2A91,TSK8D11D0,87,0.0052,0.45239999999999997
STU404AB6,CRS1B2A91,TSK6E28FC,91,0.0637,5.7967
STU404AB6,CRS1B2A91,TSK1813A7,89,0.146,12.994
STU404AB6,CRS1B2A91,TSKD5C530,80,0.4572,36.576
STU23D411,CRS1B2A91,TSK6A2373,90,0.2753,24.776999999999997
STU23D411,CRS1B2A91,TSK7BF1F6,100,0.0526,5.26
STU23D411,CRS1B2A91,TSK8D11D0,95,0.0052,0.494
STU23D411,CRS1B2A91,TSK6E28FC,100,0.0637,6.370000000000001
STU23D411,CRS1B2A91,TSK1813A7,100,0.146,14.6
STU23D411,CRS1B2A91,TSKD5C530,100,0.4572,45.72
STU59B02A,CRS1B2A91,TSK6A2373,31,0.2753,8.5343
STU59B02A,CRS1B2A91,TSK7BF1F6,35,0.0526,1.841
STU59B02A,CRS1B2A91,TSK8D11D0,53,0.0052,0.2756
STU59B02A,CRS1B2A91,TSK6E28FC,43,0.0637,2.7391
STU59B02A,CRS1B2A91,TSK1813A7,38,0.146,5.548
STU59B02A,CRS1B2A91,TSKD5C530,38,0.4572,17.3736
STU57B79A,CRS1B2A91,TSK6A2373,0,0.2753,0.0
STU57B79A,CRS1B2A91,TSK7BF1F6,0,0.0526,0.0
STU57B79A,CRS1B2A91,TSK8D11D0,0,0.0052,0.0
STU57B79A,CRS1B2A91,TSK6E28FC,50,0.0637,3.1850000000000005
STU57B79A,CRS1B2A91,TSK1813A7,0,0.146,0.0
STU57B79A,CRS1B2A91,TSKD5C530,0,0.4572,0.0
STU8EAE7E,CRS1B2A91,TSK6A2373,0,0.2753,0.0
STU8EAE7E,CRS1B2A91,TSK7BF1F6,0,0.0526,0.0
STU8EAE7E,CRS1B2A91,TSK8D11D0,0,0.0052,0.0
STU8EAE7E,CRS1B2A91,TSK6E28FC,34,0.0637,2.1658000000000004
STU8EAE7E,CRS1B2A91,TSK1813A7,0,0.146,0.0
STU8EAE7E,CRS1B2A91,TSKD5C530,54,0.4572,24.6888
STU200B95,CRS1B2A91,TSK6A2373,34,0.2753,9.360199999999999
STU200B95,CRS1B2A91,TSK7BF1F6,44,0.0526,2.3144
STU200B95,CRS1B2A91,TSK8D11D0,40,0.0052,0.208
STU200B95,CRS1B2A91,TSK6E28FC,31,0.0637,1.9747000000000001
STU200B95,CRS1B2A91,TSK1813A7,51,0.146,7.446
STU200B95,CRS1B2A91,TSKD5C530,46,0.4572,21.0312
STU5AFA93,CRS1B2A91,TSK6A2373,62,0.2753,17.0686
STU5AFA93,CRS1B2A91,TSK7BF1F6,74,0.0526,3.8924
STU5AFA93,CRS1B2A91,TSK8D11D0,68,0.0052,0.35359999999999997
STU5AFA93,CRS1B2A91,TSK6E28FC,70,0.0637,4.4590000000000005
STU5AFA93,CRS1B2A91,TSK1813A7,73,0.146,10.658
STU5AFA93,CRS1B2A91,TSKD5C530,65,0.4572,29.718
STUA7053C,CRS1B2A91,TSK6A2373,0,0.2753,0.0
STUA7053C,CRS1B2A91,TSK7BF1F6,0,0.0526,0.0
STUA7053C,CRS1B2A91,TSK8D11D0,0,0.0052,0.0
STUA7053C,CRS1B2A91,TSK6E28FC,40,0.0637,2.548
STUA7053C,CRS1B2A91,TSK1813A7,0,0.146,0.0
STUA7053C,CRS1B2A91,TSKD5C530,0,0.4572,0.0
STUF628F5,CRS1B2A91,TSK6A2373,96,0.2753,26.4288
STUF628F5,CRS1B2A91,TSK7BF1F6,77,0.0526,4.0502
STUF628F5,CRS1B2A91,TSK8D11D0,67,0.0052,0.3484
STUF628F5,CRS1B2A91,TSK6E28FC,79,0.0637,5.0323
STUF628F5,CRS1B2A91,TSK1813A7,68,0.146,9.927999999999999
STUF628F5,CRS1B2A91,TSKD5C530,72,0.4572,32.9184
STU8C6EEC,CRS1B2A91,TSK6A2373,77,0.2753,21.1981
STU8C6EEC,CRS1B2A91,TSK7BF1F6,58,0.0526,3.0508
STU8C6EEC,CRS1B2A91,TSK8D11D0,43,0.0052,0.2236
STU8C6EEC,CRS1B2A91,TSK6E28FC,64,0.0637,4.0768
STU8C6EEC,CRS1B2A91,TSK1813A7,57,0.146,8.322
STU8C6EEC,CRS1B2A91,TSKD5C530,59,0.4572,26.9748
STU24D008,CRS1B2A91,TSK6A2373,26,0.2753,7.1578
STU24D008,CRS1B2A91,TSK7BF1F6,29,0.0526,1.5254
STU24D008,CRS1B2A91,TSK8D11D0,48,0.0052,0.2496
STU24D008,CRS1B2A91,TSK6E28FC,26,0.0637,1.6562000000000001
STU24D008,CRS1B2A91,TSK1813A7,47,0.146,6.861999999999999
STU24D008,CRS1B2A91,TSKD5C530,42,0.4572,19.2024
STU2BE616,CRS1B2A91,TSK6A2373,91,0.2753,25.0523
STU2BE616,CRS1B2A91,TSK7BF1F6,99,0.0526,5.2074
STU2BE616,CRS1B2A91,TSK8D11D0,70,0.0052,0.364
STU2BE616,CRS1B2A91,TSK6E28FC,69,0.0637,4.395300000000001
STU2BE616,CRS1B2A91,TSK1813A7,89,0.146,12.994
STU2BE616,CRS1B2A91,TSKD5C530,100,0.4572,45.72
STU223893,CRS1B2A91,TSK6A2373,40,0.2753,11.012
STU223893,CRS1B2A91,TSK7BF1F6,46,0.0526,2.4196
STU223893,CRS1B2A91,TSK8D11D0,40,0.0052,0.208
STU223893,CRS1B2A91,TSK6E28FC,39,0.0637,2.4843
STU223893,CRS1B2A91,TSK1813A7,34,0.146,4.9639999999999995
STU223893,CRS1B2A91,TSKD5C530,40,0.4572,18.288
STU6C30AC,CRS1B2A91,TSK6A2373,0,0.2753,0.0
STU6C30AC,CRS1B2A91,TSK7BF1F6,50,0.0526,2.63
STU6C30AC,CRS1B2A91,TSK8D11D0,45,0.0052,0.23399999999999999
STU6C30AC,CRS1B2A91,TSK6E28FC,0,0.0637,0.0
STU6C30AC,CRS1B2A91,TSK1813A7,0,0.146,0.0
STU6C30AC,CRS1B2A91,TSKD5C530,0,0.4572,0.0
STUCDF44D,CRS1B2A91,TSK6A2373,45,0.2753,12.388499999999999
STUCDF44D,CRS1B2A91,TSK7BF1F6,29,0.0526,1.5254
STUCDF44D,CRS1B2A91,TSK8D11D0,46,0.0052,0.2392
STUCDF44D,CRS1B2A91,TSK6E28FC,48,0.0637,3.0576000000000003
STUCDF44D,CRS1B2A91,TSK1813A7,26,0.146,3.796
STUCDF44D,CRS1B2A91,TSKD5C530,24,0.4572,10.9728
STU2DA4FB,CRSDF408F,TSK369729,100,0.1695,16.950000000000003
STU2DA4FB,CRSDF408F,TSK528822,100,0.1163,11.63
STU2DA4FB,CRSDF408F,TSK2AEDAD,98,0.7142,69.99159999999999
STU62C975,CRSDF408F,TSK369729,47,0.1695,7.966500000000001
STU62C975,CRSDF408F,TSK528822,0,0.1163,0.0
STU62C975,CRSDF408F,TSK2AEDAD,0,0.7142,0.0
STU948B03,CRSDF408F,TSK369729,90,0.1695,15.255
STU948B03,CRSDF408F,TSK528822,83,0.1163,9.6529
STU948B03,CRSDF408F,TSK2AEDAD,78,0.7142,55.7076
STU763244,CRSDF408F,TSK369729,27,0.1695,4.5765
STU763244,CRSDF408F,TSK528822,40,0.1163,4.652
STU763244,CRSDF408F,TSK2AEDAD,32,0.7142,22.8544
STUDDFBBA,CRSDF408F,TSK369729,28,0.1695,4.746
STUDDFBBA,CRSDF408F,TSK528822,29,0.1163,3.3727
STUDDFBBA,CRSDF408F,TSK2AEDAD,35,0.7142,24.997
STU75B7A7,CRSDF408F,TSK369729,0,0.1695,0.0
STU75B7A7,CRSDF408F,TSK528822,47,0.1163,5.4661
STU75B7A7,CRSDF408F,TSK2AEDAD,42,0.7142,29.996399999999998
STUAA2D95,CRSDF408F,TSK369729,55,0.1695,9.3225
STUAA2D95,CRSDF408F,TSK528822,48,0.1163,5.5824
STUAA2D95,CRSDF408F,TSK2AEDAD,53,0.7142,37.852599999999995
STUA89A63,CRSDF408F,TSK369729,42,0.1695,7.119000000000001
STUA89A63,CRSDF408F,TSK528822,33,0.1163,3.8379
STUA89A63,CRSDF408F,TSK2AEDAD,79,0.7142,56.4218
STUC00F23,CRSDF408F,TSK369729,0,0.1695,0.0
STUC00F23,CRSDF408F,TSK528822,0,0.1163,0.0
STUC00F23,CRSDF408F,TSK2AEDAD,0,0.7142,0.0
STU2E782B,CRSDF408F,TSK369729,77,0.1695,13.0515
STU2E782B,CRSDF408F,TSK528822,77,0.1163,8.9551
STU2E782B,CRSDF408F,TSK2AEDAD,81,0.7142,57.850199999999994
STU1429A4,CRSDF408F,TSK369729,42,0.1695,7.119000000000001
STU1429A4,CRSDF408F,TSK528822,67,0.1163,7.7921000000000005
STU1429A4,CRSDF408F,TSK2AEDAD,79,0.7142,56.4218
STU0750A3,CRSDF408F,TSK369729,100,0.1695,16.950000000000003
STU0750A3,CRSDF408F,TSK528822,84,0.1163,9.7692
STU0750A3,CRSDF408F,TSK2AEDAD,83,0.7142,59.2786
STU08E37F,CRSDF408F,TSK369729,54,0.1695,9.153
STU08E37F,CRSDF408F,TSK528822,41,0.1163,4.7683
STU08E37F,CRSDF408F,TSK2AEDAD,30,0.7142,21.426
STU40ADC6,CRSDF408F,TSK369729,100,0.1695,16.950000000000003
STU40ADC6,CRSDF408F,TSK528822,84,0.1163,9.7692
STU40ADC6,CRSDF408F,TSK2AEDAD,80,0.7142,57.135999999999996
STUE2419C,CRSDF408F,TSK369729,51,0.1695,8.6445
STUE2419C,CRSDF408F,TSK528822,29,0.1163,3.3727
STUE2419C,CRSDF408F,TSK2AEDAD,32,0.7142,22.8544
STU432266,CRSDF408F,TSK369729,0,0.1695,0.0
STU432266,CRSDF408F,TSK528822,47,0.1163,5.4661
STU432266,CRSDF408F,TSK2AEDAD,42,0.7142,29.996399999999998
STU2BACF4,CRSDF408F,TSK369729,54,0.1695,9.153
STU2BACF4,CRSDF408F,TSK528822,34,0.1163,3.9542
STU2BACF4,CRSDF408F,TSK2AEDAD,34,0.7142,24.282799999999998
STU5E846C,CRSDF408F,TSK369729,69,0.1695,11.695500000000001
STU5E846C,CRSDF408F,TSK528822,56,0.1163,6.5128
STU5E846C,CRSDF408F,TSK2AEDAD,29,0.7142,20.711799999999997
STU030C9F,CRSDF408F,TSK369729,0,0.1695,0.0
STU030C9F,CRSDF408F,TSK528822,0,0.1163,0.0
STU030C9F,CRSDF408F,TSK2AEDAD,0,0.7142,0.0
STUCE6EBA,CRSDF408F,TSK369729,100,0.1695,16.950000000000003
STUCE6EBA,CRSDF408F,TSK528822,100,0.1163,11.63
STUCE6EBA,CRSDF408F,TSK2AEDAD,89,0.7142,63.56379999999999
STUE894E0,CRSDF408F,TSK369729,75,0.1695,12.7125
STUE894E0,CRSDF408F,TSK528822,85,0.1163,9.8855
STUE894E0,CRSDF408F,TSK2AEDAD,85,0.7142,60.706999999999994
STU48EBEC,CRSDF408F,TSK369729,0,0.1695,0.0
STU48EBEC,CRSDF408F,TSK528822,0,0.1163,0.0
STU48EBEC,CRSDF408F,TSK2AEDAD,0,0.7142,0.0
STUE1B9D3,CRSDF408F,TSK369729,85,0.1695,14.4075
STUE1B9D3,CRSDF408F,TSK528822,86,0.1163,10.0018
STUE1B9D3,CRSDF408F,TSK2AEDAD,78,0.7142,55.7076
STU8B035E,CRSDF408F,TSK369729,48,0.1695,8.136000000000001
STU8B035E,CRSDF408F,TSK528822,47,0.1163,5.4661
STU8B035E,CRSDF408F,TSK2AEDAD,57,0.7142,40.709399999999995
STUD350C3,CRSDF408F,TSK369729,46,0.1695,7.797000000000001
STUD350C3,CRSDF408F,TSK528822,43,0.1163,5.0009
STUD350C3,CRSDF408F,TSK2AEDAD,42,0.7142,29.996399999999998
STUDDD660,CRSDF408F,TSK369729,66,0.1695,11.187000000000001
STUDDD660,CRSDF408F,TSK528822,63,0.1163,7.3269
STUDDD660,CRSDF408F,TSK2AEDAD,68,0.7142,48.565599999999996
STU482FE8,CRSDF408F,TSK369729,78,0.1695,13.221
STU482FE8,CRSDF408F,TSK528822,79,0.1163,9.1877
STU482FE8,CRSDF408F,TSK2AEDAD,88,0.7142,62.849599999999995
STU2609DC,CRSDF408F,TSK369729,75,0.1695,12.7125
STU2609DC,CRSDF408F,TSK528822,89,0.1163,10.3507
STU2609DC,CRSDF408F,TSK2AEDAD,62,0.7142,44.2804
STUFFAAB5,CRSDF408F,TSK369729,85,0.1695,14.4075
STUFFAAB5,CRSDF408F,TSK528822,72,0.1163,8.3736
STUFFAAB5,CRSDF408F,TSK2AEDAD,67,0.7142,47.8514
STUF53CB3,CRSDF408F,TSK369729,76,0.1695,12.882000000000001
STUF53CB3,CRSDF408F,TSK528822,75,0.1163,8.7225
STUF53CB3,CRSDF408F,TSK2AEDAD,65,0.7142,46.422999999999995
STU8B5E7D,CRSDF408F,TSK369729,63,0.1695,10.678500000000001
STU8B5E7D,CRSDF408F,TSK528822,68,0.1163,7.9084
STU8B5E7D,CRSDF408F,TSK2AEDAD,66,0.7142,47.13719999999999
STU31745A,CRSDF408F,TSK369729,85,0.1695,14.4075
STU31745A,CRSDF408F,TSK528822,98,0.1163,11.3974
STU31745A,CRSDF408F,TSK2AEDAD,100,0.7142,71.41999999999999
STU7CF328,CRSDF408F,TSK369729,72,0.1695,12.204
STU7CF328,CRSDF408F,TSK528822,69,0.1163,8.0247
STU7CF328,CRSDF408F,TSK2AEDAD,83,0.7142,59.2786
STUE277B6,CRSDF408F,TSK369729,96,0.1695,16.272000000000002
STUE277B6,CRSDF408F,TSK528822,79,0.1163,9.1877
STUE277B6,CRSDF408F,TSK2AEDAD,92,0.7142,65.7064
STUBFCAE7,CRSDF408F,TSK369729,0,0.1695,0.0
STUBFCAE7,CRSDF408F,TSK528822,0,0.1163,0.0
STUBFCAE7,CRSDF408F,TSK2AEDAD,20,0.7142,14.283999999999999
STU47CFC3,CRSDF408F,TSK369729,0,0.1695,0.0
STU47CFC3,CRSDF408F,TSK528822,0,0.1163,0.0
STU47CFC3,CRSDF408F,TSK2AEDAD,60,0.7142,42.852
STU1FECA1,CRSDF408F,TSK369729,0,0.1695,0.0
STU1FECA1,CRSDF408F,TSK528822,0,0.1163,0.0
STU1FECA1,CRSDF408F,TSK2AEDAD,39,0.7142,27.8538
STU579FE0,CRSDF408F,TSK369729,70,0.1695,11.865
STU579FE0,CRSDF408F,TSK528822,56,0.1163,6.5128
STU579FE0,CRSDF408F,TSK2AEDAD,59,0.7142,42.1378
STUA4AFB3,CRSDF408F,TSK369729,57,0.1695,9.6615
STUA4AFB3,CRSDF408F,TSK528822,65,0.1163,7.5595
STUA4AFB3,CRSDF408F,TSK2AEDAD,64,0.7142,45.7088
STU66E2A2,CRSDF408F,TSK369729,99,0.1695,16.7805
STU66E2A2,CRSDF408F,TSK528822,78,0.1163,9.0714
STU66E2A2,CRSDF408F,TSK2AEDAD,77,0.7142,54.993399999999994
STUAD48A6,CRS873520,TSKCB2062,81,0.1817,14.7177
STUAD48A6,CRS873520,TSK376D8C,76,0.8183,62.1908
STU557921,CRS873520,TSKCB2062,50,0.1817,9.085
STU557921,CRS873520,TSK376D8C,44,0.8183,36.0052
STU31126E,CRS873520,TSKCB2062,25,0.1817,4.5425
STU31126E,CRS873520,TSK376D8C,39,0.8183,31.913700000000002
STU001C1A,CRS873520,TSKCB2062,69,0.1817,12.5373
STU001C1A,CRS873520,TSK376D8C,77,0.8183,63.009100000000004
STU3987AF,CRS873520,TSKCB2062,0,0.1817,0.0
STU3987AF,CRS873520,TSK376D8C,25,0.8183,20.4575
STU449953,CRS873520,TSKCB2062,84,0.1817,15.2628
STU449953,CRS873520,TSK376D8C,87,0.8183,71.1921
STU01670A,CRS873520,TSKCB2062,72,0.1817,13.0824
STU01670A,CRS873520,TSK376D8C,30,0.8183,24.549
STU24DCD6,CRS873520,TSKCB2062,99,0.1817,17.9883
STU24DCD6,CRS873520,TSK376D8C,86,0.8183,70.3738
STU2BFE6D,CRS873520,TSKCB2062,35,0.1817,6.3595
STU2BFE6D,CRS873520,TSK376D8C,41,0.8183,33.5503
STU76EF07,CRS873520,TSKCB2062,47,0.1817,8.5399
STU76EF07,CRS873520,TSK376D8C,43,0.8183,35.1869
STUD931D5,CRS873520,TSKCB2062,0,0.1817,0.0
STUD931D5,CRS873520,TSK376D8C,0,0.8183,0.0
STUD9937E,CRS873520,TSKCB2062,64,0.1817,11.6288
STUD9937E,CRS873520,TSK376D8C,94,0.8183,76.92020000000001
STUC0F632,CRS873520,TSKCB2062,49,0.1817,8.9033
STUC0F632,CRS873520,TSK376D8C,24,0.8183,19.639200000000002
STUFBE984,CRS873520,TSKCB2062,20,0.1817,3.634
STUFBE984,CRS873520,TSK376D8C,32,0.8183,26.1856
STUA38511,CRS873520,TSKCB2062,60,0.1817,10.902
STUA38511,CRS873520,TSK376D8C,76,0.8183,62.1908
STU517595,CRS873520,TSKCB2062,61,0.1817,11.0837
STU517595,CRS873520,TSK376D8C,59,0.8183,48.2797
STU6242B9,CRS873520,TSKCB2062,95,0.1817,17.2615
STU6242B9,CRS873520,TSK376D8C,59,0.8183,48.2797
STUD1FF62,CRS873520,TSKCB2062,71,0.1817,12.9007
STUD1FF62,CRS873520,TSK376D8C,33,0.8183,27.0039
STU8F2AC1,CRS873520,TSKCB2062,27,0.1817,4.9059
STU8F2AC1,CRS873520,TSK376D8C,49,0.8183,40.0967
STU5CFE7A,CRS873520,TSKCB2062,40,0.1817,7.268
STU5CFE7A,CRS873520,TSK376D8C,49,0.8183,40.0967
STU44E747,CRS873520,TSKCB2062,0,0.1817,0.0
STU44E747,CRS873520,TSK376D8C,1,0.8183,0.8183
STUDD03FB,CRS873520,TSKCB2062,81,0.1817,14.7177
STUDD03FB,CRS873520,TSK376D8C,95,0.8183,77.7385
STUEF3987,CRS873520,TSKCB2062,53,0.1817,9.6301
STUEF3987,CRS873520,TSK376D8C,56,0.8183,45.8248
STU500A96,CRS873520,TSKCB2062,87,0.1817,15.8079
STU500A96,CRS873520,TSK376D8C,75,0.8183,61.3725
STUF42DCD,CRS873520,TSKCB2062,82,0.1817,14.8994
STUF42DCD,CRS873520,TSK376D8C,47,0.8183,38.460100000000004
STUD08F7A,CRS873520,TSKCB2062,0,0.1817,0.0
STUD08F7A,CRS873520,TSK376D8C,47,0.8183,38.460100000000004
STU369953,CRS873520,TSKCB2062,88,0.1817,15.9896
STU369953,CRS873520,TSK376D8C,82,0.8183,67.1006
STUEFD47B,CRS873520,TSKCB2062,0,0.1817,0.0
STUEFD47B,CRS873520,TSK376D8C,0,0.8183,0.0
STU346F91,CRS873520,TSKCB2062,40,0.1817,7.268
STU346F91,CRS873520,TSK376D8C,37,0.8183,30.2771
STUADA013,CRS873520,TSKCB2062,0,0.1817,0.0
STUADA013,CRS873520,TSK376D8C,0,0.8183,0.0
STU6CED53,CRS873520,TSKCB2062,29,0.1817,5.2693
STU6CED53,CRS873520,TSK376D8C,27,0.8183,22.0941
STUD0235D,CRS873520,TSKCB2062,82,0.1817,14.8994
STUD0235D,CRS873520,TSK376D8C,80,0.8183,65.464
STU13B118,CRS873520,TSKCB2062,74,0.1817,13.4458
STU13B118,CRS873520,TSK376D8C,0,0.8183,0.0
STU788221,CRS873520,TSKCB2062,52,0.1817,9.4484
STU788221,CRS873520,TSK376D8C,0,0.8183,0.0
STU93A842,CRS873520,TSKCB2062,67,0.1817,12.1739
STU93A842,CRS873520,TSK376D8C,66,0.8183,54.0078
STU18228D,CRS873520,TSKCB2062,0,0.1817,0.0
STU18228D,CRS873520,TSK376D8C,0,0.8183,0.0
STU36EEED,CRS873520,TSKCB2062,32,0.1817,5.8144
STU36EEED,CRS873520,TSK376D8C,0,0.8183,0.0
STU323218,CRS873520,TSKCB2062,79,0.1817,14.3543
STU323218,CRS873520,TSK376D8C,84,0.8183,68.7372
STU0EB630,CRS873520,TSKCB2062,25,0.1817,4.5425
STU0EB630,CRS873520,TSK376D8C,16,0.8183,13.0928
STUDB5FE0,CRS873520,TSKCB2062,0,0.1817,0.0
STUDB5FE0,CRS873520,TSK376D8C,10,0.8183,8.183
STUDF21C5,CRS64A185,TSKACBC86,23,0.9254,21.2842
STUDF21C5,CRS64A185,TSK380CC8,35,0.0746,2.6109999999999998
STU8665C3,CRS64A185,TSKACBC86,56,0.9254,51.8224
STU8665C3,CRS64A185,TSK380CC8,58,0.0746,4.3268
STU47928C,CRS64A185,TSKACBC86,55,0.9254,50.897
STU47928C,CRS64A185,TSK380CC8,33,0.0746,2.4618
STU36EEED,CRS64A185,TSKACBC86,28,0.9254,25.9112
STU36EEED,CRS64A185,TSK380CC8,33,0.0746,2.4618
STUE72845,CRS64A185,TSKACBC86,81,0.9254,74.9574
STUE72845,CRS64A185,TSK380CC8,78,0.0746,5.8187999999999995
STU98EA27,CRS64A185,TSKACBC86,0,0.9254,0.0
STU98EA27,CRS64A185,TSK380CC8,0,0.0746,0.0
STU2E8F2B,CRS64A185,TSKACBC86,0,0.9254,0.0
STU2E8F2B,CRS64A185,TSK380CC8,0,0.0746,0.0
STU959F4F,CRS64A185,TSKACBC86,57,0.9254,52.7478
STU959F4F,CRS64A185,TSK380CC8,49,0.0746,3.6554
STUB4EE36,CRS64A185,TSKACBC86,0,0.9254,0.0
STUB4EE36,CRS64A185,TSK380CC8,30,0.0746,2.238
STU2040C9,CRS64A185,TSKACBC86,27,0.9254,24.9858
STU2040C9,CRS64A185,TSK380CC8,41,0.0746,3.0586
STU4791A2,CRS64A185,TSKACBC86,36,0.9254,33.3144
STU4791A2,CRS64A185,TSK380CC8,20,0.0746,1.492
STUF96557,CRS64A185,TSKACBC86,86,0.9254,79.5844
STUF96557,CRS64A185,TSK380CC8,77,0.0746,5.7442
STU5313DE,CRS64A185,TSKACBC86,100,0.9254,92.54
STU5313DE,CRS64A185,TSK380CC8,100,0.0746,7.46
STU7AB484,CRS64A185,TSKACBC86,48,0.9254,44.419200000000004
STU7AB484,CRS64A185,TSK380CC8,69,0.0746,5.1474
STU232488,CRS64A185,TSKACBC86,0,0.9254,0.0
STU232488,CRS64A185,TSK380CC8,28,0.0746,2.0888
STUED3F1B,CRS64A185,TSKACBC86,67,0.9254,62.0018
STUED3F1B,CRS64A185,TSK380CC8,86,0.0746,6.4155999999999995
STU440DBF,CRS64A185,TSKACBC86,68,0.9254,62.9272
STU440DBF,CRS64A185,TSK380CC8,87,0.0746,6.4902
STUF7D263,CRS64A185,TSKACBC86,88,0.9254,81.4352
STUF7D263,CRS64A185,TSK380CC8,100,0.0746,7.46
STUB1F0D9,CRS64A185,TSKACBC86,95,0.9254,87.913
STUB1F0D9,CRS64A185,TSK380CC8,83,0.0746,6.1918
STUB8ED24,CRS64A185,TSKACBC86,34,0.9254,31.4636
STUB8ED24,CRS64A185,TSK380CC8,50,0.0746,3.73
STU5E8B56,CRS64A185,TSKACBC86,57,0.9254,52.7478
STU5E8B56,CRS64A185,TSK380CC8,69,0.0746,5.1474
STU9340CC,CRS64A185,TSKACBC86,66,0.9254,61.0764
STU9340CC,CRS64A185,TSK380CC8,56,0.0746,4.1776
STUD248FF,CRS64A185,TSKACBC86,30,0.9254,27.762
STUD248FF,CRS64A185,TSK380CC8,48,0.0746,3.5808
STU055905,CRS64A185,TSKACBC86,78,0.9254,72.1812
STU055905,CRS64A185,TSK380CC8,84,0.0746,6.2664
STUF1BB8A,CRS64A185,TSKACBC86,52,0.9254,48.1208
STUF1BB8A,CRS64A185,TSK380CC8,58,0.0746,4.3268
STU46164A,CRS64A185,TSKACBC86,100,0.9254,92.54
STU46164A,CRS64A185,TSK380CC8,100,0.0746,7.46
STU5F0E6A,CRS64A185,TSKACBC86,79,0.9254,73.1066
STU5F0E6A,CRS64A185,TSK380CC8,92,0.0746,6.8632
STU5A5D80,CRS64A185,TSKACBC86,83,0.9254,76.8082
STU5A5D80,CRS64A185,TSK380CC8,70,0.0746,5.2219999999999995
STUB880A4,CRS64A185,TSKACBC86,62,0.9254,57.3748
STUB880A4,CRS64A185,TSK380CC8,66,0.0746,4.9236
STU7F9973,CRS64A185,TSKACBC86,89,0.9254,82.3606
STU7F9973,CRS64A185,TSK380CC8,88,0.0746,6.5648
STU30B431,CRS64A185,TSKACBC86,44,0.9254,40.7176
STU30B431,CRS64A185,TSK380CC8,49,0.0746,3.6554
STUF4171F,CRS64A185,TSKACBC86,100,0.9254,92.54
STUF4171F,CRS64A185,TSK380CC8,83,0.0746,6.1918
STU8A49BF,CRS64A185,TSKACBC86,0,0.9254,0.0
STU8A49BF,CRS64A185,TSK380CC8,51,0.0746,3.8045999999999998
STUA73231,CRS64A185,TSKACBC86,50,0.9254,46.27
STUA73231,CRS64A185,TSK380CC8,0,0.0746,0.0
STUEFCFC2,CRS64A185,TSKACBC86,0,0.9254,0.0
STUEFCFC2,CRS64A185,TSK380CC8,38,0.0746,2.8348
STUF0D635,CRS64A185,TSKACBC86,86,0.9254,79.5844
STUF0D635,CRS64A185,TSK380CC8,79,0.0746,5.8934
STUCC7B6E,CRS64A185,TSKACBC86,28,0.9254,25.9112
STUCC7B6E,CRS64A185,TSK380CC8,0,0.0746,0.0
STU5C385E,CRS64A185,TSKACBC86,0,0.9254,0.0
STU5C385E,CRS64A185,TSK380CC8,0,0.0746,0.0
STU37EC80,CRS64A185,TSKACBC86,0,0.9254,0.0
STU37EC80,CRS64A185,TSK380CC8,0,0.0746,0.0
STU1DF99E,CRS64A185,TSKACBC86,59,0.9254,54.5986
STU1DF99E,CRS64A185,TSK380CC8,29,0.0746,2.1634
STU9CE804,CRSDD8532,TSK29479F,71,1.0,71.0
STUB0C743,CRSDD8532,TSK29479F,76,1.0,76.0
STU28B806,CRSDD8532,TSK29479F,0,1.0,0.0
STU06C92E,CRSDD8532,TSK29479F,76,1.0,76.0
STU3AE6EA,CRSDD8532,TSK29479F,0,1.0,0.0
STUCC0064,CRSDD8532,TSK29479F,20,1.0,20.0
STUF5DCB7,CRSDD8532,TSK29479F,92,1.0,92.0
STU161510,CRSDD8532,TSK29479F,49,1.0,49.0
STUE58725,CRSDD8532,TSK29479F,68,1.0,68.0
STU2FAB14,CRSDD8532,TSK29479F,85,1.0,85.0
STU6BA4C2,CRSDD8532,TSK29479F,62,1.0,62.0
STU224472,CRSDD8532,TSK29479F,70,1.0,70.0
STU04145F,CRSDD8532,TSK29479F,15,1.0,15.0
STUAB0FEC,CRSDD8532,TSK29479F,0,1.0,0.0
STUBD7456,CRSDD8532,TSK29479F,68,1.0,68.0
STU930116,CRSDD8532,TSK29479F,84,1.0,84.0
STU13FE86,CRSDD8532,TSK29479F,80,1.0,80.0
STU07EFBD,CRSDD8532,TSK29479F,45,1.0,45.0
STUEDD961,CRSDD8532,TSK29479F,100,1.0,100.0
STU2B5B07,CRSDD8532,TSK29479F,0,1.0,0.0
STU1B4F19,CRSDD8532,TSK29479F,73,1.0,73.0
STUB907AB,CRSDD8532,TSK29479F,84,1.0,84.0
STU0B9304,CRSDD8532,TSK29479F,100,1.0,100.0
STUED5852,CRSDD8532,TSK29479F,72,1.0,72.0
STU9AACFA,CRSDD8532,TSK29479F,85,1.0,85.0
STU8AA994,CRSDD8532,TSK29479F,81,1.0,81.0
STUB278A7,CRSDD8532,TSK29479F,40,1.0,40.0
STUF1E6B8,CRSDD8532,TSK29479F,29,1.0,29.0
STUBE192E,CRSDD8532,TSK29479F,43,1.0,43.0
STU9EEE9F,CRSDD8532,TSK29479F,79,1.0,79.0
STU8D9834,CRSDD8532,TSK29479F,100,1.0,100.0
STU896CD5,CRSDD8532,TSK29479F,100,1.0,100.0
STUA7DF06,CRSDD8532,TSK29479F,73,1.0,73.0
STU407610,CRSDD8532,TSK29479F,93,1.0,93.0
STU68B55F,CRSDD8532,TSK29479F,58,1.0,58.0
STUF42DCD,CRSDD8532,TSK29479F,0,1.0,0.0
STU4DDC5D,CRSDD8532,TSK29479F,88,1.0,88.0
STUBF0A9B,CRSDD8532,TSK29479F,80,1.0,80.0
STU2CC7F6,CRSDD8532,TSK29479F,0,1.0,0.0
STUE90219,CRSDD8532,TSK29479F,15,1.0,15.0
STU995DAE,CRSCCEF31,TSK1D3B14,62,1.0,62.0
STU71568B,CRSCCEF31,TSK1D3B14,73,1.0,73.0
STU87C070,CRSCCEF31,TSK1D3B14,63,1.0,63.0
STU71E44A,CRSCCEF31,TSK1D3B14,68,1.0,68.0
STU7E7CE6,CRSCCEF31,TSK1D3B14,46,1.0,46.0
STUE8FA28,CRSCCEF31,TSK1D3B14,66,1.0,66.0
STU8E6C29,CRSCCEF31,TSK1D3B14,0,1.0,0.0
STU27D4AC,CRSCCEF31,TSK1D3B14,82,1.0,82.0
STU855F09,CRSCCEF31,TSK1D3B14,28,1.0,28.0
STU476C9A,CRSCCEF31,TSK1D3B14,45,1.0,45.0
STU72F936,CRSCCEF31,TSK1D3B14,0,1.0,0.0
STU51C69F,CRSCCEF31,TSK1D3B14,53,1.0,53.0
STU742A7A,CRSCCEF31,TSK1D3B14,64,1.0,64.0
STU296994,CRSCCEF31,TSK1D3B14,0,1.0,0.0
STU1FD41C,CRSCCEF31,TSK1D3B14,68,1.0,68.0
STU42B82E,CRSCCEF31,TSK1D3B14,93,1.0,93.0
STU8C936E,CRSCCEF31,TSK1D3B14,66,1.0,66.0
STUCCF0E6,CRSCCEF31,TSK1D3B14,96,1.0,96.0
STU462544,CRSCCEF31,TSK1D3B14,94,1.0,94.0
STU7B41D3,CRSCCEF31,TSK1D3B14,90,1.0,90.0
STU1994C2,CRSCCEF31,TSK1D3B14,71,1.0,71.0
STU61EC26,CRSCCEF31,TSK1D3B14,36,1.0,36.0
STUA575B8,CRSCCEF31,TSK1D3B14,0,1.0,0.0
STU1712BF,CRSCCEF31,TSK1D3B14,0,1.0,0.0
STUD3294C,CRSCCEF31,TSK1D3B14,15,1.0,15.0
STU7DBA98,CRSCCEF31,TSK1D3B14,74,1.0,74.0
STU4A8793,CRSCCEF31,TSK1D3B14,29,1.0,29.0
STU3E3C1A,CRSCCEF31,TSK1D3B14,17,1.0,17.0
STUC428D9,CRSCCEF31,TSK1D3B14,100,1.0,100.0
STUB6CBDF,CRSCCEF31,TSK1D3B14,50,1.0,50.0
STU3B4D34,CRSCCEF31,TSK1D3B14,76,1.0,76.0
STU8E368D,CRSCCEF31,TSK1D3B14,50,1.0,50.0
STU6C9277,CRSCCEF31,TSK1D3B14,0,1.0,0.0
STUA38165,CRSCCEF31,TSK1D3B14,100,1.0,100.0
STU7A45C0,CRSCCEF31,TSK1D3B14,63,1.0,63.0
STU00641A,CRSCCEF31,TSK1D3B14,36,1.0,36.0
STUC9F0B3,CRSCCEF31,TSK1D3B14,36,1.0,36.0
STU69A43A,CRSCCEF31,TSK1D3B14,22,1.0,22.0
STU4A67C4,CRSCCEF31,TSK1D3B14,79,1.0,79.0
STUF4B701,CRSCCEF31,TSK1D3B14,18,1.0,18.0
STU5909DC,CRSABDECA,TSKCB1702,100,1.0,100.0
STU4C8256,CRSABDECA,TSKCB1702,91,1.0,91.0
STUC7E189,CRSABDECA,TSKCB1702,69,1.0,69.0
STU4D0E2C,CRSABDECA,TSKCB1702,18,1.0,18.0
STU530EC3,CRSABDECA,TSKCB1702,57,1.0,57.0
STU415990,CRSABDECA,TSKCB1702,56,1.0,56.0
STUCC767F,CRSABDECA,TSKCB1702,100,1.0,100.0
STU7B6CA1,CRSABDECA,TSKCB1702,0,1.0,0.0
STU6B9D3C,CRSABDECA,TSKCB1702,0,1.0,0.0
STU246FEC,CRSABDECA,TSKCB1702,68,1.0,68.0
STU446420,CRSABDECA,TSKCB1702,72,1.0,72.0
STUB924A1,CRSABDECA,TSKCB1702,89,1.0,89.0
STU8EEAB5,CRSABDECA,TSKCB1702,81,1.0,81.0
STU083906,CRSABDECA,TSKCB1702,0,1.0,0.0
STU41DA65,CRSABDECA,TSKCB1702,29,1.0,29.0
STUC0FBB4,CRSABDECA,TSKCB1702,79,1.0,79.0
STUC4851C,CRSABDECA,TSKCB1702,0,1.0,0.0
STUD5F21F,CRSABDECA,TSKCB1702,84,1.0,84.0
STU1D0B11,CRSABDECA,TSKCB1702,8,1.0,8.0
STU727F2D,CRSABDECA,TSKCB1702,36,1.0,36.0
STU115965,CRSABDECA,TSKCB1702,0,1.0,0.0
STU628197,CRSABDECA,TSKCB1702,61,1.0,61.0
STU93132C,CRSABDECA,TSKCB1702,65,1.0,65.0
STUC5A4BB,CRSABDECA,TSKCB1702,62,1.0,62.0
STU6FCD0A,CRSABDECA,TSKCB1702,55,1.0,55.0
STU29954F,CRSABDECA,TSKCB1702,80,1.0,80.0
STU34A838,CRSABDECA,TSKCB1702,0,1.0,0.0
STU8C4A3B,CRSABDECA,TSKCB1702,26,1.0,26.0
STU4803B6,CRSABDECA,TSKCB1702,51,1.0,51.0
STU322BAF,CRSABDECA,TSKCB1702,23,1.0,23.0
STUD54513,CRSABDECA,TSKCB1702,11,1.0,11.0
STU3032BE,CRSABDECA,TSKCB1702,43,1.0,43.0
STUDE469A,CRSABDECA,TSKCB1702,84,1.0,84.0
STUB5231A,CRSABDECA,TSKCB1702,53,1.0,53.0
STUE3CF62,CRSABDECA,TSKCB1702,70,1.0,70.0
STUC01580,CRSABDECA,TSKCB1702,100,1.0,100.0
STU67F71F,CRSABDECA,TSKCB1702,50,1.0,50.0
STU93A0B1,CRSABDECA,TSKCB1702,78,1.0,78.0
STUA6A9F1,CRSABDECA,TSKCB1702,64,1.0,64.0
STU4F13C2,CRSABDECA,TSKCB1702,59,1.0,59.0
STU1CDA8F,CRSC4CA25,TSK7A4BAF,28,0.6001,16.802799999999998
STU1CDA8F,CRSC4CA25,TSKF3B6AB,49,0.063,3.087
STU1CDA8F,CRSC4CA25,TSK3E1ED5,66,0.3369,22.2354
STU7CC69B,CRSC4CA25,TSK7A4BAF,27,0.6001,16.2027
STU7CC69B,CRSC4CA25,TSKF3B6AB,28,0.063,1.764
STU7CC69B,CRSC4CA25,TSK3E1ED5,45,0.3369,15.160499999999999
STU8D9167,CRSC4CA25,TSK7A4BAF,73,0.6001,43.8073
STU8D9167,CRSC4CA25,TSKF3B6AB,64,0.063,4.032
STU8D9167,CRSC4CA25,TSK3E1ED5,42,0.3369,14.149799999999999
STUC76BC6,CRSC4CA25,TSK7A4BAF,94,0.6001,56.4094
STUC76BC6,CRSC4CA25,TSKF3B6AB,99,0.063,6.237
STUC76BC6,CRSC4CA25,TSK3E1ED5,83,0.3369,27.962699999999998
STUDAA569,CRSC4CA25,TSK7A4BAF,26,0.6001,15.602599999999999
STUDAA569,CRSC4CA25,TSKF3B6AB,43,0.063,2.709
STUDAA569,CRSC4CA25,TSK3E1ED5,44,0.3369,14.823599999999999
STU235773,CRSC4CA25,TSK7A4BAF,50,0.6001,30.005
STU235773,CRSC4CA25,TSKF3B6AB,27,0.063,1.701
STU235773,CRSC4CA25,TSK3E1ED5,41,0.3369,13.812899999999999
STUA0EE69,CRSC4CA25,TSK7A4BAF,0,0.6001,0.0
STUA0EE69,CRSC4CA25,TSKF3B6AB,0,0.063,0.0
STUA0EE69,CRSC4CA25,TSK3E1ED5,0,0.3369,0.0
STUB0392F,CRSC4CA25,TSK7A4BAF,35,0.6001,21.0035
STUB0392F,CRSC4CA25,TSKF3B6AB,42,0.063,2.646
STUB0392F,CRSC4CA25,TSK3E1ED5,35,0.3369,11.7915
STU09E465,CRSC4CA25,TSK7A4BAF,18,0.6001,10.8018
STU09E465,CRSC4CA25,TSKF3B6AB,24,0.063,1.512
STU09E465,CRSC4CA25,TSK3E1ED5,39,0.3369,13.1391
STUB1FFA7,CRSC4CA25,TSK7A4BAF,100,0.6001,60.01
STUB1FFA7,CRSC4CA25,TSKF3B6AB,100,0.063,6.3
STUB1FFA7,CRSC4CA25,TSK3E1ED5,92,0.3369,30.994799999999998
STUE259B6,CRSC4CA25,TSK7A4BAF,0,0.6001,0.0
STUE259B6,CRSC4CA25,TSKF3B6AB,0,0.063,0.0
STUE259B6,CRSC4CA25,TSK3E1ED5,13,0.3369,4.3797
STU220A69,CRSC4CA25,TSK7A4BAF,0,0.6001,0.0
STU220A69,CRSC4CA25,TSKF3B6AB,0,0.063,0.0
STU220A69,CRSC4CA25,TSK3E1ED5,0,0.3369,0.0
STU7731DE,CRSC4CA25,TSK7A4BAF,99,0.6001,59.40989999999999
STU7731DE,CRSC4CA25,TSKF3B6AB,86,0.063,5.418
STU7731DE,CRSC4CA25,TSK3E1ED5,100,0.3369,33.69
STU31096E,CRSC4CA25,TSK7A4BAF,48,0.6001,28.8048
STU31096E,CRSC4CA25,TSKF3B6AB,50,0.063,3.15
STU31096E,CRSC4CA25,TSK3E1ED5,74,0.3369,24.9306
STU947FAF,CRSC4CA25,TSK7A4BAF,100,0.6001,60.01
STU947FAF,CRSC4CA25,TSKF3B6AB,98,0.063,6.174
STU947FAF,CRSC4CA25,TSK3E1ED5,81,0.3369,27.288899999999998
STU62113F,CRSC4CA25,TSK7A4BAF,0,0.6001,0.0
STU62113F,CRSC4CA25,TSKF3B6AB,35,0.063,2.205
STU62113F,CRSC4CA25,TSK3E1ED5,0,0.3369,0.0
STUC5BA4B,CRSC4CA25,TSK7A4BAF,25,0.6001,15.0025
STUC5BA4B,CRSC4CA25,TSKF3B6AB,0,0.063,0.0
STUC5BA4B,CRSC4CA25,TSK3E1ED5,0,0.3369,0.0
STU472F3F,CRSC4CA25,TSK7A4BAF,0,0.6001,0.0
STU472F3F,CRSC4CA25,TSKF3B6AB,0,0.063,0.0
STU472F3F,CRSC4CA25,TSK3E1ED5,0,0.3369,0.0
STU8094E0,CRSC4CA25,TSK7A4BAF,53,0.6001,31.8053
STU8094E0,CRSC4CA25,TSKF3B6AB,66,0.063,4.158
STU8094E0,CRSC4CA25,TSK3E1ED5,56,0.3369,18.8664
STU3D8DEB,CRSC4CA25,TSK7A4BAF,74,0.6001,44.407399999999996
STU3D8DEB,CRSC4CA25,TSKF3B6AB,71,0.063,4.473
STU3D8DEB,CRSC4CA25,TSK3E1ED5,63,0.3369,21.2247
STUA27F37,CRSC4CA25,TSK7A4BAF,14,0.6001,8.401399999999999
STUA27F37,CRSC4CA25,TSKF3B6AB,41,0.063,2.583
STUA27F37,CRSC4CA25,TSK3E1ED5,32,0.3369,10.7808
STUD73E01,CRSC4CA25,TSK7A4BAF,42,0.6001,25.2042
STUD73E01,CRSC4CA25,TSKF3B6AB,56,0.063,3.528
STUD73E01,CRSC4CA25,TSK3E1ED5,96,0.3369,32.3424
STU05A561,CRSC4CA25,TSK7A4BAF,63,0.6001,37.8063
STU05A561,CRSC4CA25,TSKF3B6AB,56,0.063,3.528
STU05A561,CRSC4CA25,TSK3E1ED5,62,0.3369,20.8878
STU3C6506,CRSC4CA25,TSK7A4BAF,82,0.6001,49.2082
STU3C6506,CRSC4CA25,TSKF3B6AB,94,0.063,5.922
STU3C6506,CRSC4CA25,TSK3E1ED5,100,0.3369,33.69
STU61BFC3,CRSC4CA25,TSK7A4BAF,76,0.6001,45.6076
STU61BFC3,CRSC4CA25,TSKF3B6AB,80,0.063,5.04
STU61BFC3,CRSC4CA25,TSK3E1ED5,71,0.3369,23.9199
STU1FEED9,CRSC4CA25,TSK7A4BAF,27,0.6001,16.2027
STU1FEED9,CRSC4CA25,TSKF3B6AB,28,0.063,1.764
STU1FEED9,CRSC4CA25,TSK3E1ED5,44,0.3369,14.823599999999999
STU4F7F82,CRSC4CA25,TSK7A4BAF,86,0.6001,51.608599999999996
STU4F7F82,CRSC4CA25,TSKF3B6AB,46,0.063,2.898
STU4F7F82,CRSC4CA25,TSK3E1ED5,75,0.3369,25.2675
STUBCE5C0,CRSC4CA25,TSK7A4BAF,23,0.6001,13.802299999999999
STUBCE5C0,CRSC4CA25,TSKF3B6AB,12,0.063,0.756
STUBCE5C0,CRSC4CA25,TSK3E1ED5,18,0.3369,6.0642
STUB43FE0,CRSC4CA25,TSK7A4BAF,0,0.6001,0.0
STUB43FE0,CRSC4CA25,TSKF3B6AB,0,0.063,0.0
STUB43FE0,CRSC4CA25,TSK3E1ED5,59,0.3369,19.8771
STU332250,CRSC4CA25,TSK7A4BAF,53,0.6001,31.8053
STU332250,CRSC4CA25,TSKF3B6AB,50,0.063,3.15
STU332250,CRSC4CA25,TSK3E1ED5,64,0.3369,21.5616
STU72B96E,CRSC4CA25,TSK7A4BAF,29,0.6001,17.4029
STU72B96E,CRSC4CA25,TSKF3B6AB,70,0.063,4.41
STU72B96E,CRSC4CA25,TSK3E1ED5,66,0.3369,22.2354
STUE84615,CRSC4CA25,TSK7A4BAF,0,0.6001,0.0
STUE84615,CRSC4CA25,TSKF3B6AB,59,0.063,3.717
STUE84615,CRSC4CA25,TSK3E1ED5,43,0.3369,14.486699999999999
STUD577C8,CRSC4CA25,TSK7A4BAF,0,0.6001,0.0
STUD577C8,CRSC4CA25,TSKF3B6AB,0,0.063,0.0
STUD577C8,CRSC4CA25,TSK3E1ED5,0,0.3369,0.0
STU806C4E,CRSC4CA25,TSK7A4BAF,65,0.6001,39.006499999999996
STU806C4E,CRSC4CA25,TSKF3B6AB,71,0.063,4.473
STU806C4E,CRSC4CA25,TSK3E1ED5,71,0.3369,23.9199
STU8FF332,CRSC4CA25,TSK7A4BAF,57,0.6001,34.2057
STU8FF332,CRSC4CA25,TSKF3B6AB,54,0.063,3.402
STU8FF332,CRSC4CA25,TSK3E1ED5,48,0.3369,16.1712
STU2570A2,CRSC4CA25,TSK7A4BAF,34,0.6001,20.403399999999998
STU2570A2,CRSC4CA25,TSKF3B6AB,26,0.063,1.638
STU2570A2,CRSC4CA25,TSK3E1ED5,35,0.3369,11.7915
STU59D4C8,CRSC4CA25,TSK7A4BAF,55,0.6001,33.0055
STU59D4C8,CRSC4CA25,TSKF3B6AB,72,0.063,4.536
STU59D4C8,CRSC4CA25,TSK3E1ED5,66,0.3369,22.2354
STU7CAB98,CRSC4CA25,TSK7A4BAF,99,0.6001,59.40989999999999
STU7CAB98,CRSC4CA25,TSKF3B6AB,100,0.063,6.3
STU7CAB98,CRSC4CA25,TSK3E1ED5,100,0.3369,33.69
STUA19A84,CRSC4CA25,TSK7A4BAF,76,0.6001,45.6076
STUA19A84,CRSC4CA25,TSKF3B6AB,75,0.063,4.725
STUA19A84,CRSC4CA25,TSK3E1ED5,64,0.3369,21.5616
STUB0AF19,CRSC4CA25,TSK7A4BAF,0,0.6001,0.0
STUB0AF19,CRSC4CA25,TSKF3B6AB,0,0.063,0.0
STUB0AF19,CRSC4CA25,TSK3E1ED5,54,0.3369,18.1926
STU04DB2B,CRS5227CE,TSKCB81CC,0,1.0,0.0
STU983BF7,CRS5227CE,TSKCB81CC,0,1.0,0.0
STU4A5D4A,CRS5227CE,TSKCB81CC,56,1.0,56.0
STU97117F,CRS5227CE,TSKCB81CC,56,1.0,56.0
STU352FC9,CRS5227CE,TSKCB81CC,61,1.0,61.0
STU9B114D,CRS5227CE,TSKCB81CC,51,1.0,51.0
STU2470E0,CRS5227CE,TSKCB81CC,85,1.0,85.0
STU8C97B5,CRS5227CE,TSKCB81CC,56,1.0,56.0
STU9DAD1E,CRS5227CE,TSKCB81CC,23,1.0,23.0
STUF6A728,CRS5227CE,TSKCB81CC,70,1.0,70.0
STU812B7E,CRS5227CE,TSKCB81CC,53,1.0,53.0
STU61C272,CRS5227CE,TSKCB81CC,84,1.0,84.0
STU831C91,CRS5227CE,TSKCB81CC,54,1.0,54.0
STU3A873D,CRS5227CE,TSKCB81CC,96,1.0,96.0
STU461AEC,CRS5227CE,TSKCB81CC,58,1.0,58.0
STUBB7508,CRS5227CE,TSKCB81CC,93,1.0,93.0
STU9A461D,CRS5227CE,TSKCB81CC,82,1.0,82.0
STU7A8F2C,CRS5227CE,TSKCB81CC,28,1.0,28.0
STU016E1C,CRS5227CE,TSKCB81CC,92,1.0,92.0
STUB97B02,CRS5227CE,TSKCB81CC,73,1.0,73.0
STU872DD6,CRS5227CE,TSKCB81CC,56,1.0,56.0
STUBCBC57,CRS5227CE,TSKCB81CC,83,1.0,83.0
STUB6D2DB,CRS5227CE,TSKCB81CC,92,1.0,92.0
STU765664,CRS5227CE,TSKCB81CC,27,1.0,27.0
STU0E0219,CRS5227CE,TSKCB81CC,77,1.0,77.0
STU6C92F1,CRS5227CE,TSKCB81CC,72,1.0,72.0
STU69DBEE,CRS5227CE,TSKCB81CC,75,1.0,75.0
STU7288A4,CRS5227CE,TSKCB81CC,30,1.0,30.0
STU64F0B2,CRS5227CE,TSKCB81CC,98,1.0,98.0
STUAF24B0,CRS5227CE,TSKCB81CC,0,1.0,0.0
STUFAE9D9,CRS5227CE,TSKCB81CC,88,1.0,88.0
STUC65F0B,CRS5227CE,TSKCB81CC,52,1.0,52.0
STU6B08CC,CRS5227CE,TSKCB81CC,93,1.0,93.0
STU9A441E,CRS5227CE,TSKCB81CC,61,1.0,61.0
STU88508C,CRS5227CE,TSKCB81CC,0,1.0,0.0
STUBE033F,CRS5227CE,TSKCB81CC,42,1.0,42.0
STUD46740,CRS5227CE,TSKCB81CC,0,1.0,0.0
STU2F9639,CRS5227CE,TSKCB81CC,100,1.0,100.0
STU7ACDD4,CRS5227CE,TSKCB81CC,76,1.0,76.0
STU38CC80,CRS5227CE,TSKCB81CC,64,1.0,64.0
STU1FF6F0,CRS42FB5E,TSKE634A1,79,1.0,79.0
STU15A236,CRS42FB5E,TSKE634A1,0,1.0,0.0
STUC22F29,CRS42FB5E,TSKE634A1,66,1.0,66.0
STUEB61B8,CRS42FB5E,TSKE634A1,85,1.0,85.0
STUEF6B4B,CRS42FB5E,TSKE634A1,32,1.0,32.0
STU58BF00,CRS42FB5E,TSKE634A1,81,1.0,81.0
STU26FD30,CRS42FB5E,TSKE634A1,22,1.0,22.0
STU87B533,CRS42FB5E,TSKE634A1,71,1.0,71.0
STUB86D74,CRS42FB5E,TSKE634A1,78,1.0,78.0
STUDEF9FB,CRS42FB5E,TSKE634A1,73,1.0,73.0
STUD405A8,CRS42FB5E,TSKE634A1,0,1.0,0.0
STUBEA241,CRS42FB5E,TSKE634A1,65,1.0,65.0
STUF21C28,CRS42FB5E,TSKE634A1,0,1.0,0.0
STU86FABC,CRS42FB5E,TSKE634A1,32,1.0,32.0
STU8C9882,CRS42FB5E,TSKE634A1,32,1.0,32.0
STU6DE700,CRS42FB5E,TSKE634A1,0,1.0,0.0
STU7C2628,CRS42FB5E,TSKE634A1,76,1.0,76.0
STUFACFF6,CRS42FB5E,TSKE634A1,22,1.0,22.0
STU160325,CRS42FB5E,TSKE634A1,85,1.0,85.0
STUC454E8,CRS42FB5E,TSKE634A1,0,1.0,0.0
STU7D3D60,CRS42FB5E,TSKE634A1,73,1.0,73.0
STU3F7BE2,CRS42FB5E,TSKE634A1,96,1.0,96.0
STU164F09,CRS42FB5E,TSKE634A1,84,1.0,84.0
STU468EDE,CRS42FB5E,TSKE634A1,81,1.0,81.0
STU6282DE,CRS42FB5E,TSKE634A1,34,1.0,34.0
STUD49CA6,CRS42FB5E,TSKE634A1,87,1.0,87.0
STUBB47DC,CRS42FB5E,TSKE634A1,49,1.0,49.0
STU2AA4CE,CRS42FB5E,TSKE634A1,20,1.0,20.0
STUAA8792,CRS42FB5E,TSKE634A1,23,1.0,23.0
STU0E1DC5,CRS42FB5E,TSKE634A1,0,1.0,0.0
STUD74F8C,CRS42FB5E,TSKE634A1,0,1.0,0.0
STU9FD3E2,CRS42FB5E,TSKE634A1,19,1.0,19.0
STU7C19D3,CRS42FB5E,TSKE634A1,40,1.0,40.0
STUB79AD5,CRS42FB5E,TSKE634A1,0,1.0,0.0
STUB4B788,CRS42FB5E,TSKE634A1,90,1.0,90.0
STU5729AA,CRS42FB5E,TSKE634A1,65,1.0,65.0
STU8373C7,CRS42FB5E,TSKE634A1,86,1.0,86.0
STU84AC02,CRS42FB5E,TSKE634A1,40,1.0,40.0
STU3B334F,CRS42FB5E,TSKE634A1,95,1.0,95.0
STU2AE269,CRS42FB5E,TSKE634A1,68,1.0,68.0
STUF8401D,CRSC615BF,TSK0CFA58,100,0.0172,1.72
STUF8401D,CRSC615BF,TSK6E8710,100,0.6403,64.03
STUF8401D,CRSC615BF,TSK22191B,93,0.3424,31.8432
STU345960,CRSC615BF,TSK0CFA58,33,0.0172,0.5676
STU345960,CRSC615BF,TSK6E8710,23,0.6403,14.726899999999999
STU345960,CRSC615BF,TSK22191B,24,0.3424,8.2176
STUB278A7,CRSC615BF,TSK0CFA58,0,0.0172,0.0
STUB278A7,CRSC615BF,TSK6E8710,0,0.6403,0.0
STUB278A7,CRSC615BF,TSK22191B,0,0.3424,0.0
STUB280FE,CRSC615BF,TSK0CFA58,89,0.0172,1.5308
STUB280FE,CRSC615BF,TSK6E8710,82,0.6403,52.504599999999996
STUB280FE,CRSC615BF,TSK22191B,80,0.3424,27.392
STU43ED3B,CRSC615BF,TSK0CFA58,51,0.0172,0.8772
STU43ED3B,CRSC615BF,TSK6E8710,40,0.6403,25.612
STU43ED3B,CRSC615BF,TSK22191B,58,0.3424,19.859199999999998
STU95B5DC,CRSC615BF,TSK0CFA58,0,0.0172,0.0
STU95B5DC,CRSC615BF,TSK6E8710,49,0.6403,31.3747
STU95B5DC,CRSC615BF,TSK22191B,0,0.3424,0.0
STUD84B2B,CRSC615BF,TSK0CFA58,87,0.0172,1.4964
STUD84B2B,CRSC615BF,TSK6E8710,81,0.6403,51.8643
STUD84B2B,CRSC615BF,TSK22191B,79,0.3424,27.049599999999998
STU7B396D,CRSC615BF,TSK0CFA58,33,0.0172,0.5676
STU7B396D,CRSC615BF,TSK6E8710,44,0.6403,28.173199999999998
STU7B396D,CRSC615BF,TSK22191B,36,0.3424,12.3264
STUA53784,CRSC615BF,TSK0CFA58,79,0.0172,1.3588
STUA53784,CRSC615BF,TSK6E8710,63,0.6403,40.338899999999995
STUA53784,CRSC615BF,TSK22191B,73,0.3424,24.995199999999997
STUF7D9A0,CRSC615BF,TSK0CFA58,57,0.0172,0.9804
STUF7D9A0,CRSC615BF,TSK6E8710,0,0.6403,0.0
STUF7D9A0,CRSC615BF,TSK22191B,0,0.3424,0.0
STUC4ED99,CRSC615BF,TSK0CFA58,88,0.0172,1.5136
STUC4ED99,CRSC615BF,TSK6E8710,59,0.6403,37.777699999999996
STUC4ED99,CRSC615BF,TSK22191B,72,0.3424,24.6528
STU36E469,CRSC615BF,TSK0CFA58,98,0.0172,1.6856
STU36E469,CRSC615BF,TSK6E8710,100,0.6403,64.03
STU36E469,CRSC615BF,TSK22191B,94,0.3424,32.1856
STU7305A7,CRSC615BF,TSK0CFA58,0,0.0172,0.0
STU7305A7,CRSC615BF,TSK6E8710,6,0.6403,3.8418
STU7305A7,CRSC615BF,TSK22191B,0,0.3424,0.0
STU8A5214,CRSC615BF,TSK0CFA58,79,0.0172,1.3588
STU8A5214,CRSC615BF,TSK6E8710,67,0.6403,42.9001
STU8A5214,CRSC615BF,TSK22191B,68,0.3424,23.283199999999997
STUAF4ED6,CRSC615BF,TSK0CFA58,91,0.0172,1.5652
STUAF4ED6,CRSC615BF,TSK6E8710,100,0.6403,64.03
STUAF4ED6,CRSC615BF,TSK22191B,83,0.3424,28.4192
STU10CFF3,CRSC615BF,TSK0CFA58,62,0.0172,1.0664
STU10CFF3,CRSC615BF,TSK6E8710,74,0.6403,47.3822
STU10CFF3,CRSC615BF,TSK22191B,57,0.3424,19.5168
STUE00A0E,CRSC615BF,TSK0CFA58,38,0.0172,0.6536
STUE00A0E,CRSC615BF,TSK6E8710,39,0.6403,24.9717
STUE00A0E,CRSC615BF,TSK22191B,20,0.3424,6.848
STU46A291,CRSC615BF,TSK0CFA58,77,0.0172,1.3244
STU46A291,CRSC615BF,TSK6E8710,59,0.6403,37.777699999999996
STU46A291,CRSC615BF,TSK22191B,72,0.3424,24.6528
STUF0087D,CRSC615BF,TSK0CFA58,77,0.0172,1.3244
STUF0087D,CRSC615BF,TSK6E8710,70,0.6403,44.821
STUF0087D,CRSC615BF,TSK22191B,72,0.3424,24.6528
STU23E845,CRSC615BF,TSK0CFA58,78,0.0172,1.3416
STU23E845,CRSC615BF,TSK6E8710,77,0.6403,49.3031
STU23E845,CRSC615BF,TSK22191B,75,0.3424,25.68
STUBCF145,CRSC615BF,TSK0CFA58,68,0.0172,1.1696
STUBCF145,CRSC615BF,TSK6E8710,52,0.6403,33.2956
STUBCF145,CRSC615BF,TSK22191B,81,0.3424,27.734399999999997
STUAEE5C7,CRSC615BF,TSK0CFA58,46,0.0172,0.7912
STUAEE5C7,CRSC615BF,TSK6E8710,61,0.6403,39.058299999999996
STUAEE5C7,CRSC615BF,TSK22191B,51,0.3424,17.4624
STU0421BC,CRSC615BF,TSK0CFA58,0,0.0172,0.0
STU0421BC,CRSC615BF,TSK6E8710,0,0.6403,0.0
STU0421BC,CRSC615BF,TSK22191B,0,0.3424,0.0
STUB9E291,CRSC615BF,TSK0CFA58,74,0.0172,1.2728
STUB9E291,CRSC615BF,TSK6E8710,71,0.6403,45.4613
STUB9E291,CRSC615BF,TSK22191B,62,0.3424,21.2288
STU377E49,CRSC615BF,TSK0CFA58,24,0.0172,0.4128
STU377E49,CRSC615BF,TSK6E8710,28,0.6403,17.9284
STU377E49,CRSC615BF,TSK22191B,44,0.3424,15.0656
STU598377,CRSC615BF,TSK0CFA58,0,0.0172,0.0
STU598377,CRSC615BF,TSK6E8710,30,0.6403,19.209
STU598377,CRSC615BF,TSK22191B,0,0.3424,0.0
STU15443D,CRSC615BF,TSK0CFA58,59,0.0172,1.0148
STU15443D,CRSC615BF,TSK6E8710,51,0.6403,32.6553
STU15443D,CRSC615BF,TSK22191B,68,0.3424,23.283199999999997
STU7C74CB,CRSC615BF,TSK0CFA58,51,0.0172,0.8772
STU7C74CB,CRSC615BF,TSK6E8710,0,0.6403,0.0
STU7C74CB,CRSC615BF,TSK22191B,0,0.3424,0.0
STU50077E,CRSC615BF,TSK0CFA58,36,0.0172,0.6192
STU50077E,CRSC615BF,TSK6E8710,30,0.6403,19.209
STU50077E,CRSC615BF,TSK22191B,36,0.3424,12.3264
STUBD1B44,CRSC615BF,TSK0CFA58,32,0.0172,0.5504
STUBD1B44,CRSC615BF,TSK6E8710,28,0.6403,17.9284
STUBD1B44,CRSC615BF,TSK22191B,34,0.3424,11.641599999999999
STU8BF2FC,CRSC615BF,TSK0CFA58,7,0.0172,0.12040000000000001
STU8BF2FC,CRSC615BF,TSK6E8710,26,0.6403,16.6478
STU8BF2FC,CRSC615BF,TSK22191B,11,0.3424,3.7664
STU180B2D,CRSC615BF,TSK0CFA58,86,0.0172,1.4792
STU180B2D,CRSC615BF,TSK6E8710,52,0.6403,33.2956
STU180B2D,CRSC615BF,TSK22191B,77,0.3424,26.3648
STUCC446A,CRSC615BF,TSK0CFA58,62,0.0172,1.0664
STUCC446A,CRSC615BF,TSK6E8710,64,0.6403,40.9792
STUCC446A,CRSC615BF,TSK22191B,51,0.3424,17.4624
STU98E164,CRSC615BF,TSK0CFA58,84,0.0172,1.4448
STU98E164,CRSC615BF,TSK6E8710,84,0.6403,53.785199999999996
STU98E164,CRSC615BF,TSK22191B,77,0.3424,26.3648
STUD6ED3C,CRSC615BF,TSK0CFA58,98,0.0172,1.6856
STUD6ED3C,CRSC615BF,TSK6E8710,93,0.6403,59.5479
STUD6ED3C,CRSC615BF,TSK22191B,89,0.3424,30.473599999999998
STU124094,CRSC615BF,TSK0CFA58,77,0.0172,1.3244
STU124094,CRSC615BF,TSK6E8710,70,0.6403,44.821
STU124094,CRSC615BF,TSK22191B,75,0.3424,25.68
STUCD427D,CRSC615BF,TSK0CFA58,34,0.0172,0.5848
STUCD427D,CRSC615BF,TSK6E8710,44,0.6403,28.173199999999998
STUCD427D,CRSC615BF,TSK22191B,29,0.3424,9.929599999999999
STU30995A,CRSC615BF,TSK0CFA58,68,0.0172,1.1696
STU30995A,CRSC615BF,TSK6E8710,64,0.6403,40.9792
STU30995A,CRSC615BF,TSK22191B,51,0.3424,17.4624
STUCE3C88,CRSC615BF,TSK0CFA58,51,0.0172,0.8772
STUCE3C88,CRSC615BF,TSK6E8710,55,0.6403,35.216499999999996
STUCE3C88,CRSC615BF,TSK22191B,67,0.3424,22.9408
STUC34DE0,CRSC615BF,TSK0CFA58,72,0.0172,1.2384
STUC34DE0,CRSC615BF,TSK6E8710,52,0.6403,33.2956
STUC34DE0,CRSC615BF,TSK22191B,71,0.3424,24.310399999999998
STUB08B33,CRS446F01,TSK3D840D,66,1.0,66.0
STU0FD6DF,CRS446F01,TSK3D840D,50,1.0,50.0
STUF23A04,CRS446F01,TSK3D840D,0,1.0,0.0
STU270E2E,CRS446F01,TSK3D840D,72,1.0,72.0
STUFA0769,CRS446F01,TSK3D840D,0,1.0,0.0
STU0DBD07,CRS446F01,TSK3D840D,81,1.0,81.0
STU550F6A,CRS446F01,TSK3D840D,33,1.0,33.0
STUE2A636,CRS446F01,TSK3D840D,84,1.0,84.0
STUA386E7,CRS446F01,TSK3D840D,0,1.0,0.0
STU3D7AC5,CRS446F01,TSK3D840D,88,1.0,88.0
STU6828CA,CRS446F01,TSK3D840D,43,1.0,43.0
STUE5BD31,CRS446F01,TSK3D840D,0,1.0,0.0
STUDAA302,CRS446F01,TSK3D840D,71,1.0,71.0
STU3F0FA0,CRS446F01,TSK3D840D,0,1.0,0.0
STU029D42,CRS446F01,TSK3D840D,88,1.0,88.0
STUFF1BED,CRS446F01,TSK3D840D,21,1.0,21.0
STU9BEB84,CRS446F01,TSK3D840D,78,1.0,78.0
STU8274B5,CRS446F01,TSK3D840D,55,1.0,55.0
STU37CD02,CRS446F01,TSK3D840D,74,1.0,74.0
STU9A568F,CRS446F01,TSK3D840D,88,1.0,88.0
STU188BE8,CRS446F01,TSK3D840D,44,1.0,44.0
STU263EF2,CRS446F01,TSK3D840D,91,1.0,91.0
STU29FD69,CRS446F01,TSK3D840D,35,1.0,35.0
STU6C3818,CRS446F01,TSK3D840D,0,1.0,0.0
STU4D7DC3,CRS446F01,TSK3D840D,0,1.0,0.0
STU47EBE1,CRS446F01,TSK3D840D,100,1.0,100.0
STU3BE9A9,CRS446F01,TSK3D840D,0,1.0,0.0
STUA31CE5,CRS446F01,TSK3D840D,92,1.0,92.0
STU846CAF,CRS446F01,TSK3D840D,71,1.0,71.0
STU5255D4,CRS446F01,TSK3D840D,85,1.0,85.0
STU2B8076,CRS446F01,TSK3D840D,84,1.0,84.0
STUCC5A2A,CRS446F01,TSK3D840D,57,1.0,57.0
STUF9997D,CRS446F01,TSK3D840D,39,1.0,39.0
STU09660C,CRS446F01,TSK3D840D,0,1.0,0.0
STU0E9E28,CRS446F01,TSK3D840D,81,1.0,81.0
STU9FA268,CRS446F01,TSK3D840D,14,1.0,14.0
STUF4B701,CRS446F01,TSK3D840D,43,1.0,43.0
STU414465,CRS446F01,TSK3D840D,75,1.0,75.0
STU99C0ED,CRS446F01,TSK3D840D,0,1.0,0.0
STU78D484,CRS446F01,TSK3D840D,0,1.0,0.0
STUA6DA26,CRS088411,TSKEB8ECA,94,0.6248,58.7312
STUA6DA26,CRS088411,TSK64F8DB,100,0.3752,37.519999999999996
STU025935,CRS088411,TSKEB8ECA,88,0.6248,54.9824
STU025935,CRS088411,TSK64F8DB,82,0.3752,30.766399999999997
STU8D3A51,CRS088411,TSKEB8ECA,28,0.6248,17.4944
STU8D3A51,CRS088411,TSK64F8DB,52,0.3752,19.510399999999997
STU9B6322,CRS088411,TSKEB8ECA,48,0.6248,29.9904
STU9B6322,CRS088411,TSK64F8DB,69,0.3752,25.8888
STU57FA27,CRS088411,TSKEB8ECA,0,0.6248,0.0
STU57FA27,CRS088411,TSK64F8DB,0,0.3752,0.0
STU7E76EE,CRS088411,TSKEB8ECA,92,0.6248,57.4816
STU7E76EE,CRS088411,TSK64F8DB,91,0.3752,34.1432
STUB96F28,CRS088411,TSKEB8ECA,16,0.6248,9.9968
STUB96F28,CRS088411,TSK64F8DB,29,0.3752,10.880799999999999
STU9797B2,CRS088411,TSKEB8ECA,88,0.6248,54.9824
STU9797B2,CRS088411,TSK64F8DB,77,0.3752,28.8904
STUB8511A,CRS088411,TSKEB8ECA,51,0.6248,31.864800000000002
STUB8511A,CRS088411,TSK64F8DB,81,0.3752,30.391199999999998
STU7AC435,CRS088411,TSKEB8ECA,0,0.6248,0.0
STU7AC435,CRS088411,TSK64F8DB,0,0.3752,0.0
STU6A37E4,CRS088411,TSKEB8ECA,83,0.6248,51.8584
STU6A37E4,CRS088411,TSK64F8DB,70,0.3752,26.264
STU4A70E1,CRS088411,TSKEB8ECA,100,0.6248,62.480000000000004
STU4A70E1,CRS088411,TSK64F8DB,81,0.3752,30.391199999999998
STU7F4C4B,CRS088411,TSKEB8ECA,0,0.6248,0.0
STU7F4C4B,CRS088411,TSK64F8DB,0,0.3752,0.0
STUE17255,CRS088411,TSKEB8ECA,89,0.6248,55.6072
STUE17255,CRS088411,TSK64F8DB,88,0.3752,33.0176
STU4BBFAD,CRS088411,TSKEB8ECA,99,0.6248,61.8552
STU4BBFAD,CRS088411,TSK64F8DB,92,0.3752,34.5184
STU24A097,CRS088411,TSKEB8ECA,0,0.6248,0.0
STU24A097,CRS088411,TSK64F8DB,0,0.3752,0.0
STUED4B8A,CRS088411,TSKEB8ECA,44,0.6248,27.4912
STUED4B8A,CRS088411,TSK64F8DB,46,0.3752,17.2592
STU12E41E,CRS088411,TSKEB8ECA,29,0.6248,18.1192
STU12E41E,CRS088411,TSK64F8DB,35,0.3752,13.132
STUA47879,CRS088411,TSKEB8ECA,78,0.6248,48.7344
STUA47879,CRS088411,TSK64F8DB,89,0.3752,33.3928
STU179B8C,CRS088411,TSKEB8ECA,0,0.6248,0.0
STU179B8C,CRS088411,TSK64F8DB,36,0.3752,13.5072
STU143AE0,CRS088411,TSKEB8ECA,30,0.6248,18.744
STU143AE0,CRS088411,TSK64F8DB,0,0.3752,0.0
STUD15F88,CRS088411,TSKEB8ECA,96,0.6248,59.9808
STUD15F88,CRS088411,TSK64F8DB,77,0.3752,28.8904
STU175F0F,CRS088411,TSKEB8ECA,17,0.6248,10.6216
STU175F0F,CRS088411,TSK64F8DB,13,0.3752,4.877599999999999
STU4B4E7C,CRS088411,TSKEB8ECA,30,0.6248,18.744
STU4B4E7C,CRS088411,TSK64F8DB,20,0.3752,7.504
STU131EDC,CRS088411,TSKEB8ECA,28,0.6248,17.4944
STU131EDC,CRS088411,TSK64F8DB,61,0.3752,22.8872
STU1007CE,CRS088411,TSKEB8ECA,50,0.6248,31.240000000000002
STU1007CE,CRS088411,TSK64F8DB,62,0.3752,23.2624
STU3AC16D,CRS088411,TSKEB8ECA,62,0.6248,38.7376
STU3AC16D,CRS088411,TSK64F8DB,76,0.3752,28.5152
STU390A33,CRS088411,TSKEB8ECA,49,0.6248,30.6152
STU390A33,CRS088411,TSK64F8DB,63,0.3752,23.6376
STU6D713A,CRS088411,TSKEB8ECA,45,0.6248,28.116
STU6D713A,CRS088411,TSK64F8DB,49,0.3752,18.3848
STU57A711,CRS088411,TSKEB8ECA,46,0.6248,28.7408
STU57A711,CRS088411,TSK64F8DB,81,0.3752,30.391199999999998
STU6F57E1,CRS088411,TSKEB8ECA,0,0.6248,0.0
STU6F57E1,CRS088411,TSK64F8DB,0,0.3752,0.0
STUA04F1E,CRS088411,TSKEB8ECA,73,0.6248,45.6104
STUA04F1E,CRS088411,TSK64F8DB,50,0.3752,18.759999999999998
STU1C228F,CRS088411,TSKEB8ECA,5,0.6248,3.124
STU1C228F,CRS088411,TSK64F8DB,9,0.3752,3.3768
STU400336,CRS088411,TSKEB8ECA,72,0.6248,44.985600000000005
STU400336,CRS088411,TSK64F8DB,53,0.3752,19.8856
STU21A37F,CRS088411,TSKEB8ECA,83,0.6248,51.8584
STU21A37F,CRS088411,TSK64F8DB,44,0.3752,16.5088
STUF7D65E,CRS088411,TSKEB8ECA,55,0.6248,34.364000000000004
STUF7D65E,CRS088411,TSK64F8DB,94,0.3752,35.2688
STU1B13BD,CRS088411,TSKEB8ECA,36,0.6248,22.492800000000003
STU1B13BD,CRS088411,TSK64F8DB,32,0.3752,12.0064
STU899E64,CRS088411,TSKEB8ECA,60,0.6248,37.488
STU899E64,CRS088411,TSK64F8DB,0,0.3752,0.0
STUDC19C3,CRS088411,TSKEB8ECA,33,0.6248,20.6184
STUDC19C3,CRS088411,TSK64F8DB,36,0.3752,13.5072
STUB5FB84,CRS088411,TSKEB8ECA,100,0.6248,62.480000000000004
STUB5FB84,CRS088411,TSK64F8DB,99,0.3752,37.1448
STU7EA974,CRS63A4C9,TSK346191,0,1.0,0.0
STU907FA9,CRS63A4C9,TSK346191,57,1.0,57.0
STUA33347,CRS63A4C9,TSK346191,68,1.0,68.0
STU2ED24D,CRS63A4C9,TSK346191,38,1.0,38.0
STUD18E60,CRS63A4C9,TSK346191,88,1.0,88.0
STU515DDC,CRS63A4C9,TSK346191,32,1.0,32.0
STUEFE33E,CRS63A4C9,TSK346191,0,1.0,0.0
STU9D9128,CRS63A4C9,TSK346191,81,1.0,81.0
STU2CB4AE,CRS63A4C9,TSK346191,40,1.0,40.0
STU2234D8,CRS63A4C9,TSK346191,0,1.0,0.0
STUC2D751,CRS63A4C9,TSK346191,65,1.0,65.0
STU4E76AD,CRS63A4C9,TSK346191,93,1.0,93.0
STU4FDC0E,CRS63A4C9,TSK346191,99,1.0,99.0
STU0AED1D,CRS63A4C9,TSK346191,28,1.0,28.0
STUA4C099,CRS63A4C9,TSK346191,100,1.0,100.0
STUC7F4FE,CRS63A4C9,TSK346191,85,1.0,85.0
STUF01963,CRS63A4C9,TSK346191,96,1.0,96.0
STU8373C7,CRS63A4C9,TSK346191,44,1.0,44.0
STU8C3DEE,CRS63A4C9,TSK346191,0,1.0,0.0
STU4C0FFD,CRS63A4C9,TSK346191,45,1.0,45.0
STUE08138,CRS63A4C9,TSK346191,93,1.0,93.0
STUF38672,CRS63A4C9,TSK346191,31,1.0,31.0
STUA37DAF,CRS63A4C9,TSK346191,69,1.0,69.0
STU8620A2,CRS63A4C9,TSK346191,69,1.0,69.0
STU85BE64,CRS63A4C9,TSK346191,44,1.0,44.0
STU647A33,CRS63A4C9,TSK346191,0,1.0,0.0
STU5791C0,CRS63A4C9,TSK346191,56,1.0,56.0
STUCC11E5,CRS63A4C9,TSK346191,50,1.0,50.0
STU6F8AC5,CRS63A4C9,TSK346191,20,1.0,20.0
STU2498D9,CRS63A4C9,TSK346191,67,1.0,67.0
STU944FC9,CRS63A4C9,TSK346191,0,1.0,0.0
STU53E878,CRS63A4C9,TSK346191,48,1.0,48.0
STUF9E547,CRS63A4C9,TSK346191,91,1.0,91.0
STUB1BCC7,CRS63A4C9,TSK346191,24,1.0,24.0
STUF96557,CRS63A4C9,TSK346191,6,1.0,6.0
STU93D2A9,CRS63A4C9,TSK346191,79,1.0,79.0
STU5D6DB3,CRS63A4C9,TSK346191,84,1.0,84.0
STU774203,CRS63A4C9,TSK346191,47,1.0,47.0
STU1F9C7B,CRS63A4C9,TSK346191,0,1.0,0.0
STU655E45,CRS63A4C9,TSK346191,0,1.0,0.0
STU30B431,CRS9E6805,TSK498348,42,1.0,42.0
STU6DB0B9,CRS9E6805,TSK498348,89,1.0,89.0
STU6DE33E,CRS9E6805,TSK498348,0,1.0,0.0
STUF9EBAB,CRS9E6805,TSK498348,46,1.0,46.0
STU24455A,CRS9E6805,TSK498348,27,1.0,27.0
STU1332FA,CRS9E6805,TSK498348,21,1.0,21.0
STU6EB901,CRS9E6805,TSK498348,78,1.0,78.0
STUED7D84,CRS9E6805,TSK498348,71,1.0,71.0
STUABAEDA,CRS9E6805,TSK498348,35,1.0,35.0
STU517595,CRS9E6805,TSK498348,92,1.0,92.0
STUB22F3B,CRS9E6805,TSK498348,81,1.0,81.0
STUAB0722,CRS9E6805,TSK498348,0,1.0,0.0
STU14E106,CRS9E6805,TSK498348,59,1.0,59.0
STU10B1B2,CRS9E6805,TSK498348,26,1.0,26.0
STU2F19AC,CRS9E6805,TSK498348,68,1.0,68.0
STUC6D73D,CRS9E6805,TSK498348,64,1.0,64.0
STU3E5709,CRS9E6805,TSK498348,74,1.0,74.0
STUE06CC0,CRS9E6805,TSK498348,18,1.0,18.0
STUB69FA7,CRS9E6805,TSK498348,59,1.0,59.0
STUAB46EA,CRS9E6805,TSK498348,0,1.0,0.0
STUE81F9E,CRS9E6805,TSK498348,75,1.0,75.0
STUDFF1C6,CRS9E6805,TSK498348,65,1.0,65.0
STU2EE21E,CRS9E6805,TSK498348,78,1.0,78.0
STU80BE4B,CRS9E6805,TSK498348,34,1.0,34.0
STU8B035E,CRS9E6805,TSK498348,92,1.0,92.0
STU52AC5C,CRS9E6805,TSK498348,0,1.0,0.0
STUB01A43,CRS9E6805,TSK498348,17,1.0,17.0
STU1B5DBD,CRS9E6805,TSK498348,51,1.0,51.0
STU3A9DB9,CRS9E6805,TSK498348,100,1.0,100.0
STU38AB9F,CRS9E6805,TSK498348,56,1.0,56.0
STU1C5A6E,CRS9E6805,TSK498348,27,1.0,27.0
STUF2324B,CRS9E6805,TSK498348,28,1.0,28.0
STU817F8A,CRS9E6805,TSK498348,0,1.0,0.0
STUD7541F,CRS9E6805,TSK498348,84,1.0,84.0
STUA9B134,CRS9E6805,TSK498348,64,1.0,64.0
STU3587D9,CRS9E6805,TSK498348,61,1.0,61.0
STU76B966,CRS9E6805,TSK498348,92,1.0,92.0
STU72A4F9,CRS9E6805,TSK498348,0,1.0,0.0
STUE07F38,CRS9E6805,TSK498348,98,1.0,98.0
STU93A8B1,CRS9E6805,TSK498348,0,1.0,0.0
STU2DB6E7,CRSEB447E,TSK1DAF2E,62,1.0,62.0
STU37D259,CRSEB447E,TSK1DAF2E,87,1.0,87.0
STU9CAF3D,CRSEB447E,TSK1DAF2E,91,1.0,91.0
STUC392DB,CRSEB447E,TSK1DAF2E,75,1.0,75.0
STUC23B38,CRSEB447E,TSK1DAF2E,66,1.0,66.0
STUBF6302,CRSEB447E,TSK1DAF2E,64,1.0,64.0
STUF7C71F,CRSEB447E,TSK1DAF2E,99,1.0,99.0
STU8751B7,CRSEB447E,TSK1DAF2E,59,1.0,59.0
STU26B1AA,CRSEB447E,TSK1DAF2E,73,1.0,73.0
STU020C2A,CRSEB447E,TSK1DAF2E,73,1.0,73.0
STU16150B,CRSEB447E,TSK1DAF2E,0,1.0,0.0
STU7D3CC7,CRSEB447E,TSK1DAF2E,0,1.0,0.0
STUDD6221,CRSEB447E,TSK1DAF2E,82,1.0,82.0
STU2476E5,CRSEB447E,TSK1DAF2E,41,1.0,41.0
STU3AF1B5,CRSEB447E,TSK1DAF2E,62,1.0,62.0
STUA3446D,CRSEB447E,TSK1DAF2E,0,1.0,0.0
STU725DBA,CRSEB447E,TSK1DAF2E,65,1.0,65.0
STU7FA373,CRSEB447E,TSK1DAF2E,86,1.0,86.0
STUAEBE96,CRSEB447E,TSK1DAF2E,0,1.0,0.0
STUE5D53A,CRSEB447E,TSK1DAF2E,59,1.0,59.0
STU3C194C,CRSEB447E,TSK1DAF2E,51,1.0,51.0
STU29A2D8,CRSEB447E,TSK1DAF2E,0,1.0,0.0
STU75B7A7,CRSEB447E,TSK1DAF2E,53,1.0,53.0
STU8EB0B2,CRSEB447E,TSK1DAF2E,0,1.0,0.0
STU01B68E,CRSEB447E,TSK1DAF2E,61,1.0,61.0
STU26012D,CRSEB447E,TSK1DAF2E,29,1.0,29.0
STU95385D,CRSEB447E,TSK1DAF2E,24,1.0,24.0
STU75FCB2,CRSEB447E,TSK1DAF2E,46,1.0,46.0
STU727CB3,CRSEB447E,TSK1DAF2E,79,1.0,79.0
STUA3A193,CRSEB447E,TSK1DAF2E,42,1.0,42.0
STU52518C,CRSEB447E,TSK1DAF2E,100,1.0,100.0
STU832EB1,CRSEB447E,TSK1DAF2E,74,1.0,74.0
STUF5CA21,CRSEB447E,TSK1DAF2E,0,1.0,0.0
STU2A8EFA,CRSEB447E,TSK1DAF2E,92,1.0,92.0
STU92E651,CRSEB447E,TSK1DAF2E,80,1.0,80.0
STU42B1E0,CRSEB447E,TSK1DAF2E,25,1.0,25.0
STUFBF300,CRSEB447E,TSK1DAF2E,17,1.0,17.0
STUD084AE,CRSEB447E,TSK1DAF2E,94,1.0,94.0
STU3F10FB,CRSEB447E,TSK1DAF2E,90,1.0,90.0
STU38F54F,CRSEB447E,TSK1DAF2E,76,1.0,76.0
STUD5FA1C,CRS08D714,TSKF0C24B,35,0.854,29.89
STUD5FA1C,CRS08D714,TSK260FAB,42,0.146,6.132
STU98417E,CRS08D714,TSKF0C24B,0,0.854,0.0
STU98417E,CRS08D714,TSK260FAB,0,0.146,0.0
STU68A04E,CRS08D714,TSKF0C24B,0,0.854,0.0
STU68A04E,CRS08D714,TSK260FAB,0,0.146,0.0
STUC632BE,CRS08D714,TSKF0C24B,17,0.854,14.517999999999999
STUC632BE,CRS08D714,TSK260FAB,38,0.146,5.548
STU67132B,CRS08D714,TSKF0C24B,75,0.854,64.05
STU67132B,CRS08D714,TSK260FAB,91,0.146,13.286
STU3B0C58,CRS08D714,TSKF0C24B,83,0.854,70.882
STU3B0C58,CRS08D714,TSK260FAB,83,0.146,12.117999999999999
STUD19BFF,CRS08D714,TSKF0C24B,63,0.854,53.802
STUD19BFF,CRS08D714,TSK260FAB,78,0.146,11.388
STU4D1721,CRS08D714,TSKF0C24B,0,0.854,0.0
STU4D1721,CRS08D714,TSK260FAB,22,0.146,3.2119999999999997
STU5B3745,CRS08D714,TSKF0C24B,44,0.854,37.576
STU5B3745,CRS08D714,TSK260FAB,64,0.146,9.344
STU43623D,CRS08D714,TSKF0C24B,66,0.854,56.364
STU43623D,CRS08D714,TSK260FAB,66,0.146,9.636
STUD07FCC,CRS08D714,TSKF0C24B,0,0.854,0.0
STUD07FCC,CRS08D714,TSK260FAB,0,0.146,0.0
STUC725BE,CRS08D714,TSKF0C24B,0,0.854,0.0
STUC725BE,CRS08D714,TSK260FAB,0,0.146,0.0
STUFBCE73,CRS08D714,TSKF0C24B,98,0.854,83.692
STUFBCE73,CRS08D714,TSK260FAB,100,0.146,14.6
STU960503,CRS08D714,TSKF0C24B,31,0.854,26.474
STU960503,CRS08D714,TSK260FAB,34,0.146,4.9639999999999995
STU17BF79,CRS08D714,TSKF0C24B,72,0.854,61.488
STU17BF79,CRS08D714,TSK260FAB,0,0.146,0.0
STU41417A,CRS08D714,TSKF0C24B,0,0.854,0.0
STU41417A,CRS08D714,TSK260FAB,0,0.146,0.0
STUC338FA,CRS08D714,TSKF0C24B,88,0.854,75.152
STUC338FA,CRS08D714,TSK260FAB,72,0.146,10.511999999999999
STU4E556F,CRS08D714,TSKF0C24B,72,0.854,61.488
STU4E556F,CRS08D714,TSK260FAB,80,0.146,11.68
STUC54D0E,CRS08D714,TSKF0C24B,94,0.854,80.276
STUC54D0E,CRS08D714,TSK260FAB,53,0.146,7.7379999999999995
STU93A7D4,CRS08D714,TSKF0C24B,79,0.854,67.466
STU93A7D4,CRS08D714,TSK260FAB,91,0.146,13.286
STUBC3B04,CRS08D714,TSKF0C24B,86,0.854,73.444
STUBC3B04,CRS08D714,TSK260FAB,76,0.146,11.096
STUC912B5,CRS08D714,TSKF0C24B,47,0.854,40.138
STUC912B5,CRS08D714,TSK260FAB,19,0.146,2.774
STUB2324F,CRS08D714,TSKF0C24B,0,0.854,0.0
STUB2324F,CRS08D714,TSK260FAB,0,0.146,0.0
STUED4B8A,CRS08D714,TSKF0C24B,44,0.854,37.576
STUED4B8A,CRS08D714,TSK260FAB,67,0.146,9.782
STUA40545,CRS08D714,TSKF0C24B,0,0.854,0.0
STUA40545,CRS08D714,TSK260FAB,0,0.146,0.0
STUBF521E,CRS08D714,TSKF0C24B,100,0.854,85.39999999999999
STUBF521E,CRS08D714,TSK260FAB,99,0.146,14.453999999999999
STU621172,CRS08D714,TSKF0C24B,30,0.854,25.62
STU621172,CRS08D714,TSK260FAB,53,0.146,7.7379999999999995
STUDD9EB1,CRS08D714,TSKF0C24B,79,0.854,67.466
STUDD9EB1,CRS08D714,TSK260FAB,79,0.146,11.533999999999999
STU1ED501,CRS08D714,TSKF0C24B,64,0.854,54.656
STU1ED501,CRS08D714,TSK260FAB,69,0.146,10.074
STUCD1F3C,CRS08D714,TSKF0C24B,59,0.854,50.385999999999996
STUCD1F3C,CRS08D714,TSK260FAB,65,0.146,9.49
STU3C0A60,CRS08D714,TSKF0C24B,0,0.854,0.0
STU3C0A60,CRS08D714,TSK260FAB,0,0.146,0.0
STUBAA2E4,CRS08D714,TSKF0C24B,70,0.854,59.78
STUBAA2E4,CRS08D714,TSK260FAB,48,0.146,7.007999999999999
STUF233C3,CRS08D714,TSKF0C24B,65,0.854,55.51
STUF233C3,CRS08D714,TSK260FAB,83,0.146,12.117999999999999
STU59B02A,CRS08D714,TSKF0C24B,0,0.854,0.0
STU59B02A,CRS08D714,TSK260FAB,0,0.146,0.0
STUCAD5E2,CRS08D714,TSKF0C24B,55,0.854,46.97
STUCAD5E2,CRS08D714,TSK260FAB,33,0.146,4.818
STU4DAE16,CRS08D714,TSKF0C24B,80,0.854,68.32
STU4DAE16,CRS08D714,TSK260FAB,82,0.146,11.972
STU84BAEE,CRS08D714,TSKF0C24B,0,0.854,0.0
STU84BAEE,CRS08D714,TSK260FAB,27,0.146,3.9419999999999997
STUE398DD,CRS08D714,TSKF0C24B,41,0.854,35.013999999999996
STUE398DD,CRS08D714,TSK260FAB,33,0.146,4.818
STU61E1AF,CRS08D714,TSKF0C24B,85,0.854,72.59
STU61E1AF,CRS08D714,TSK260FAB,76,0.146,11.096
STU351F35,CRS08D714,TSKF0C24B,84,0.854,71.736
STU351F35,CRS08D714,TSK260FAB,90,0.146,13.139999999999999
STU4337FF,CRSF49A1E,TSKAD98F2,41,1.0,41.0
STU28F473,CRSF49A1E,TSKAD98F2,78,1.0,78.0
STUE64E06,CRSF49A1E,TSKAD98F2,26,1.0,26.0
STU65CD4D,CRSF49A1E,TSKAD98F2,45,1.0,45.0
STU5A11CD,CRSF49A1E,TSKAD98F2,34,1.0,34.0
STUAF07F6,CRSF49A1E,TSKAD98F2,50,1.0,50.0
STU54F194,CRSF49A1E,TSKAD98F2,72,1.0,72.0
STU4BA56B,CRSF49A1E,TSKAD98F2,38,1.0,38.0
STU1FAE4B,CRSF49A1E,TSKAD98F2,50,1.0,50.0
STUC513C1,CRSF49A1E,TSKAD98F2,30,1.0,30.0
STU5B56BB,CRSF49A1E,TSKAD98F2,44,1.0,44.0
STU1AA06B,CRSF49A1E,TSKAD98F2,82,1.0,82.0
STU84BCA3,CRSF49A1E,TSKAD98F2,90,1.0,90.0
STU5A5244,CRSF49A1E,TSKAD98F2,99,1.0,99.0
STU4AA8FB,CRSF49A1E,TSKAD98F2,24,1.0,24.0
STU100278,CRSF49A1E,TSKAD98F2,48,1.0,48.0
STU9AF071,CRSF49A1E,TSKAD98F2,85,1.0,85.0
STUA1F0B3,CRSF49A1E,TSKAD98F2,55,1.0,55.0
STU170DCD,CRSF49A1E,TSKAD98F2,64,1.0,64.0
STU99A81D,CRSF49A1E,TSKAD98F2,89,1.0,89.0
STU786E24,CRSF49A1E,TSKAD98F2,93,1.0,93.0
STUE18803,CRSF49A1E,TSKAD98F2,100,1.0,100.0
STUC10A9B,CRSF49A1E,TSKAD98F2,32,1.0,32.0
STU47FC1F,CRSF49A1E,TSKAD98F2,68,1.0,68.0
STU32734D,CRSF49A1E,TSKAD98F2,82,1.0,82.0
STU9BDF87,CRSF49A1E,TSKAD98F2,43,1.0,43.0
STU92A51B,CRSF49A1E,TSKAD98F2,45,1.0,45.0
STUB4135F,CRSF49A1E,TSKAD98F2,72,1.0,72.0
STU910E26,CRSF49A1E,TSKAD98F2,55,1.0,55.0
STU0C89A0,CRSF49A1E,TSKAD98F2,88,1.0,88.0
STU234CFC,CRSF49A1E,TSKAD98F2,98,1.0,98.0
STU39828C,CRSF49A1E,TSKAD98F2,49,1.0,49.0
STU6331DE,CRSF49A1E,TSKAD98F2,78,1.0,78.0
STU9652D4,CRSF49A1E,TSKAD98F2,83,1.0,83.0
STUE883E1,CRSF49A1E,TSKAD98F2,100,1.0,100.0
STU401F8E,CRSF49A1E,TSKAD98F2,89,1.0,89.0
STU76F26B,CRSF49A1E,TSKAD98F2,78,1.0,78.0
STU792A23,CRSF49A1E,TSKAD98F2,38,1.0,38.0
STUC8B13B,CRSF49A1E,TSKAD98F2,48,1.0,48.0
STUF9EBAB,CRSF49A1E,TSKAD98F2,52,1.0,52.0
STU9BB6AC,CRS6F5FBE,TSKC49216,69,1.0,69.0
STUC8FA5B,CRS6F5FBE,TSKC49216,58,1.0,58.0
STU74F291,CRS6F5FBE,TSKC49216,60,1.0,60.0
STUE2A9A8,CRS6F5FBE,TSKC49216,0,1.0,0.0
STUFFF768,CRS6F5FBE,TSKC49216,32,1.0,32.0
STUEB98CE,CRS6F5FBE,TSKC49216,61,1.0,61.0
STU284272,CRS6F5FBE,TSKC49216,83,1.0,83.0
STU069E5F,CRS6F5FBE,TSKC49216,46,1.0,46.0
STU1B1677,CRS6F5FBE,TSKC49216,52,1.0,52.0
STU78D7A1,CRS6F5FBE,TSKC49216,2,1.0,2.0
STUF0410F,CRS6F5FBE,TSKC49216,40,1.0,40.0
STUDB24CD,CRS6F5FBE,TSKC49216,40,1.0,40.0
STUEDB277,CRS6F5FBE,TSKC49216,62,1.0,62.0
STU73D846,CRS6F5FBE,TSKC49216,71,1.0,71.0
STU32B512,CRS6F5FBE,TSKC49216,72,1.0,72.0
STUA54691,CRS6F5FBE,TSKC49216,20,1.0,20.0
STU9A4B6F,CRS6F5FBE,TSKC49216,100,1.0,100.0
STUDED585,CRS6F5FBE,TSKC49216,28,1.0,28.0
STU37EC29,CRS6F5FBE,TSKC49216,90,1.0,90.0
STU0D50C4,CRS6F5FBE,TSKC49216,72,1.0,72.0
STUA8980E,CRS6F5FBE,TSKC49216,81,1.0,81.0
STUE553AF,CRS6F5FBE,TSKC49216,67,1.0,67.0
STU515FDD,CRS6F5FBE,TSKC49216,17,1.0,17.0
STU1D448A,CRS6F5FBE,TSKC49216,63,1.0,63.0
STU72A4C3,CRS6F5FBE,TSKC49216,91,1.0,91.0
STU9B5426,CRS6F5FBE,TSKC49216,97,1.0,97.0
STU01B68E,CRS6F5FBE,TSKC49216,46,1.0,46.0
STU9055D9,CRS6F5FBE,TSKC49216,72,1.0,72.0
STU7CE9AA,CRS6F5FBE,TSKC49216,90,1.0,90.0
STUC336E5,CRS6F5FBE,TSKC49216,100,1.0,100.0
STUBE00C9,CRS6F5FBE,TSKC49216,28,1.0,28.0
STUC6BFC4,CRS6F5FBE,TSKC49216,69,1.0,69.0
STUEBC3A5,CRS6F5FBE,TSKC49216,93,1.0,93.0
STU6B4A53,CRS6F5FBE,TSKC49216,93,1.0,93.0
STU93A0B1,CRS6F5FBE,TSKC49216,70,1.0,70.0
STUD553C7,CRS6F5FBE,TSKC49216,58,1.0,58.0
STU7538C2,CRS6F5FBE,TSKC49216,20,1.0,20.0
STU5CECC1,CRS6F5FBE,TSKC49216,0,1.0,0.0
STU351F35,CRS6F5FBE,TSKC49216,17,1.0,17.0
STU85618E,CRS6F5FBE,TSKC49216,0,1.0,0.0
STU0ACF0F,CRSC227CB,TSK43CDC7,42,0.5768,24.2256
STU0ACF0F,CRSC227CB,TSK070903,58,0.4232,24.5456
STU4AD628,CRSC227CB,TSK43CDC7,31,0.5768,17.8808
STU4AD628,CRSC227CB,TSK070903,57,0.4232,24.122400000000003
STU54BDDC,CRSC227CB,TSK43CDC7,75,0.5768,43.26
STU54BDDC,CRSC227CB,TSK070903,71,0.4232,30.0472
STU983CEB,CRSC227CB,TSK43CDC7,35,0.5768,20.188
STU983CEB,CRSC227CB,TSK070903,22,0.4232,9.310400000000001
STU2A7FE3,CRSC227CB,TSK43CDC7,0,0.5768,0.0
STU2A7FE3,CRSC227CB,TSK070903,0,0.4232,0.0
STU37CD02,CRSC227CB,TSK43CDC7,55,0.5768,31.724
STU37CD02,CRSC227CB,TSK070903,69,0.4232,29.2008
STUA9974C,CRSC227CB,TSK43CDC7,65,0.5768,37.492
STUA9974C,CRSC227CB,TSK070903,64,0.4232,27.0848
STUFC4312,CRSC227CB,TSK43CDC7,72,0.5768,41.5296
STUFC4312,CRSC227CB,TSK070903,64,0.4232,27.0848
STU10AE18,CRSC227CB,TSK43CDC7,82,0.5768,47.297599999999996
STU10AE18,CRSC227CB,TSK070903,67,0.4232,28.354400000000002
STUA1CC67,CRSC227CB,TSK43CDC7,66,0.5768,38.068799999999996
STUA1CC67,CRSC227CB,TSK070903,72,0.4232,30.4704
STU9B1397,CRSC227CB,TSK43CDC7,38,0.5768,21.9184
STU9B1397,CRSC227CB,TSK070903,31,0.4232,13.119200000000001
STUBEF441,CRSC227CB,TSK43CDC7,61,0.5768,35.184799999999996
STUBEF441,CRSC227CB,TSK070903,45,0.4232,19.044
STUABABB0,CRSC227CB,TSK43CDC7,14,0.5768,8.075199999999999
STUABABB0,CRSC227CB,TSK070903,28,0.4232,11.8496
STUEBF81F,CRSC227CB,TSK43CDC7,86,0.5768,49.6048
STUEBF81F,CRSC227CB,TSK070903,98,0.4232,41.473600000000005
STU2CB06F,CRSC227CB,TSK43CDC7,78,0.5768,44.9904
STU2CB06F,CRSC227CB,TSK070903,81,0.4232,34.2792
STU67D958,CRSC227CB,TSK43CDC7,100,0.5768,57.68
STU67D958,CRSC227CB,TSK070903,88,0.4232,37.241600000000005
STUA7C9B6,CRSC227CB,TSK43CDC7,19,0.5768,10.9592
STUA7C9B6,CRSC227CB,TSK070903,29,0.4232,12.2728
STU828570,CRSC227CB,TSK43CDC7,29,0.5768,16.7272
STU828570,CRSC227CB,TSK070903,33,0.4232,13.9656
STU246BCB,CRSC227CB,TSK43CDC7,65,0.5768,37.492
STU246BCB,CRSC227CB,TSK070903,65,0.4232,27.508000000000003
STUCDF1E2,CRSC227CB,TSK43CDC7,64,0.5768,36.9152
STUCDF1E2,CRSC227CB,TSK070903,58,0.4232,24.5456
STU3BBFA8,CRSC227CB,TSK43CDC7,18,0.5768,10.3824
STU3BBFA8,CRSC227CB,TSK070903,24,0.4232,10.1568
STU433E4E,CRSC227CB,TSK43CDC7,82,0.5768,47.297599999999996
STU433E4E,CRSC227CB,TSK070903,80,0.4232,33.856
STUBE4F85,CRSC227CB,TSK43CDC7,85,0.5768,49.028
STUBE4F85,CRSC227CB,TSK070903,97,0.4232,41.0504
STUFD6029,CRSC227CB,TSK43CDC7,67,0.5768,38.6456
STUFD6029,CRSC227CB,TSK070903,66,0.4232,27.9312
STUCB3460,CRSC227CB,TSK43CDC7,76,0.5768,43.8368
STUCB3460,CRSC227CB,TSK070903,81,0.4232,34.2792
STUAE7675,CRSC227CB,TSK43CDC7,71,0.5768,40.952799999999996
STUAE7675,CRSC227CB,TSK070903,90,0.4232,38.088
STU82AD88,CRSC227CB,TSK43CDC7,25,0.5768,14.42
STU82AD88,CRSC227CB,TSK070903,30,0.4232,12.696000000000002
STU85C387,CRSC227CB,TSK43CDC7,55,0.5768,31.724
STU85C387,CRSC227CB,TSK070903,63,0.4232,26.6616
STU571A00,CRSC227CB,TSK43CDC7,15,0.5768,8.652
STU571A00,CRSC227CB,TSK070903,12,0.4232,5.0784
STU440DBF,CRSC227CB,TSK43CDC7,92,0.5768,53.065599999999996
STU440DBF,CRSC227CB,TSK070903,79,0.4232,33.4328
STU521685,CRSC227CB,TSK43CDC7,37,0.5768,21.3416
STU521685,CRSC227CB,TSK070903,39,0.4232,16.5048
STUA00795,CRSC227CB,TSK43CDC7,53,0.5768,30.5704
STUA00795,CRSC227CB,TSK070903,57,0.4232,24.122400000000003
STUF57AC9,CRSC227CB,TSK43CDC7,26,0.5768,14.9968
STUF57AC9,CRSC227CB,TSK070903,52,0.4232,22.0064
STU643E77,CRSC227CB,TSK43CDC7,76,0.5768,43.8368
STU643E77,CRSC227CB,TSK070903,73,0.4232,30.893600000000003
STUF8C6FC,CRSC227CB,TSK43CDC7,52,0.5768,29.9936
STUF8C6FC,CRSC227CB,TSK070903,48,0.4232,20.3136
STUCC7B6E,CRSC227CB,TSK43CDC7,55,0.5768,31.724
STUCC7B6E,CRSC227CB,TSK070903,37,0.4232,15.6584
STUF89C6E,CRSC227CB,TSK43CDC7,63,0.5768,36.3384
STUF89C6E,CRSC227CB,TSK070903,68,0.4232,28.7776
STU5C6550,CRSC227CB,TSK43CDC7,24,0.5768,13.8432
STU5C6550,CRSC227CB,TSK070903,27,0.4232,11.426400000000001
STUBDC8A1,CRSC227CB,TSK43CDC7,67,0.5768,38.6456
STUBDC8A1,CRSC227CB,TSK070903,42,0.4232,17.7744
STUEA62CA,CRSC227CB,TSK43CDC7,0,0.5768,0.0
STUEA62CA,CRSC227CB,TSK070903,0,0.4232,0.0
STUFD0FC3,CRS94D1D4,TSK8B2EE0,44,0.5191,22.8404
STUFD0FC3,CRS94D1D4,TSK4538AC,21,0.0054,0.1134
STUFD0FC3,CRS94D1D4,TSKFD317E,24,0.1154,2.7696
STUFD0FC3,CRS94D1D4,TSK74B637,42,0.3601,15.124199999999998
STUA23006,CRS94D1D4,TSK8B2EE0,0,0.5191,0.0
STUA23006,CRS94D1D4,TSK4538AC,0,0.0054,0.0
STUA23006,CRS94D1D4,TSKFD317E,0,0.1154,0.0
STUA23006,CRS94D1D4,TSK74B637,43,0.3601,15.4843
STU5F8CB7,CRS94D1D4,TSK8B2EE0,0,0.5191,0.0
STU5F8CB7,CRS94D1D4,TSK4538AC,0,0.0054,0.0
STU5F8CB7,CRS94D1D4,TSKFD317E,0,0.1154,0.0
STU5F8CB7,CRS94D1D4,TSK74B637,34,0.3601,12.2434
STU5F3AAB,CRS94D1D4,TSK8B2EE0,42,0.5191,21.8022
STU5F3AAB,CRS94D1D4,TSK4538AC,30,0.0054,0.162
STU5F3AAB,CRS94D1D4,TSKFD317E,63,0.1154,7.2702
STU5F3AAB,CRS94D1D4,TSK74B637,48,0.3601,17.284799999999997
STUE277B6,CRS94D1D4,TSK8B2EE0,93,0.5191,48.2763
STUE277B6,CRS94D1D4,TSK4538AC,61,0.0054,0.3294
STUE277B6,CRS94D1D4,TSKFD317E,59,0.1154,6.8086
STUE277B6,CRS94D1D4,TSK74B637,88,0.3601,31.688799999999997
STU938C35,CRS94D1D4,TSK8B2EE0,71,0.5191,36.8561
STU938C35,CRS94D1D4,TSK4538AC,81,0.0054,0.4374
STU938C35,CRS94D1D4,TSKFD317E,73,0.1154,8.4242
STU938C35,CRS94D1D4,TSK74B637,76,0.3601,27.3676
STU84F74F,CRS94D1D4,TSK8B2EE0,80,0.5191,41.528
STU84F74F,CRS94D1D4,TSK4538AC,82,0.0054,0.4428
STU84F74F,CRS94D1D4,TSKFD317E,74,0.1154,8.5396
STU84F74F,CRS94D1D4,TSK74B637,82,0.3601,29.5282
STU653D91,CRS94D1D4,TSK8B2EE0,96,0.5191,49.833600000000004
STU653D91,CRS94D1D4,TSK4538AC,82,0.0054,0.4428
STU653D91,CRS94D1D4,TSKFD317E,100,0.1154,11.540000000000001
STU653D91,CRS94D1D4,TSK74B637,94,0.3601,33.849399999999996
STU49C839,CRS94D1D4,TSK8B2EE0,56,0.5191,29.0696
STU49C839,CRS94D1D4,TSK4538AC,57,0.0054,0.3078
STU49C839,CRS94D1D4,TSKFD317E,76,0.1154,8.7704
STU49C839,CRS94D1D4,TSK74B637,52,0.3601,18.725199999999997
STUE36127,CRS94D1D4,TSK8B2EE0,48,0.5191,24.916800000000002
STUE36127,CRS94D1D4,TSK4538AC,55,0.0054,0.29700000000000004
STUE36127,CRS94D1D4,TSKFD317E,21,0.1154,2.4234
STUE36127,CRS94D1D4,TSK74B637,51,0.3601,18.365099999999998
STU4BF025,CRS94D1D4,TSK8B2EE0,97,0.5191,50.3527
STU4BF025,CRS94D1D4,TSK4538AC,93,0.0054,0.5022
STU4BF025,CRS94D1D4,TSKFD317E,85,0.1154,9.809000000000001
STU4BF025,CRS94D1D4,TSK74B637,83,0.3601,29.888299999999997
STUE9CA6F,CRS94D1D4,TSK8B2EE0,70,0.5191,36.337
STUE9CA6F,CRS94D1D4,TSK4538AC,93,0.0054,0.5022
STUE9CA6F,CRS94D1D4,TSKFD317E,99,0.1154,11.4246
STUE9CA6F,CRS94D1D4,TSK74B637,90,0.3601,32.409
STUA8C532,CRS94D1D4,TSK8B2EE0,73,0.5191,37.8943
STUA8C532,CRS94D1D4,TSK4538AC,82,0.0054,0.4428
STUA8C532,CRS94D1D4,TSKFD317E,75,0.1154,8.655
STUA8C532,CRS94D1D4,TSK74B637,66,0.3601,23.766599999999997
STU9AF8CD,CRS94D1D4,TSK8B2EE0,100,0.5191,51.910000000000004
STU9AF8CD,CRS94D1D4,TSK4538AC,85,0.0054,0.459
STU9AF8CD,CRS94D1D4,TSKFD317E,100,0.1154,11.540000000000001
STU9AF8CD,CRS94D1D4,TSK74B637,92,0.3601,33.1292
STU3A08DA,CRS94D1D4,TSK8B2EE0,44,0.5191,22.8404
STU3A08DA,CRS94D1D4,TSK4538AC,40,0.0054,0.21600000000000003
STU3A08DA,CRS94D1D4,TSKFD317E,35,0.1154,4.039
STU3A08DA,CRS94D1D4,TSK74B637,49,0.3601,17.6449
STUAEBE96,CRS94D1D4,TSK8B2EE0,62,0.5191,32.1842
STUAEBE96,CRS94D1D4,TSK4538AC,40,0.0054,0.21600000000000003
STUAEBE96,CRS94D1D4,TSKFD317E,56,0.1154,6.462400000000001
STUAEBE96,CRS94D1D4,TSK74B637,50,0.3601,18.005
STU37E739,CRS94D1D4,TSK8B2EE0,31,0.5191,16.0921
STU37E739,CRS94D1D4,TSK4538AC,18,0.0054,0.09720000000000001
STU37E739,CRS94D1D4,TSKFD317E,0,0.1154,0.0
STU37E739,CRS94D1D4,TSK74B637,0,0.3601,0.0
STU814D93,CRS94D1D4,TSK8B2EE0,42,0.5191,21.8022
STU814D93,CRS94D1D4,TSK4538AC,83,0.0054,0.44820000000000004
STU814D93,CRS94D1D4,TSKFD317E,75,0.1154,8.655
STU814D93,CRS94D1D4,TSK74B637,69,0.3601,24.846899999999998
STU1B663E,CRS94D1D4,TSK8B2EE0,21,0.5191,10.9011
STU1B663E,CRS94D1D4,TSK4538AC,19,0.0054,0.10260000000000001
STU1B663E,CRS94D1D4,TSKFD317E,23,0.1154,2.6542
STU1B663E,CRS94D1D4,TSK74B637,32,0.3601,11.5232
STU1D2399,CRS94D1D4,TSK8B2EE0,55,0.5191,28.5505
STU1D2399,CRS94D1D4,TSK4538AC,51,0.0054,0.27540000000000003
STU1D2399,CRS94D1D4,TSKFD317E,66,0.1154,7.6164000000000005
STU1D2399,CRS94D1D4,TSK74B637,80,0.3601,28.808
STUE2B4F6,CRS94D1D4,TSK8B2EE0,89,0.5191,46.1999
STUE2B4F6,CRS94D1D4,TSK4538AC,72,0.0054,0.38880000000000003
STUE2B4F6,CRS94D1D4,TSKFD317E,83,0.1154,9.5782
STUE2B4F6,CRS94D1D4,TSK74B637,75,0.3601,27.007499999999997
STU6DF869,CRS94D1D4,TSK8B2EE0,70,0.5191,36.337
STU6DF869,CRS94D1D4,TSK4538AC,63,0.0054,0.3402
STU6DF869,CRS94D1D4,TSKFD317E,53,0.1154,6.1162
STU6DF869,CRS94D1D4,TSK74B637,65,0.3601,23.406499999999998
STU2D8DBD,CRS94D1D4,TSK8B2EE0,0,0.5191,0.0
STU2D8DBD,CRS94D1D4,TSK4538AC,0,0.0054,0.0
STU2D8DBD,CRS94D1D4,TSKFD317E,0,0.1154,0.0
STU2D8DBD,CRS94D1D4,TSK74B637,0,0.3601,0.0
STU91F5C0,CRS94D1D4,TSK8B2EE0,49,0.5191,25.4359
STU91F5C0,CRS94D1D4,TSK4538AC,50,0.0054,0.27
STU91F5C0,CRS94D1D4,TSKFD317E,49,0.1154,5.6546
STU91F5C0,CRS94D1D4,TSK74B637,46,0.3601,16.5646
STUC292CF,CRS94D1D4,TSK8B2EE0,100,0.5191,51.910000000000004
STUC292CF,CRS94D1D4,TSK4538AC,100,0.0054,0.54
STUC292CF,CRS94D1D4,TSKFD317E,72,0.1154,8.3088
STUC292CF,CRS94D1D4,TSK74B637,71,0.3601,25.5671
STU560D74,CRS94D1D4,TSK8B2EE0,8,0.5191,4.1528
STU560D74,CRS94D1D4,TSK4538AC,10,0.0054,0.054000000000000006
STU560D74,CRS94D1D4,TSKFD317E,11,0.1154,1.2694
STU560D74,CRS94D1D4,TSK74B637,13,0.3601,4.681299999999999
STU4AA2CA,CRS94D1D4,TSK8B2EE0,75,0.5191,38.9325
STU4AA2CA,CRS94D1D4,TSK4538AC,71,0.0054,0.3834
STU4AA2CA,CRS94D1D4,TSKFD317E,61,0.1154,7.0394000000000005
STU4AA2CA,CRS94D1D4,TSK74B637,69,0.3601,24.846899999999998
STUFFF768,CRS94D1D4,TSK8B2EE0,54,0.5191,28.0314
STUFFF768,CRS94D1D4,TSK4538AC,48,0.0054,0.2592
STUFFF768,CRS94D1D4,TSKFD317E,65,0.1154,7.501
STUFFF768,CRS94D1D4,TSK74B637,59,0.3601,21.2459
STU4408AA,CRS94D1D4,TSK8B2EE0,78,0.5191,40.4898
STU4408AA,CRS94D1D4,TSK4538AC,63,0.0054,0.3402
STU4408AA,CRS94D1D4,TSKFD317E,75,0.1154,8.655
STU4408AA,CRS94D1D4,TSK74B637,87,0.3601,31.328699999999998
STUA28E2F,CRS94D1D4,TSK8B2EE0,12,0.5191,6.2292000000000005
STUA28E2F,CRS94D1D4,TSK4538AC,30,0.0054,0.162
STUA28E2F,CRS94D1D4,TSKFD317E,35,0.1154,4.039
STUA28E2F,CRS94D1D4,TSK74B637,37,0.3601,13.323699999999999
STU3CA915,CRS94D1D4,TSK8B2EE0,92,0.5191,47.7572
STU3CA915,CRS94D1D4,TSK4538AC,94,0.0054,0.5076
STU3CA915,CRS94D1D4,TSKFD317E,45,0.1154,5.1930000000000005
STU3CA915,CRS94D1D4,TSK74B637,53,0.3601,19.0853
STU64070B,CRS94D1D4,TSK8B2EE0,74,0.5191,38.4134
STU64070B,CRS94D1D4,TSK4538AC,59,0.0054,0.3186
STU64070B,CRS94D1D4,TSKFD317E,66,0.1154,7.6164000000000005
STU64070B,CRS94D1D4,TSK74B637,76,0.3601,27.3676
STU761EED,CRS94D1D4,TSK8B2EE0,39,0.5191,20.2449
STU761EED,CRS94D1D4,TSK4538AC,52,0.0054,0.2808
STU761EED,CRS94D1D4,TSKFD317E,62,0.1154,7.1548
STU761EED,CRS94D1D4,TSK74B637,58,0.3601,20.8858
STU797C23,CRS94D1D4,TSK8B2EE0,51,0.5191,26.4741
STU797C23,CRS94D1D4,TSK4538AC,28,0.0054,0.1512
STU797C23,CRS94D1D4,TSKFD317E,43,0.1154,4.9622
STU797C23,CRS94D1D4,TSK74B637,28,0.3601,10.082799999999999
STUA51E88,CRS94D1D4,TSK8B2EE0,0,0.5191,0.0
STUA51E88,CRS94D1D4,TSK4538AC,32,0.0054,0.1728
STUA51E88,CRS94D1D4,TSKFD317E,0,0.1154,0.0
STUA51E88,CRS94D1D4,TSK74B637,0,0.3601,0.0
STUFFDB9D,CRS94D1D4,TSK8B2EE0,0,0.5191,0.0
STUFFDB9D,CRS94D1D4,TSK4538AC,0,0.0054,0.0
STUFFDB9D,CRS94D1D4,TSKFD317E,54,0.1154,6.2316
STUFFDB9D,CRS94D1D4,TSK74B637,0,0.3601,0.0
STUE71FFC,CRS94D1D4,TSK8B2EE0,0,0.5191,0.0
STUE71FFC,CRS94D1D4,TSK4538AC,0,0.0054,0.0
STUE71FFC,CRS94D1D4,TSKFD317E,16,0.1154,1.8464
STUE71FFC,CRS94D1D4,TSK74B637,0,0.3601,0.0
STU55E05E,CRS94D1D4,TSK8B2EE0,16,0.5191,8.3056
STU55E05E,CRS94D1D4,TSK4538AC,34,0.0054,0.1836
STU55E05E,CRS94D1D4,TSKFD317E,34,0.1154,3.9236
STU55E05E,CRS94D1D4,TSK74B637,30,0.3601,10.802999999999999
STU08720F,CRS94D1D4,TSK8B2EE0,74,0.5191,38.4134
STU08720F,CRS94D1D4,TSK4538AC,99,0.0054,0.5346000000000001
STU08720F,CRS94D1D4,TSKFD317E,90,0.1154,10.386000000000001
STU08720F,CRS94D1D4,TSK74B637,76,0.3601,27.3676
STUF0B275,CRS94D1D4,TSK8B2EE0,22,0.5191,11.4202
STUF0B275,CRS94D1D4,TSK4538AC,53,0.0054,0.2862
STUF0B275,CRS94D1D4,TSKFD317E,0,0.1154,0.0
STUF0B275,CRS94D1D4,TSK74B637,0,0.3601,0.0
STU6A84B3,CRS9A7763,TSKB13F7D,41,1.0,41.0
STUD713AB,CRS9A7763,TSKB13F7D,91,1.0,91.0
STU931F16,CRS9A7763,TSKB13F7D,0,1.0,0.0
STU2572BA,CRS9A7763,TSKB13F7D,60,1.0,60.0
STU69FF64,CRS9A7763,TSKB13F7D,9,1.0,9.0
STU23F667,CRS9A7763,TSKB13F7D,0,1.0,0.0
STUB1902D,CRS9A7763,TSKB13F7D,95,1.0,95.0
STU0F13B0,CRS9A7763,TSKB13F7D,43,1.0,43.0
STUCBEF0A,CRS9A7763,TSKB13F7D,44,1.0,44.0
STUFFF26A,CRS9A7763,TSKB13F7D,81,1.0,81.0
STUF7A1E2,CRS9A7763,TSKB13F7D,24,1.0,24.0
STUE8BB01,CRS9A7763,TSKB13F7D,57,1.0,57.0
STU59860F,CRS9A7763,TSKB13F7D,0,1.0,0.0
STU235773,CRS9A7763,TSKB13F7D,64,1.0,64.0
STU2F0BEE,CRS9A7763,TSKB13F7D,79,1.0,79.0
STU1CD5A2,CRS9A7763,TSKB13F7D,58,1.0,58.0
STUD43D04,CRS9A7763,TSKB13F7D,62,1.0,62.0
STU722DF0,CRS9A7763,TSKB13F7D,56,1.0,56.0
STU00B11A,CRS9A7763,TSKB13F7D,12,1.0,12.0
STU70CF6D,CRS9A7763,TSKB13F7D,51,1.0,51.0
STU160264,CRS9A7763,TSKB13F7D,0,1.0,0.0
STU99F309,CRS9A7763,TSKB13F7D,68,1.0,68.0
STU8CAD2A,CRS9A7763,TSKB13F7D,75,1.0,75.0
STU2570A2,CRS9A7763,TSKB13F7D,39,1.0,39.0
STU0574A6,CRS9A7763,TSKB13F7D,38,1.0,38.0
STU8BE327,CRS9A7763,TSKB13F7D,70,1.0,70.0
STUBE9C3F,CRS9A7763,TSKB13F7D,18,1.0,18.0
STUCE78B4,CRS9A7763,TSKB13F7D,91,1.0,91.0
STU5E73F7,CRS9A7763,TSKB13F7D,81,1.0,81.0
STUC5D2DE,CRS9A7763,TSKB13F7D,0,1.0,0.0
STUE97E82,CRS9A7763,TSKB13F7D,79,1.0,79.0
STUE80CF1,CRS9A7763,TSKB13F7D,41,1.0,41.0
STUA18042,CRS9A7763,TSKB13F7D,90,1.0,90.0
STUE94CEC,CRS9A7763,TSKB13F7D,95,1.0,95.0
STUD56D06,CRS9A7763,TSKB13F7D,0,1.0,0.0
STU7CA56A,CRS9A7763,TSKB13F7D,47,1.0,47.0
STU70553F,CRS9A7763,TSKB13F7D,67,1.0,67.0
STUCB4F90,CRS9A7763,TSKB13F7D,0,1.0,0.0
STU098D98,CRS9A7763,TSKB13F7D,0,1.0,0.0
STU117631,CRS9A7763,TSKB13F7D,26,1.0,26.0
STU15D29A,CRS7D6945,TSK3708FF,0,1.0,0.0
STU777F69,CRS7D6945,TSK3708FF,31,1.0,31.0
STU8F6292,CRS7D6945,TSK3708FF,27,1.0,27.0
STUA57681,CRS7D6945,TSK3708FF,87,1.0,87.0
STUD4AF02,CRS7D6945,TSK3708FF,51,1.0,51.0
STU4EA0DD,CRS7D6945,TSK3708FF,54,1.0,54.0
STUE5079C,CRS7D6945,TSK3708FF,69,1.0,69.0
STU2D32B4,CRS7D6945,TSK3708FF,91,1.0,91.0
STU877AA3,CRS7D6945,TSK3708FF,14,1.0,14.0
STUEC7F8C,CRS7D6945,TSK3708FF,70,1.0,70.0
STU26B1E3,CRS7D6945,TSK3708FF,83,1.0,83.0
STUBB6430,CRS7D6945,TSK3708FF,74,1.0,74.0
STUD87B64,CRS7D6945,TSK3708FF,100,1.0,100.0
STU91F969,CRS7D6945,TSK3708FF,30,1.0,30.0
STUADE737,CRS7D6945,TSK3708FF,68,1.0,68.0
STU7B176B,CRS7D6945,TSK3708FF,70,1.0,70.0
STU0D8247,CRS7D6945,TSK3708FF,24,1.0,24.0
STUD9EB61,CRS7D6945,TSK3708FF,52,1.0,52.0
STU83A294,CRS7D6945,TSK3708FF,41,1.0,41.0
STU250CE3,CRS7D6945,TSK3708FF,75,1.0,75.0
STU0E8F6C,CRS7D6945,TSK3708FF,0,1.0,0.0
STU4C4631,CRS7D6945,TSK3708FF,73,1.0,73.0
STU4EC312,CRS7D6945,TSK3708FF,95,1.0,95.0
STU09E91E,CRS7D6945,TSK3708FF,73,1.0,73.0
STUD846E1,CRS7D6945,TSK3708FF,18,1.0,18.0
STUF4171F,CRS7D6945,TSK3708FF,71,1.0,71.0
STUD0FDB6,CRS7D6945,TSK3708FF,90,1.0,90.0
STU7B34A9,CRS7D6945,TSK3708FF,40,1.0,40.0
STU6331DE,CRS7D6945,TSK3708FF,66,1.0,66.0
STU3968AF,CRS7D6945,TSK3708FF,63,1.0,63.0
STU8E97C7,CRS7D6945,TSK3708FF,96,1.0,96.0
STUA33AC5,CRS7D6945,TSK3708FF,8,1.0,8.0
STU0E3B78,CRS7D6945,TSK3708FF,83,1.0,83.0
STU56EEBA,CRS7D6945,TSK3708FF,54,1.0,54.0
STUF0C425,CRS7D6945,TSK3708FF,83,1.0,83.0
STUB6A48B,CRS7D6945,TSK3708FF,77,1.0,77.0
STU2099EA,CRS7D6945,TSK3708FF,87,1.0,87.0
STU1A72EC,CRS7D6945,TSK3708FF,0,1.0,0.0
STU5AD9E0,CRS7D6945,TSK3708FF,67,1.0,67.0
STUFF0166,CRS7D6945,TSK3708FF,80,1.0,80.0
STUCBB35B,CRSB6F765,TSK0CE76E,53,0.2021,10.7113
STUCBB35B,CRSB6F765,TSKF26E44,71,0.459,32.589
STUCBB35B,CRSB6F765,TSK1834A6,55,0.3388,18.634
STU59AE15,CRSB6F765,TSK0CE76E,45,0.2021,9.0945
STU59AE15,CRSB6F765,TSKF26E44,33,0.459,15.147
STU59AE15,CRSB6F765,TSK1834A6,51,0.3388,17.2788
STU618FEC,CRSB6F765,TSK0CE76E,81,0.2021,16.3701
STU618FEC,CRSB6F765,TSKF26E44,68,0.459,31.212
STU618FEC,CRSB6F765,TSK1834A6,77,0.3388,26.0876
STUB39ED0,CRSB6F765,TSK0CE76E,0,0.2021,0.0
STUB39ED0,CRSB6F765,TSKF26E44,0,0.459,0.0
STUB39ED0,CRSB6F765,TSK1834A6,0,0.3388,0.0
STU52BEE8,CRSB6F765,TSK0CE76E,93,0.2021,18.7953
STU52BEE8,CRSB6F765,TSKF26E44,100,0.459,45.9
STU52BEE8,CRSB6F765,TSK1834A6,95,0.3388,32.186
STU81A229,CRSB6F765,TSK0CE76E,79,0.2021,15.9659
STU81A229,CRSB6F765,TSKF26E44,80,0.459,36.72
STU81A229,CRSB6F765,TSK1834A6,90,0.3388,30.491999999999997
STUE40A08,CRSB6F765,TSK0CE76E,82,0.2021,16.5722
STUE40A08,CRSB6F765,TSKF26E44,83,0.459,38.097
STUE40A08,CRSB6F765,TSK1834A6,70,0.3388,23.716
STU5A5C8A,CRSB6F765,TSK0CE76E,50,0.2021,10.105
STU5A5C8A,CRSB6F765,TSKF26E44,47,0.459,21.573
STU5A5C8A,CRSB6F765,TSK1834A6,33,0.3388,11.180399999999999
STUADE2A9,CRSB6F765,TSK0CE76E,47,0.2021,9.4987
STUADE2A9,CRSB6F765,TSKF26E44,0,0.459,0.0
STUADE2A9,CRSB6F765,TSK1834A6,0,0.3388,0.0
STU6B975F,CRSB6F765,TSK0CE76E,83,0.2021,16.7743
STU6B975F,CRSB6F765,TSKF26E44,79,0.459,36.261
STU6B975F,CRSB6F765,TSK1834A6,69,0.3388,23.3772
STU25957E,CRSB6F765,TSK0CE76E,78,0.2021,15.7638
STU25957E,CRSB6F765,TSKF26E44,80,0.459,36.72
STU25957E,CRSB6F765,TSK1834A6,76,0.3388,25.7488
STU9FFA33,CRSB6F765,TSK0CE76E,87,0.2021,17.5827
STU9FFA33,CRSB6F765,TSKF26E44,73,0.459,33.507
STU9FFA33,CRSB6F765,TSK1834A6,65,0.3388,22.022
STU3DA904,CRSB6F765,TSK0CE76E,26,0.2021,5.2546
STU3DA904,CRSB6F765,TSKF26E44,18,0.459,8.262
STU3DA904,CRSB6F765,TSK1834A6,30,0.3388,10.164
STU4E2E07,CRSB6F765,TSK0CE76E,83,0.2021,16.7743
STU4E2E07,CRSB6F765,TSKF26E44,80,0.459,36.72
STU4E2E07,CRSB6F765,TSK1834A6,82,0.3388,27.781599999999997
STUD0E749,CRSB6F765,TSK0CE76E,26,0.2021,5.2546
STUD0E749,CRSB6F765,TSKF26E44,28,0.459,12.852
STUD0E749,CRSB6F765,TSK1834A6,17,0.3388,5.7596
STU0C9625,CRSB6F765,TSK0CE76E,94,0.2021,18.9974
STU0C9625,CRSB6F765,TSKF26E44,70,0.459,32.13
STU0C9625,CRSB6F765,TSK1834A6,75,0.3388,25.41
STUAF416E,CRSB6F765,TSK0CE76E,0,0.2021,0.0
STUAF416E,CRSB6F765,TSKF26E44,25,0.459,11.475
STUAF416E,CRSB6F765,TSK1834A6,43,0.3388,14.5684
STUCA6EFD,CRSB6F765,TSK0CE76E,63,0.2021,12.7323
STUCA6EFD,CRSB6F765,TSKF26E44,67,0.459,30.753
STUCA6EFD,CRSB6F765,TSK1834A6,74,0.3388,25.071199999999997
STU785719,CRSB6F765,TSK0CE76E,53,0.2021,10.7113
STU785719,CRSB6F765,TSKF26E44,77,0.459,35.343
STU785719,CRSB6F765,TSK1834A6,67,0.3388,22.6996
STU4A21C2,CRSB6F765,TSK0CE76E,46,0.2021,9.2966
STU4A21C2,CRSB6F765,TSKF26E44,33,0.459,15.147
STU4A21C2,CRSB6F765,TSK1834A6,42,0.3388,14.2296
STU203224,CRSB6F765,TSK0CE76E,0,0.2021,0.0
STU203224,CRSB6F765,TSKF26E44,44,0.459,20.196
STU203224,CRSB6F765,TSK1834A6,0,0.3388,0.0
STUA8A9EF,CRSB6F765,TSK0CE76E,66,0.2021,13.3386
STUA8A9EF,CRSB6F765,TSKF26E44,63,0.459,28.917
STUA8A9EF,CRSB6F765,TSK1834A6,54,0.3388,18.2952
STUF35660,CRSB6F765,TSK0CE76E,0,0.2021,0.0
STUF35660,CRSB6F765,TSKF26E44,0,0.459,0.0
STUF35660,CRSB6F765,TSK1834A6,0,0.3388,0.0
STU02D4E3,CRSB6F765,TSK0CE76E,76,0.2021,15.3596
STU02D4E3,CRSB6F765,TSKF26E44,61,0.459,27.999000000000002
STU02D4E3,CRSB6F765,TSK1834A6,52,0.3388,17.6176
STU76A912,CRSB6F765,TSK0CE76E,91,0.2021,18.3911
STU76A912,CRSB6F765,TSKF26E44,76,0.459,34.884
STU76A912,CRSB6F765,TSK1834A6,86,0.3388,29.1368
STU032906,CRSB6F765,TSK0CE76E,0,0.2021,0.0
STU032906,CRSB6F765,TSKF26E44,0,0.459,0.0
STU032906,CRSB6F765,TSK1834A6,0,0.3388,0.0
STUA30046,CRSB6F765,TSK0CE76E,0,0.2021,0.0
STUA30046,CRSB6F765,TSKF26E44,0,0.459,0.0
STUA30046,CRSB6F765,TSK1834A6,0,0.3388,0.0
STU4F7A62,CRSB6F765,TSK0CE76E,69,0.2021,13.9449
STU4F7A62,CRSB6F765,TSKF26E44,35,0.459,16.065
STU4F7A62,CRSB6F765,TSK1834A6,61,0.3388,20.6668
STUD8D545,CRSB6F765,TSK0CE76E,90,0.2021,18.189
STUD8D545,CRSB6F765,TSKF26E44,64,0.459,29.376
STUD8D545,CRSB6F765,TSK1834A6,100,0.3388,33.879999999999995
STU5C2FB3,CRSB6F765,TSK0CE76E,63,0.2021,12.7323
STU5C2FB3,CRSB6F765,TSKF26E44,77,0.459,35.343
STU5C2FB3,CRSB6F765,TSK1834A6,65,0.3388,22.022
STUD37A0B,CRSB6F765,TSK0CE76E,0,0.2021,0.0
STUD37A0B,CRSB6F765,TSKF26E44,0,0.459,0.0
STUD37A0B,CRSB6F765,TSK1834A6,39,0.3388,13.2132
STU96C811,CRSB6F765,TSK0CE76E,60,0.2021,12.126
STU96C811,CRSB6F765,TSKF26E44,74,0.459,33.966
STU96C811,CRSB6F765,TSK1834A6,58,0.3388,19.650399999999998
STU7A88A3,CRSB6F765,TSK0CE76E,17,0.2021,3.4357
STU7A88A3,CRSB6F765,TSKF26E44,9,0.459,4.131
STU7A88A3,CRSB6F765,TSK1834A6,12,0.3388,4.0656
STUB23037,CRSB6F765,TSK0CE76E,60,0.2021,12.126
STUB23037,CRSB6F765,TSKF26E44,0,0.459,0.0
STUB23037,CRSB6F765,TSK1834A6,0,0.3388,0.0
STUBE62A3,CRSB6F765,TSK0CE76E,57,0.2021,11.5197
STUBE62A3,CRSB6F765,TSKF26E44,30,0.459,13.770000000000001
STUBE62A3,CRSB6F765,TSK1834A6,24,0.3388,8.1312
STU33A238,CRSB6F765,TSK0CE76E,41,0.2021,8.2861
STU33A238,CRSB6F765,TSKF26E44,50,0.459,22.95
STU33A238,CRSB6F765,TSK1834A6,47,0.3388,15.9236
STUC945D7,CRSB6F765,TSK0CE76E,81,0.2021,16.3701
STUC945D7,CRSB6F765,TSKF26E44,72,0.459,33.048
STUC945D7,CRSB6F765,TSK1834A6,85,0.3388,28.798
STUF2C834,CRSB6F765,TSK0CE76E,52,0.2021,10.5092
STUF2C834,CRSB6F765,TSKF26E44,53,0.459,24.327
STUF2C834,CRSB6F765,TSK1834A6,55,0.3388,18.634
STU99DFAF,CRSB6F765,TSK0CE76E,92,0.2021,18.5932
STU99DFAF,CRSB6F765,TSKF26E44,91,0.459,41.769
STU99DFAF,CRSB6F765,TSK1834A6,79,0.3388,26.7652
STUFB49C7,CRSB6F765,TSK0CE76E,66,0.2021,13.3386
STUFB49C7,CRSB6F765,TSKF26E44,58,0.459,26.622
STUFB49C7,CRSB6F765,TSK1834A6,49,0.3388,16.6012
